response,rt,participant_id,ab_nominal
0,1.4546,708,0.05
0,2.0167,708,0.05
1,0.9597,708,0.05
1,0.9102,708,0.05
0,1.0218,708,0.05
1,1.7226,708,0.05
1,2.4916,708,0.05
1,1.9404,708,0.05
0,1.1724,708,10.0
1,1.0646,708,10.0
1,0.7834,708,10.0
1,0.925,708,10.0
1,1.8895,708,10.0
1,1.4822,708,10.0
1,1.5836,708,10.0
1,1.1668,708,10.0
0,1.5238,708,10.0
1,0.8947,708,10.0
0,1.3337,708,10.0
0,1.3169,708,10.0
1,0.7001,708,10.0
1,0.7466,708,10.0
1,2.0,708,10.0
1,1.3959,708,10.0
1,1.1504,708,0.05
0,0.7499,708,0.05
1,1.2337,708,0.05
0,1.4504,708,0.05
0,0.9501,708,0.05
1,0.7505,708,0.05
1,0.7163,708,0.05
1,1.0003,708,0.05
1,1.2171,708,0.05
0,1.2493,708,0.05
1,1.4672,708,0.05
1,1.3533,708,0.05
1,0.9439,708,0.05
0,1.4741,708,0.05
1,1.2104,708,0.05
1,1.1013,708,0.05
0,0.9971,708,0.05
1,1.6615,708,0.05
0,1.0835,708,0.05
1,0.9841,708,0.05
0,1.514,708,0.05
1,1.3341,708,10.0
1,1.2999,708,10.0
0,0.8664,708,10.0
1,1.0329,708,10.0
0,1.5287,708,10.0
1,1.9168,708,10.0
0,1.0007,708,10.0
0,1.1152,708,10.0
1,1.0489,708,10.0
1,2.0334,708,10.0
1,1.7341,708,10.0
1,0.9485,708,10.0
1,2.4832,708,10.0
0,1.3817,708,0.05
1,1.0665,708,0.05
1,1.3501,708,0.05
0,1.0658,708,0.05
0,0.7489,708,0.05
1,0.9142,708,0.05
1,1.2977,708,0.05
1,2.1,708,0.05
1,1.7503,708,10.0
1,1.1669,708,10.0
1,0.9331,708,10.0
1,2.2985,708,10.0
1,1.2054,708,10.0
1,2.2282,708,0.05
1,0.8572,708,0.05
0,1.8773,708,0.05
0,0.9092,708,0.05
1,0.8119,708,0.05
1,1.0258,708,0.05
1,1.0572,708,0.05
1,0.8602,708,10.0
1,0.8941,708,10.0
1,1.3728,708,10.0
1,1.9228,708,10.0
1,0.9431,708,10.0
1,2.2269,708,10.0
1,1.1915,708,10.0
1,1.2382,708,10.0
0,1.1872,709,10.0
1,1.0333,709,10.0
0,1.8186,709,10.0
0,0.9463,709,10.0
1,1.409,709,10.0
1,0.9613,709,10.0
0,1.5111,709,10.0
1,2.0421,709,10.0
0,0.9729,709,0.05
1,0.7414,709,0.05
1,1.1605,709,0.05
1,0.9102,709,0.05
0,0.9517,709,0.05
1,0.8644,709,0.05
0,1.6782,709,0.05
0,0.8972,709,0.05
0,1.0083,709,10.0
0,1.2279,709,10.0
0,0.8255,709,10.0
1,1.5246,709,10.0
0,0.9892,709,10.0
1,1.1821,709,10.0
1,1.4278,709,10.0
1,0.9816,709,10.0
1,0.8283,709,0.05
1,0.7605,709,0.05
1,1.3837,709,0.05
0,0.9749,709,0.05
0,1.3725,709,0.05
1,1.0194,709,0.05
1,1.412,709,0.05
0,1.802,709,0.05
1,1.6364,709,0.05
0,2.3581,709,0.05
0,1.5371,709,0.05
1,1.527,709,0.05
1,1.9035,709,0.05
0,1.5714,709,0.05
0,1.7864,709,0.05
1,1.4038,709,0.05
1,2.1615,709,10.0
1,2.0638,709,10.0
1,2.1714,709,10.0
1,1.4371,709,10.0
0,3.6669,709,10.0
1,1.7465,709,10.0
1,1.848,709,10.0
1,1.7199,709,0.05
1,1.0461,709,0.05
0,2.7565,709,0.05
0,2.8492,709,0.05
1,2.2191,709,0.05
0,2.3768,709,0.05
0,1.6204,709,0.05
1,2.806,709,0.05
1,3.6241,709,10.0
1,2.4471,709,10.0
0,2.0078,709,10.0
1,1.342,709,10.0
1,1.681,709,10.0
1,1.602,709,10.0
1,2.8046,709,10.0
0,1.958,709,10.0
0,1.6833,709,10.0
1,1.7572,709,10.0
1,1.0533,709,10.0
1,2.51,709,10.0
1,1.0356,709,10.0
1,2.241,709,10.0
0,2.1704,709,10.0
1,1.2027,709,0.05
1,0.9788,709,0.05
1,0.9319,709,0.05
1,2.0081,709,0.05
0,3.3372,709,0.05
1,3.2522,709,0.05
0,1.415,709,0.05
1,1.1818,709,0.05
0,2.1922,709,0.05
0,2.1474,709,0.05
0,1.5239,709,0.05
0,2.9273,709,0.05
0,3.4732,709,0.05
1,3.8238,709,0.05
1,1.3448,709,0.05
1,3.702,710,10.0
0,2.601,710,10.0
0,2.525,710,10.0
1,1.794,710,10.0
1,1.783,710,10.0
1,2.32,710,10.0
1,2.13,710,10.0
1,1.901,710,10.0
0,2.238,710,0.05
0,1.848,710,0.05
0,1.88,710,0.05
1,3.364,710,0.05
1,3.243,710,0.05
1,2.112,710,0.05
0,2.996,710,0.05
1,1.813,710,0.05
1,3.808,710,10.0
0,3.217,710,10.0
0,2.802,710,10.0
1,2.405,710,10.0
1,2.234,710,10.0
1,1.887,710,10.0
0,2.064,710,10.0
1,3.168,710,0.05
1,1.55,710,0.05
0,2.861,710,0.05
1,4.139,710,0.05
1,2.14,710,0.05
1,1.444,710,0.05
1,1.77,710,0.05
0,2.258,710,0.05
1,2.894,710,0.05
1,2.903,710,0.05
1,3.846,710,0.05
1,3.21,710,0.05
1,2.753,710,0.05
1,1.755,710,0.05
1,1.624,710,10.0
1,1.88,710,10.0
1,2.5,710,10.0
1,2.136,710,10.0
1,1.699,710,10.0
1,2.16,710,10.0
1,3.032,710,10.0
1,2.273,710,10.0
1,1.798,710,10.0
0,2.47,710,10.0
1,1.881,710,10.0
1,3.364,710,10.0
1,2.704,710,10.0
1,3.955,710,10.0
1,3.436,710,10.0
1,2.148,710,10.0
1,1.639,710,10.0
1,2.024,710,10.0
1,1.909,710,10.0
1,1.68,710,10.0
1,1.76,710,10.0
1,2.352,710,10.0
0,2.311,710,10.0
1,2.605,710,0.05
1,2.022,710,0.05
1,1.823,710,0.05
1,3.006,710,0.05
1,1.94,710,0.05
1,1.353,710,0.05
0,1.067,710,0.05
1,1.545,710,10.0
0,3.604,710,10.0
1,1.83,710,10.0
1,2.025,710,10.0
1,3.84,710,10.0
0,2.138,710,10.0
1,1.984,710,10.0
0,2.54,710,10.0
1,1.228,710,0.05
0,1.354,710,0.05
0,3.368,710,0.05
1,1.771,710,0.05
1,2.129,710,0.05
1,2.772,710,0.05
1,4.228,710,0.05
1,1.76,710,0.05
1,1.7712,711,10.0
1,1.4385,711,10.0
1,1.2708,711,10.0
1,1.0353,711,10.0
1,1.3113,711,10.0
0,1.5406,711,10.0
0,2.6034,711,10.0
1,2.4288,711,10.0
1,1.6555,711,0.05
1,1.4172,711,0.05
1,1.0756,711,0.05
1,3.283,711,0.05
0,1.6009,711,0.05
1,1.0339,711,0.05
1,1.1505,711,0.05
0,2.7973,711,0.05
1,3.7724,711,0.05
1,1.3085,711,0.05
1,0.9882,711,0.05
1,1.2261,711,0.05
1,3.667,711,0.05
0,4.6781,711,0.05
1,1.1901,711,0.05
1,0.9771,711,0.05
0,2.2753,711,10.0
1,0.9016,711,10.0
1,2.4537,711,10.0
1,1.7738,711,10.0
0,3.603,711,10.0
0,1.2634,711,10.0
1,1.8637,711,10.0
1,1.2868,711,10.0
0,1.274,711,0.05
1,1.7917,711,0.05
0,1.5074,711,0.05
1,3.0312,711,0.05
1,1.1502,711,0.05
1,3.2991,711,0.05
1,1.2117,711,0.05
1,1.3106,711,0.05
1,2.155,711,10.0
0,2.4218,711,10.0
1,1.6482,711,10.0
1,1.3204,711,10.0
1,1.1747,711,10.0
1,1.7195,711,10.0
1,3.3033,711,10.0
1,2.9195,711,10.0
1,1.0929,711,10.0
1,1.1371,711,10.0
1,1.9459,711,10.0
1,2.6797,711,10.0
1,2.575,711,10.0
1,2.1407,711,10.0
1,3.2986,711,10.0
1,1.5675,711,10.0
1,1.7851,711,10.0
1,2.1855,711,0.05
1,2.2168,711,0.05
1,2.2678,711,0.05
1,2.9322,711,0.05
1,3.4723,711,0.05
1,3.1845,711,0.05
1,1.7809,711,0.05
1,1.8455,712,10.0
1,1.8323,712,10.0
1,2.0225,712,10.0
1,2.8065,712,10.0
1,1.1824,712,10.0
1,3.1446,712,10.0
1,1.4733,712,0.05
1,2.2108,712,0.05
1,1.3816,712,0.05
1,1.2657,712,0.05
1,1.3603,712,0.05
1,1.3238,712,0.05
1,1.3826,712,0.05
1,2.0739,712,0.05
1,3.4343,712,10.0
1,1.3051,712,10.0
0,2.279,712,10.0
1,1.1894,712,10.0
1,1.8285,712,10.0
1,1.3947,712,10.0
1,1.2427,712,10.0
1,3.7228,712,10.0
1,2.809,712,0.05
0,1.8012,712,0.05
1,1.0737,712,0.05
0,1.9038,712,0.05
1,2.2228,712,0.05
1,1.7612,712,0.05
0,2.462,712,0.05
0,2.4674,712,0.05
1,1.4861,712,0.05
1,2.6605,712,0.05
1,1.7895,712,0.05
0,2.4412,712,0.05
1,1.3076,712,0.05
1,1.2878,712,0.05
1,3.5462,712,0.05
1,1.6416,712,0.05
0,1.6028,712,0.05
1,1.9076,712,0.05
0,1.341,712,0.05
1,1.0229,712,0.05
1,1.6922,712,0.05
1,1.3922,712,10.0
1,1.3218,712,10.0
1,2.6415,712,10.0
0,1.3294,712,10.0
1,1.5504,712,10.0
1,3.1304,712,10.0
1,1.3949,712,10.0
1,2.1864,712,10.0
1,1.4916,712,10.0
0,3.5926,712,10.0
1,1.2334,712,10.0
1,1.0172,712,10.0
0,1.6511,712,10.0
1,0.8669,712,10.0
1,1.2631,712,10.0
1,1.4466,712,10.0
1,1.8819,712,10.0
1,0.8833,712,10.0
1,1.2666,712,10.0
0,1.1188,712,10.0
0,1.3152,712,10.0
1,0.905,712,10.0
1,2.6937,712,0.05
0,1.2222,712,0.05
1,1.49,713,0.05
0,1.804,713,0.05
0,1.565,713,0.05
1,1.354,713,0.05
0,1.095,713,0.05
1,1.335,713,0.05
1,1.112,713,0.05
1,1.711,713,0.05
1,1.389,713,0.05
0,1.22,713,0.05
0,1.741,713,0.05
1,1.079,713,0.05
1,1.482,713,0.05
1,1.649,713,0.05
1,1.336,713,0.05
1,1.361,713,0.05
1,0.929,713,10.0
0,1.772,713,10.0
1,1.153,713,10.0
1,1.629,713,10.0
1,1.139,713,10.0
1,2.127,713,10.0
0,1.546,713,10.0
1,0.9,713,10.0
1,2.563,713,10.0
0,1.28,713,10.0
1,0.931,713,10.0
1,1.13,713,10.0
0,2.095,713,10.0
1,0.951,713,10.0
0,1.127,713,10.0
1,1.102,713,10.0
1,1.096,713,10.0
0,1.07,713,10.0
1,1.536,713,10.0
1,0.952,713,10.0
0,1.564,713,10.0
1,0.902,713,10.0
0,1.997,713,10.0
1,1.599,713,10.0
1,1.739,713,0.05
0,2.276,713,0.05
0,1.276,713,0.05
1,1.565,713,0.05
1,1.447,713,0.05
1,2.229,713,0.05
1,1.183,713,0.05
1,1.812,713,0.05
1,2.401,713,0.05
0,1.263,713,0.05
0,1.188,713,0.05
1,1.36,713,0.05
0,2.125,713,0.05
1,2.674,713,0.05
1,1.554,713,0.05
1,1.954,713,10.0
1,1.467,713,10.0
1,1.663,713,10.0
1,2.514,713,10.0
1,2.147,713,10.0
1,2.081,713,10.0
1,1.136,713,10.0
1,1.198,713,10.0
1,2.223,713,10.0
1,1.229,713,10.0
1,0.845,713,10.0
0,1.63,713,10.0
1,1.08,713,10.0
1,2.002,713,10.0
1,1.378,713,10.0
1,2.013,713,0.05
1,1.435,713,0.05
1,2.103,713,0.05
1,1.39,713,0.05
1,0.984,713,0.05
1,1.661,713,0.05
1,1.995,713,0.05
1,1.095,713,0.05
1,1.472,713,10.0
1,1.395,713,10.0
1,1.283,713,10.0
1,1.884,713,10.0
1,1.862,713,10.0
0,1.196,713,10.0
0,1.095,713,10.0
1,1.325,713,10.0
1,1.379,713,0.05
1,1.052,713,0.05
1,1.122,713,0.05
1,1.065,713,0.05
1,1.03,713,0.05
0,1.878,713,0.05
0,2.449,713,0.05
0,1.011,713,0.05
1,3.2167,714,10.0
1,3.7164,714,10.0
0,4.566,714,10.0
1,6.6325,714,10.0
0,5.8155,714,10.0
1,3.266,714,10.0
1,2.8827,714,10.0
0,3.5668,714,10.0
1,3.2494,714,0.05
0,4.0827,714,0.05
0,5.1827,714,0.05
1,2.8701,714,0.05
0,2.6169,714,0.05
1,2.3328,714,0.05
1,2.7492,714,0.05
1,3.8762,714,0.05
0,3.4609,714,0.05
1,2.7549,714,0.05
1,3.2275,714,0.05
0,2.425,714,0.05
1,2.6635,714,0.05
1,2.5726,714,0.05
0,2.8137,714,10.0
1,2.5578,714,10.0
1,2.7444,714,10.0
1,3.3324,714,10.0
0,4.2129,714,10.0
1,2.1529,714,10.0
1,3.71,714,10.0
0,3.8466,714,10.0
1,2.7635,714,10.0
0,5.5728,714,10.0
0,6.0372,714,10.0
1,2.8238,714,10.0
1,2.2334,714,10.0
0,4.9106,714,0.05
1,1.4306,714,0.05
1,2.8222,714,0.05
0,2.352,714,0.05
1,1.5701,714,0.05
1,2.7888,714,0.05
0,2.2944,714,0.05
0,5.7811,714,10.0
1,2.4904,714,10.0
0,2.4037,714,10.0
0,2.39,714,10.0
0,1.5377,714,10.0
0,4.8195,714,10.0
0,1.9499,714,10.0
1,3.1787,714,10.0
0,2.1569,714,10.0
1,5.5713,714,10.0
1,3.1941,714,10.0
1,5.4973,714,10.0
0,3.2065,714,10.0
0,3.1855,714,10.0
1,2.6276,714,10.0
0,2.4371,714,0.05
1,1.764,714,0.05
1,3.0487,714,0.05
1,6.7823,714,0.05
1,3.3868,714,0.05
1,3.3168,714,0.05
1,2.5936,714,0.05
1,4.1487,714,0.05
1,2.0804,714,0.05
0,4.1112,714,0.05
1,3.6514,714,0.05
1,2.1133,714,0.05
1,1.943,714,0.05
1,1.7466,714,0.05
0,5.0473,714,0.05
1,1.6554,715,0.05
1,1.2282,715,0.05
0,1.9062,715,0.05
0,2.6185,715,0.05
1,1.759,715,0.05
1,0.9973,715,0.05
1,1.2641,715,0.05
1,2.0619,715,0.05
1,2.7761,715,0.05
1,1.5777,715,0.05
1,1.536,715,0.05
1,1.1154,715,0.05
1,0.9099,715,0.05
1,1.0237,715,0.05
1,1.1146,715,0.05
0,2.0737,715,0.05
1,1.9443,715,10.0
1,1.4928,715,10.0
1,1.8304,715,10.0
0,0.8973,715,10.0
1,1.0861,715,10.0
1,1.3049,715,10.0
0,2.5578,715,10.0
1,1.567,715,10.0
1,1.1793,715,10.0
1,1.9065,715,10.0
1,1.1106,715,10.0
1,1.1852,715,10.0
0,1.2231,715,10.0
1,0.8203,715,10.0
1,1.022,715,10.0
1,2.073,715,10.0
1,1.4246,715,0.05
0,2.5114,715,0.05
1,2.5216,715,0.05
1,2.674,715,0.05
1,1.2426,715,0.05
1,0.9899,715,0.05
1,2.3257,715,0.05
1,1.7481,715,0.05
1,2.0902,715,10.0
1,2.1066,715,10.0
1,1.3223,715,10.0
1,1.3403,715,10.0
1,1.495,715,10.0
1,0.6984,715,10.0
1,2.9913,715,10.0
1,1.2401,715,0.05
1,1.016,715,0.05
1,0.673,715,0.05
1,1.0521,715,0.05
1,1.8221,715,0.05
1,1.6195,715,0.05
1,2.2393,715,0.05
1,0.8121,715,0.05
1,1.3788,715,0.05
1,2.9369,715,0.05
0,1.932,715,0.05
1,1.2989,715,0.05
1,1.013,715,0.05
1,2.5955,715,0.05
1,0.9629,715,0.05
1,1.1798,715,0.05
0,1.4751,715,0.05
1,3.4095,715,0.05
1,1.4257,715,0.05
0,2.0705,715,0.05
1,1.8297,715,0.05
1,1.7167,715,10.0
0,1.9213,716,10.0
1,1.3597,716,10.0
1,2.0196,716,10.0
1,1.1094,716,10.0
0,1.5998,716,10.0
0,2.1371,716,10.0
1,1.5361,716,10.0
1,1.3779,716,10.0
1,1.5874,716,0.05
0,1.9513,716,0.05
0,1.6758,716,0.05
1,1.5476,716,0.05
1,1.9413,716,0.05
1,1.2935,716,0.05
1,1.7452,716,0.05
0,2.4335,716,0.05
0,1.7793,716,10.0
1,1.1548,716,10.0
0,2.6029,716,10.0
1,2.0405,716,10.0
0,1.8916,716,10.0
1,1.7827,716,10.0
1,2.2638,716,10.0
1,2.2671,716,10.0
1,2.352,716,0.05
1,1.7312,716,0.05
0,1.9972,716,0.05
1,1.2,716,0.05
1,1.1121,716,0.05
1,1.8065,716,0.05
1,2.3273,716,0.05
0,1.3156,716,0.05
1,2.3113,716,10.0
1,3.1399,716,10.0
1,2.5863,716,10.0
0,1.9307,716,10.0
1,2.5056,716,10.0
0,2.4557,716,10.0
0,3.4391,716,10.0
0,2.129,716,10.0
1,1.7624,716,0.05
0,2.4149,716,0.05
1,1.9639,716,0.05
1,1.84,716,0.05
0,1.7768,716,0.05
1,1.8659,716,10.0
1,1.7246,716,10.0
1,1.8188,716,10.0
1,1.9357,716,10.0
1,1.7634,716,10.0
0,2.1634,716,10.0
0,2.0024,716,10.0
1,3.052,716,10.0
1,2.3347,716,0.05
1,3.4718,716,0.05
1,2.8571,716,0.05
1,1.222,716,0.05
1,2.4404,716,0.05
1,1.8841,716,0.05
1,3.2606,716,0.05
0,2.8433,716,10.0
1,3.0714,716,10.0
1,2.0105,716,10.0
0,2.2048,716,10.0
1,2.1748,716,10.0
1,2.0918,716,10.0
0,1.7731,716,10.0
1,1.8204,716,10.0
1,1.8065,716,0.05
1,2.9345,716,0.05
1,1.2534,716,0.05
1,1.7222,716,0.05
0,1.5157,716,0.05
0,2.5884,716,0.05
1,1.7476,716,10.0
1,1.9306,716,10.0
1,3.3895,716,10.0
1,1.457,716,10.0
1,2.3888,716,10.0
0,2.0814,716,10.0
1,1.857,716,10.0
0,1.7182,716,0.05
1,2.5451,716,0.05
0,2.1091,716,0.05
0,2.3778,716,0.05
1,1.3337,716,0.05
0,1.991,716,0.05
1,2.9357,716,0.05
1,1.9342,716,0.05
1,1.337,717,10.0
0,3.5,717,10.0
1,3.219,717,10.0
1,1.675,717,10.0
1,4.708,717,10.0
0,3.816,717,10.0
1,3.383,717,10.0
1,1.148,717,10.0
1,1.353,717,10.0
1,1.656,717,10.0
1,4.914,717,10.0
1,1.798,717,10.0
1,2.431,717,10.0
1,1.625,717,10.0
1,2.61,717,0.05
1,1.204,717,0.05
1,3.122,717,0.05
1,2.581,717,0.05
1,2.053,717,0.05
1,2.605,717,0.05
1,1.388,717,0.05
1,2.539,717,0.05
1,3.259,717,0.05
1,3.396,717,0.05
1,3.028,717,0.05
1,2.044,717,0.05
1,1.955,717,0.05
1,2.393,717,0.05
1,1.927,717,10.0
0,1.467,717,10.0
1,2.019,717,10.0
0,4.547,717,10.0
1,1.641,717,10.0
1,1.535,717,10.0
1,2.655,717,10.0
0,1.484,717,0.05
0,4.012,717,0.05
1,1.529,717,0.05
1,2.426,717,0.05
0,1.488,717,0.05
1,3.127,717,0.05
1,1.31,717,0.05
0,2.82,717,0.05
0,1.785,717,0.05
1,3.559,717,0.05
1,1.48,717,0.05
1,1.788,717,0.05
1,1.776,717,0.05
1,2.374,717,0.05
1,1.232,717,0.05
1,2.361,717,10.0
0,3.818,717,10.0
1,4.375,717,10.0
1,1.197,717,10.0
1,1.522,717,10.0
1,1.447,717,10.0
1,4.78,717,10.0
0,2.849,717,0.05
1,1.344,717,0.05
1,0.996,717,0.05
1,1.406,717,0.05
1,1.184,717,0.05
0,3.035,717,0.05
1,2.722,717,0.05
1,0.902,717,0.05
1,2.022,717,10.0
1,3.116,717,10.0
1,2.292,717,10.0
1,1.378,717,10.0
0,3.974,717,10.0
1,1.586,717,10.0
1,1.313,717,10.0
0,4.414,717,10.0
1,2.641,717,10.0
0,1.061,717,10.0
1,3.37,717,10.0
1,0.739,717,10.0
1,2.575,717,10.0
1,2.913,717,10.0
1,2.093,717,10.0
1,1.268,717,10.0
1,1.354,717,0.05
1,1.225,717,0.05
1,0.968,717,0.05
0,1.557,717,0.05
1,1.936,717,0.05
1,0.898,717,0.05
1,1.99,717,0.05
1,2.268,717,0.05
0,1.794,718,10.0
0,1.054,718,10.0
1,0.677,718,10.0
0,0.748,718,10.0
1,1.757,718,10.0
1,1.192,718,10.0
1,0.842,718,10.0
1,1.74,718,10.0
0,1.28,718,0.05
1,0.819,718,0.05
1,0.728,718,0.05
0,1.006,718,0.05
0,0.876,718,0.05
1,0.689,718,0.05
0,0.944,718,0.05
1,1.511,718,0.05
0,1.834,718,0.05
1,1.32,718,0.05
1,1.64,718,0.05
1,1.024,718,0.05
0,1.295,718,0.05
1,1.673,718,0.05
1,0.959,718,0.05
1,1.94,718,0.05
1,1.457,718,10.0
1,0.971,718,10.0
1,1.089,718,10.0
1,0.862,718,10.0
1,0.894,718,10.0
1,0.909,718,10.0
0,1.109,718,10.0
0,1.621,718,10.0
1,0.999,718,10.0
1,0.921,718,10.0
0,1.537,718,10.0
1,1.161,718,10.0
1,0.785,718,10.0
0,1.411,718,10.0
1,1.178,718,10.0
0,1.367,718,10.0
1,1.126,718,0.05
0,1.54,718,0.05
1,1.519,718,0.05
1,0.844,718,0.05
0,0.921,718,0.05
1,1.16,718,0.05
1,0.879,718,10.0
0,2.248,718,10.0
0,1.876,718,10.0
1,2.001,718,10.0
1,0.861,718,10.0
1,1.494,718,10.0
1,1.1,718,10.0
1,2.107,718,10.0
0,0.991,718,0.05
0,1.452,718,0.05
1,0.964,718,0.05
0,0.94,718,0.05
1,0.992,718,0.05
1,1.58,718,0.05
1,0.903,718,0.05
1,0.773,718,0.05
1,0.951,718,0.05
1,0.837,718,0.05
1,1.828,718,0.05
0,1.136,718,0.05
0,0.927,718,0.05
1,0.754,718,0.05
0,1.055,718,0.05
1,0.683,718,0.05
1,0.745,718,10.0
1,1.215,718,10.0
0,1.386,718,10.0
0,1.447,718,10.0
1,1.301,718,10.0
1,1.81,718,10.0
1,1.0927,719,0.05
1,1.0125,719,0.05
1,1.3551,719,0.05
1,1.2139,719,0.05
0,1.2496,719,10.0
0,2.2345,719,10.0
0,2.3031,719,10.0
1,1.4546,719,10.0
1,1.546,719,10.0
1,1.9405,719,0.05
1,1.4069,719,0.05
1,0.8135,719,0.05
1,1.1663,719,0.05
1,1.4347,719,0.05
1,1.2584,719,0.05
1,1.9578,719,0.05
1,1.4933,719,10.0
1,1.9383,719,10.0
1,1.9094,719,10.0
0,1.5844,719,10.0
1,1.5621,719,10.0
1,1.1908,719,10.0
1,1.5747,719,10.0
0,1.5599,719,10.0
1,1.5327,719,0.05
1,1.5334,719,0.05
1,2.0422,719,0.05
1,0.9935,719,0.05
1,1.0255,719,0.05
1,1.508,719,0.05
1,0.82,719,0.05
1,0.9129,719,0.05
1,1.5815,719,10.0
1,1.2496,719,10.0
1,1.1393,719,10.0
1,1.8585,719,10.0
1,1.0022,719,10.0
1,1.709,719,10.0
0,1.31,719,10.0
0,1.0773,719,10.0
1,1.1427,719,10.0
0,1.386,719,10.0
1,1.0024,719,10.0
1,2.1151,719,10.0
1,1.3456,719,10.0
1,0.8587,719,10.0
0,1.0298,719,10.0
0,1.7263,719,10.0
1,1.1498,719,10.0
0,0.9916,719,10.0
1,0.8661,719,10.0
1,0.9005,719,10.0
1,0.7754,719,10.0
0,0.8929,719,10.0
1,1.9441,719,10.0
0,1.1334,719,0.05
0,0.8006,719,0.05
1,0.5689,719,0.05
1,1.059,719,0.05
1,0.8633,719,0.05
1,0.8011,719,0.05
1,1.0791,719,0.05
1,0.7615,719,0.05
1,0.9699,719,0.05
1,0.9323,719,0.05
1,1.0944,719,0.05
1,0.8684,719,0.05
1,0.7988,719,0.05
1,1.3934,719,0.05
0,0.8996,719,0.05
1,0.9527,719,0.05
1,0.9147,720,10.0
1,1.461,720,10.0
1,1.0383,720,10.0
1,1.3669,720,10.0
1,1.16,720,10.0
0,1.1772,720,10.0
1,1.3044,720,0.05
0,0.9921,720,0.05
1,1.5067,720,0.05
0,1.5122,720,0.05
1,1.2408,720,0.05
1,0.9568,720,0.05
1,0.8901,720,0.05
1,1.0597,720,10.0
1,0.9465,720,10.0
1,1.1898,720,10.0
1,1.3457,720,10.0
0,0.8297,720,10.0
1,1.0627,720,10.0
0,0.9667,720,10.0
1,1.2616,720,10.0
1,0.8267,720,0.05
1,0.7912,720,0.05
1,0.8249,720,0.05
1,1.5493,720,0.05
1,1.2493,720,0.05
0,1.0186,720,0.05
0,0.9004,720,0.05
1,1.1604,720,0.05
1,0.9607,720,10.0
1,2.0634,720,10.0
1,1.4934,720,10.0
1,1.464,720,10.0
1,0.929,720,10.0
1,0.9727,720,10.0
0,1.4789,720,10.0
1,1.5617,720,10.0
0,1.2281,720,0.05
1,1.879,720,0.05
1,1.7153,720,0.05
0,2.3233,720,0.05
1,1.7306,720,0.05
1,0.9607,720,0.05
1,1.1636,720,0.05
0,1.2164,720,0.05
1,1.0971,720,0.05
0,1.2314,720,0.05
1,1.4963,720,0.05
0,1.428,720,0.05
0,1.1301,720,0.05
1,1.3115,720,0.05
0,1.1624,720,0.05
1,1.166,720,0.05
0,2.2387,720,0.05
0,1.7435,720,10.0
1,1.6321,720,10.0
1,0.816,720,10.0
1,1.9685,720,10.0
1,0.827,720,10.0
1,1.8898,720,10.0
0,1.1302,720,10.0
1,1.4984,720,10.0
1,1.7452,720,10.0
1,1.1178,720,10.0
1,1.4824,720,10.0
0,1.98,720,10.0
1,1.5555,720,10.0
1,1.3341,720,10.0
1,2.0122,720,10.0
0,1.0688,720,10.0
0,1.3126,720,0.05
1,0.925,720,0.05
0,1.2234,720,0.05
1,1.3954,720,0.05
1,1.4634,720,0.05
0,0.714,720,0.05
1,1.0297,720,0.05
0,1.1176,720,0.05
1,2.5655,721,10.0
1,1.7299,721,10.0
1,1.1206,721,10.0
1,1.0395,721,10.0
1,2.3861,721,10.0
1,1.273,721,10.0
1,1.3035,721,10.0
1,2.1247,721,10.0
0,0.9094,721,10.0
1,0.9046,721,10.0
1,0.8627,721,10.0
0,3.3074,721,10.0
1,1.5358,721,10.0
0,1.2173,721,10.0
1,1.3157,721,10.0
1,1.05,721,10.0
1,1.1462,721,0.05
1,1.064,721,0.05
0,2.0498,721,0.05
0,0.9385,721,0.05
0,1.0704,721,0.05
1,1.6299,721,0.05
1,1.0539,721,0.05
1,0.8463,721,0.05
1,1.0762,721,0.05
1,0.8768,721,0.05
1,3.1034,721,0.05
1,1.8393,721,0.05
0,0.8945,721,0.05
0,1.5463,721,0.05
0,0.9447,721,0.05
0,0.9718,721,0.05
1,1.1952,721,0.05
0,1.441,721,0.05
1,0.9798,721,0.05
1,1.3529,721,0.05
1,1.6753,721,0.05
1,2.2945,721,0.05
0,1.9175,721,0.05
1,1.3523,721,0.05
0,1.2075,721,10.0
1,1.6316,721,10.0
1,1.2399,721,10.0
1,1.757,721,10.0
1,1.509,721,10.0
0,2.0172,721,10.0
1,2.9766,721,10.0
0,2.5614,721,10.0
1,1.8652,721,10.0
1,3.2728,721,10.0
0,3.4257,721,10.0
1,2.7653,721,10.0
0,2.3299,721,10.0
0,3.1616,721,10.0
1,1.8411,721,10.0
1,2.5149,721,0.05
0,3.7766,721,0.05
0,2.4064,721,0.05
0,2.7732,721,0.05
1,4.3897,721,0.05
1,3.3167,721,0.05
1,3.5197,721,0.05
1,4.2337,721,0.05
1,0.9894,721,0.05
1,3.624,721,0.05
0,1.6199,721,0.05
1,1.7323,721,0.05
0,2.0186,721,0.05
0,1.8206,721,0.05
0,3.0188,721,0.05
0,3.0502,721,0.05
1,3.2842,721,10.0
1,1.5052,721,10.0
0,2.6164,721,10.0
0,1.9488,721,10.0
1,1.5473,721,10.0
1,1.6825,721,10.0
1,2.5717,721,10.0
1,2.5367,721,10.0
0,2.2833,721,0.05
0,1.5456,721,0.05
1,2.152,721,0.05
0,1.7428,721,0.05
1,1.5894,721,0.05
1,2.466,722,10.0
1,2.511,722,10.0
0,6.494,722,10.0
1,2.782,722,10.0
1,2.306,722,10.0
1,2.348,722,10.0
1,2.829,722,10.0
1,2.19,722,0.05
1,3.547,722,0.05
0,5.88,722,0.05
1,1.882,722,0.05
1,1.849,722,0.05
1,3.404,722,0.05
1,2.649,722,0.05
1,1.916,722,0.05
1,2.461,722,0.05
1,4.736,722,0.05
0,3.913,722,0.05
1,3.197,722,0.05
1,3.225,722,0.05
1,2.883,722,10.0
1,4.366,722,10.0
1,3.042,722,10.0
1,2.126,722,10.0
1,1.612,722,10.0
0,1.754,722,10.0
1,5.809,722,10.0
0,1.724,722,10.0
1,4.669,722,10.0
0,3.792,722,10.0
1,5.455,722,10.0
1,1.633,722,10.0
0,5.137,722,0.05
1,7.016,722,0.05
0,5.971,722,0.05
1,7.395,722,0.05
1,2.154,722,0.05
1,3.045,722,0.05
1,4.239,722,0.05
1,2.751,722,0.05
1,2.819,722,10.0
0,4.896,722,10.0
1,3.55,722,10.0
1,7.401,722,10.0
1,3.962,722,10.0
1,2.224,722,10.0
1,2.482,722,10.0
0,3.035,722,10.0
0,3.627,722,0.05
1,7.17,722,0.05
1,1.835,722,0.05
1,2.949,722,0.05
0,3.899,722,0.05
1,5.436,722,0.05
0,4.118,722,0.05
0,4.801,722,0.05
1,3.311,722,10.0
1,1.874,722,10.0
1,2.552,722,10.0
0,1.833,722,10.0
1,2.174,722,10.0
1,1.63,722,10.0
0,4.499,722,10.0
1,2.711,722,10.0
0,5.174,722,0.05
1,2.45,722,0.05
1,3.955,722,0.05
1,2.37,722,0.05
0,2.005,722,0.05
1,1.406,722,0.05
0,4.388,722,0.05
1,2.262,722,0.05
0,3.239,722,10.0
1,2.546,722,10.0
1,2.813,722,10.0
1,1.484,722,10.0
1,2.243,722,10.0
1,3.537,722,10.0
1,2.648,722,10.0
1,5.347,722,10.0
1,1.774,722,0.05
1,2.29,722,0.05
0,3.007,722,0.05
0,5.666,722,0.05
1,1.541,722,0.05
1,2.0,722,0.05
0,2.138,722,0.05
0,1.914,722,0.05
1,3.2912,723,10.0
1,3.5777,723,10.0
1,3.8169,723,10.0
1,4.2335,723,10.0
1,2.1838,723,10.0
0,3.7324,723,10.0
1,3.4152,723,0.05
1,2.1842,723,0.05
1,2.3401,723,0.05
0,2.4288,723,0.05
1,3.9624,723,0.05
0,4.1925,723,0.05
1,5.0435,723,0.05
1,3.2171,723,0.05
1,2.7916,723,0.05
1,2.0336,723,0.05
0,1.9998,723,0.05
1,1.9335,723,0.05
1,1.9006,723,0.05
0,3.1982,723,0.05
0,2.3658,723,0.05
1,2.6654,723,0.05
0,2.6505,723,10.0
1,1.9241,723,10.0
1,1.8435,723,10.0
1,3.2106,723,10.0
1,3.7276,723,10.0
0,2.941,723,10.0
0,2.7489,723,10.0
1,2.94,723,10.0
0,3.4238,723,10.0
0,5.3732,723,10.0
0,2.8129,723,10.0
0,4.196,723,10.0
1,3.3406,723,10.0
1,3.0673,723,10.0
1,3.2199,723,10.0
1,3.7847,723,0.05
1,3.3968,723,0.05
1,3.0282,723,0.05
0,4.5941,723,0.05
1,4.9643,723,0.05
0,3.9569,723,0.05
0,3.625,723,0.05
1,5.0993,723,0.05
0,4.6062,723,0.05
0,4.9563,723,0.05
1,3.5393,723,0.05
0,3.6389,723,0.05
1,4.0194,723,0.05
1,3.281,723,0.05
1,3.5011,723,10.0
0,3.5428,723,10.0
0,4.0839,723,10.0
1,5.9377,723,10.0
0,3.6669,723,10.0
1,3.6172,723,10.0
0,3.5345,723,10.0
1,3.6124,723,10.0
1,4.5433,723,10.0
0,3.8539,723,10.0
0,3.8889,723,10.0
1,3.9723,723,10.0
1,6.1817,723,10.0
1,3.6671,723,10.0
0,4.9931,723,10.0
0,3.3119,723,10.0
0,4.655,723,0.05
1,4.2385,723,0.05
1,3.8953,723,0.05
1,3.3925,723,0.05
0,3.0862,723,0.05
1,3.813,723,0.05
0,6.0122,723,0.05
0,4.2984,723,0.05
1,2.563,724,10.0
0,1.641,724,10.0
1,3.552,724,10.0
1,4.353,724,10.0
1,1.683,724,10.0
1,1.637,724,10.0
1,3.124,724,10.0
1,1.931,724,10.0
1,3.682,724,10.0
1,3.267,724,10.0
1,2.159,724,10.0
1,1.656,724,10.0
1,4.097,724,10.0
0,3.512,724,0.05
1,1.794,724,0.05
0,2.051,724,0.05
1,2.887,724,0.05
1,1.56,724,0.05
1,3.553,724,0.05
1,1.968,724,0.05
0,1.6,724,0.05
0,3.397,724,10.0
1,2.37,724,10.0
1,1.638,724,10.0
0,3.684,724,10.0
1,1.878,724,10.0
0,1.961,724,10.0
0,2.244,724,10.0
0,2.816,724,10.0
1,1.5,724,10.0
1,4.469,724,10.0
1,2.115,724,10.0
1,1.396,724,10.0
1,2.177,724,10.0
1,2.67,724,10.0
1,3.314,724,0.05
1,3.185,724,0.05
1,1.277,724,0.05
0,1.932,724,0.05
1,3.599,724,0.05
1,1.725,724,0.05
1,1.125,724,0.05
1,1.32,724,0.05
0,2.224,724,10.0
1,1.245,724,10.0
1,1.205,724,10.0
1,1.67,724,10.0
0,1.878,724,10.0
1,1.321,724,10.0
1,1.435,724,10.0
1,1.174,724,10.0
1,1.545,724,0.05
1,1.439,724,0.05
1,1.393,724,0.05
1,1.264,724,0.05
1,1.241,724,0.05
1,1.131,724,0.05
1,1.659,724,0.05
0,1.202,724,0.05
1,0.9657,725,10.0
1,1.1977,725,10.0
0,0.7609,725,10.0
1,1.013,725,10.0
1,1.4198,725,10.0
1,1.2914,725,10.0
1,1.4669,725,10.0
1,0.8324,725,10.0
1,1.5506,725,10.0
1,1.1807,725,10.0
1,2.0653,725,10.0
0,1.1045,725,0.05
1,1.1339,725,0.05
1,1.1671,725,0.05
0,1.2505,725,0.05
1,0.9299,725,0.05
0,1.4429,725,0.05
1,1.4981,725,0.05
1,1.0984,725,0.05
1,1.1007,725,0.05
0,1.8563,725,0.05
1,1.2045,725,0.05
1,1.2948,725,0.05
1,1.2891,725,0.05
1,0.8173,725,0.05
1,1.1174,725,0.05
1,1.4006,725,0.05
0,1.9801,725,0.05
1,1.7302,725,0.05
1,1.2837,725,0.05
0,0.9381,725,0.05
1,1.2173,725,0.05
0,1.3681,725,0.05
0,1.1677,725,0.05
1,1.637,725,0.05
1,1.0628,725,0.05
0,1.0544,725,0.05
1,1.2708,725,0.05
0,1.6002,725,0.05
0,2.0428,725,0.05
1,1.3316,725,10.0
1,2.0981,725,10.0
1,1.2482,725,10.0
1,1.3985,725,0.05
1,0.697,725,0.05
1,0.7187,725,0.05
1,1.4105,725,0.05
1,1.1549,725,0.05
0,1.102,725,0.05
0,1.1811,725,0.05
1,0.9746,725,0.05
0,1.6147,725,10.0
1,1.5841,725,10.0
0,1.1338,725,10.0
1,1.2009,725,10.0
1,1.0797,725,10.0
1,1.2445,725,10.0
0,1.1832,725,0.05
1,1.3166,725,0.05
0,1.6008,725,0.05
1,1.5009,725,0.05
1,1.3191,725,0.05
1,0.9199,725,0.05
1,1.0033,725,0.05
0,1.2222,725,0.05
1,1.1152,725,10.0
1,0.9983,725,10.0
1,1.8969,725,10.0
1,1.4323,725,10.0
1,1.4673,725,10.0
1,1.6134,725,10.0
1,1.101,725,10.0
1,0.9839,725,10.0
1,2.4814,726,0.05
0,1.8987,726,0.05
1,2.8804,726,0.05
1,1.6895,726,0.05
1,1.2239,726,0.05
0,1.2768,726,0.05
1,2.5525,726,0.05
1,1.627,726,0.05
0,4.9138,726,0.05
0,3.2933,726,0.05
1,2.7575,726,0.05
1,3.1872,726,0.05
0,2.3478,726,0.05
0,3.6195,726,0.05
0,2.815,726,0.05
1,2.6574,726,10.0
0,1.9139,726,10.0
1,3.4737,726,10.0
1,1.5015,726,10.0
0,2.2164,726,10.0
1,3.0511,726,10.0
0,3.0746,726,10.0
1,3.8512,726,10.0
1,2.9371,726,10.0
0,3.2927,726,10.0
1,3.8308,726,10.0
0,1.4459,726,10.0
1,4.3575,726,10.0
1,1.8934,726,10.0
0,3.8849,726,10.0
0,3.8405,726,10.0
1,4.9903,726,0.05
1,3.4523,726,0.05
1,2.3276,726,0.05
0,3.5509,726,0.05
1,3.41,726,0.05
1,2.0071,726,0.05
1,1.7993,726,0.05
1,4.6641,726,0.05
1,3.4554,726,0.05
1,2.5814,726,0.05
1,2.8536,726,0.05
1,2.3927,726,0.05
1,3.8232,726,0.05
1,2.7306,726,0.05
1,3.3557,726,10.0
1,0.9757,726,10.0
1,3.219,726,10.0
1,2.4316,726,10.0
0,2.1423,726,10.0
0,3.2115,726,10.0
1,2.5914,726,10.0
1,3.5643,726,10.0
1,2.6224,726,10.0
0,3.3142,726,10.0
1,3.5317,726,10.0
0,2.8066,726,10.0
1,3.8055,726,10.0
1,3.4935,726,10.0
0,2.5164,726,10.0
0,3.1411,726,0.05
1,4.0214,726,0.05
1,2.3174,726,0.05
1,3.7805,726,0.05
0,5.1558,726,0.05
1,3.8569,726,0.05
0,2.2249,726,0.05
0,3.7643,726,0.05
1,5.201,726,10.0
1,3.8733,726,10.0
1,2.8378,726,10.0
1,1.4044,726,10.0
1,3.6362,726,10.0
1,3.1957,726,10.0
0,5.1112,726,10.0
0,4.0983,727,10.0
1,3.5839,727,10.0
0,3.3503,727,10.0
0,3.1673,727,10.0
1,3.7507,727,10.0
1,2.3335,727,10.0
1,2.2667,727,10.0
1,3.5842,727,10.0
0,2.9997,727,10.0
0,1.8543,727,10.0
0,1.7795,727,10.0
1,2.011,727,10.0
1,2.7163,727,10.0
0,4.3349,727,10.0
1,1.6241,727,10.0
0,3.2156,727,10.0
1,2.183,727,0.05
0,2.1516,727,10.0
0,2.384,727,10.0
0,1.6872,727,10.0
1,1.628,727,10.0
0,2.341,727,10.0
0,2.3944,727,10.0
1,2.3731,727,10.0
1,5.1536,727,10.0
0,2.7445,727,10.0
0,1.6156,727,10.0
0,2.6051,727,10.0
1,1.2589,727,10.0
0,4.2353,727,10.0
0,1.2131,727,10.0
1,3.1982,727,10.0
0,3.9614,727,10.0
0,3.6635,727,10.0
1,1.6304,727,10.0
1,1.4667,727,10.0
1,1.479,727,10.0
0,1.8617,727,10.0
1,2.4502,727,10.0
0,2.5608,727,10.0
1,1.7794,727,10.0
1,3.3407,727,0.05
1,2.5266,727,0.05
1,2.6673,727,0.05
0,1.5674,727,0.05
1,3.9501,727,0.05
1,1.3503,727,0.05
0,2.1336,727,0.05
1,1.4505,727,0.05
1,3.8172,727,10.0
1,2.8993,727,10.0
1,1.5336,727,10.0
0,3.2108,727,10.0
1,3.2013,727,10.0
0,3.3616,727,10.0
1,2.6455,727,10.0
0,2.9948,727,10.0
1,4.0856,727,0.05
0,2.3855,727,0.05
1,2.1098,727,0.05
1,1.2499,727,0.05
1,1.828,727,0.05
1,1.4114,727,0.05
1,1.4866,727,0.05
1,1.5338,727,0.05
0,1.0895,728,10.0
0,1.2335,728,10.0
0,1.7192,728,10.0
1,1.6996,728,10.0
1,1.1919,728,10.0
0,1.9092,728,10.0
1,2.1155,728,10.0
1,1.9198,728,10.0
1,1.2607,728,0.05
1,1.5649,728,0.05
1,1.5724,728,0.05
1,1.1898,728,0.05
1,1.7225,728,0.05
1,2.0244,728,0.05
0,1.5924,728,0.05
1,1.3779,728,0.05
1,1.6912,728,10.0
1,1.0599,728,10.0
1,0.948,728,10.0
0,1.2815,728,10.0
1,1.0399,728,10.0
1,2.3896,728,10.0
0,1.272,728,10.0
1,0.9677,728,10.0
1,1.9423,728,0.05
1,1.0289,728,0.05
1,1.1008,728,0.05
1,1.2587,728,0.05
1,1.5992,728,0.05
1,2.0544,728,0.05
1,1.9427,728,0.05
0,1.6134,728,0.05
0,1.8507,728,10.0
1,2.4565,728,10.0
0,1.6844,728,10.0
1,1.9608,728,10.0
0,2.8978,728,10.0
1,0.8091,728,10.0
1,3.4806,728,10.0
1,1.5701,728,10.0
1,1.007,728,0.05
1,1.7661,728,0.05
1,1.5642,728,0.05
1,1.3828,728,0.05
1,2.9019,728,0.05
1,1.5644,728,0.05
1,2.3022,728,0.05
1,1.2554,728,0.05
0,1.0378,728,0.05
1,3.2382,728,0.05
1,1.9526,728,0.05
0,2.5199,728,0.05
1,0.934,728,0.05
1,1.7134,728,0.05
1,1.9505,728,0.05
1,1.3167,728,10.0
1,3.3842,728,10.0
1,2.1884,728,10.0
1,2.3062,728,10.0
1,3.5063,728,10.0
1,1.3199,728,10.0
1,2.0735,728,10.0
1,2.0222,728,10.0
1,2.9822,728,10.0
1,1.0174,728,10.0
1,2.1726,728,10.0
1,2.0328,728,10.0
1,1.283,728,10.0
0,3.3209,728,10.0
1,2.3905,728,10.0
0,3.3598,728,10.0
1,1.5778,728,0.05
1,1.5049,728,0.05
1,0.8595,728,0.05
0,2.4585,728,0.05
1,1.3043,728,0.05
1,1.6056,728,0.05
0,3.3576,728,0.05
1,1.7137,728,0.05
1,3.0127,728,10.0
1,3.1992,728,10.0
1,2.4941,728,10.0
1,1.0964,728,10.0
0,2.9558,728,10.0
1,1.3493,728,10.0
1,0.885,728,10.0
1,1.2783,728,10.0
0,2.8153,728,0.05
0,2.8714,728,0.05
1,1.729,728,0.05
1,0.954,728,0.05
1,2.306,728,0.05
0,3.4718,728,0.05
1,1.1655,728,0.05
1,3.5006,728,0.05
1,3.7013,729,10.0
1,3.9311,729,10.0
0,2.5372,729,10.0
0,3.4731,729,10.0
1,4.9479,729,10.0
1,3.3336,729,10.0
1,1.6673,729,10.0
1,1.7611,729,10.0
0,2.0091,729,0.05
1,5.0227,729,0.05
1,2.3943,729,0.05
0,1.7487,729,0.05
1,3.5268,729,0.05
1,1.6265,729,0.05
1,1.3743,729,0.05
1,1.7068,729,0.05
1,1.8919,729,10.0
0,1.8243,729,10.0
0,2.2792,729,10.0
1,1.1704,729,0.05
1,3.0745,729,0.05
1,1.5005,729,0.05
1,2.0806,729,0.05
0,1.3667,729,0.05
1,1.4828,729,0.05
1,4.348,729,0.05
1,3.522,729,0.05
1,1.3426,729,10.0
1,1.2959,729,10.0
1,1.6675,729,10.0
1,2.2955,729,10.0
0,2.9007,729,10.0
0,1.463,729,10.0
0,4.981,729,10.0
1,3.8467,729,10.0
1,1.7398,729,10.0
1,4.084,729,10.0
1,3.5596,729,10.0
1,2.1449,729,10.0
0,4.969,729,10.0
1,4.0271,729,0.05
0,3.5173,729,0.05
1,4.0931,729,0.05
1,4.0575,729,0.05
1,1.2561,729,0.05
1,3.3061,729,0.05
1,1.0402,729,0.05
1,1.1357,729,0.05
0,5.4755,729,0.05
0,3.0997,729,0.05
1,4.0256,729,0.05
1,2.8406,729,0.05
0,4.634,729,0.05
1,2.5916,729,0.05
0,4.3399,729,0.05
1,5.539,729,0.05
1,6.3459,729,10.0
1,1.7591,729,10.0
1,2.0294,729,10.0
1,2.4574,729,10.0
0,4.334,729,10.0
1,1.1622,729,10.0
1,2.1674,729,10.0
1,1.9396,729,10.0
1,1.9597,729,10.0
1,2.5504,729,10.0
1,1.6112,729,10.0
0,1.6673,729,10.0
1,1.2173,729,10.0
1,2.039,730,10.0
0,1.6141,730,10.0
1,1.0784,730,10.0
1,1.1115,730,10.0
1,1.2607,730,10.0
1,1.3671,730,10.0
1,1.7505,730,10.0
0,2.0423,730,10.0
1,2.7697,730,0.05
1,1.5223,730,0.05
0,1.2759,730,0.05
0,1.1002,730,0.05
1,1.503,730,0.05
1,1.0028,730,0.05
1,1.1169,730,0.05
1,1.0841,730,0.05
1,2.3756,730,10.0
0,1.085,730,10.0
1,1.3249,730,10.0
1,1.105,730,10.0
1,0.9831,730,10.0
0,0.9835,730,10.0
1,1.2001,730,10.0
0,3.5151,730,10.0
0,2.2771,730,0.05
1,1.2333,730,0.05
1,1.85,730,0.05
1,1.7832,730,0.05
0,3.6502,730,0.05
1,0.9806,730,0.05
1,2.2499,730,0.05
0,3.1494,730,0.05
0,3.889,730,0.05
1,1.7953,730,0.05
1,1.3427,730,0.05
0,2.5005,730,0.05
1,3.8446,730,0.05
1,3.8857,730,0.05
1,2.5469,730,10.0
1,3.2235,730,10.0
1,1.9761,730,10.0
1,2.1687,730,10.0
1,1.9667,730,10.0
1,2.1835,730,10.0
1,2.5162,730,0.05
1,1.5503,730,0.05
1,2.0667,730,0.05
1,1.8835,730,0.05
1,1.9833,730,0.05
1,1.7338,730,0.05
1,1.5003,730,10.0
1,2.9333,730,10.0
1,3.5495,730,10.0
1,1.5951,730,10.0
1,1.25,730,10.0
0,1.8992,730,10.0
1,1.7335,730,10.0
1,1.2334,730,10.0
1,2.3002,730,0.05
1,1.4835,730,0.05
1,2.6329,730,0.05
1,2.1331,730,0.05
0,2.0884,730,0.05
1,1.6501,730,0.05
1,1.4592,730,0.05
0,2.8695,730,0.05
0,2.087,730,10.0
1,1.1801,730,10.0
1,0.9635,730,10.0
1,1.4294,730,10.0
1,1.3943,730,10.0
1,1.0963,730,10.0
0,1.3199,730,10.0
1,1.4727,730,10.0
1,3.091,730,0.05
1,2.9169,730,0.05
1,3.0338,730,0.05
1,1.7679,730,0.05
0,2.0882,730,0.05
1,1.8524,730,0.05
1,1.1253,730,0.05
0,1.9745,730,0.05
1,1.9887,730,10.0
1,1.2781,730,10.0
1,1.9494,730,10.0
0,1.6623,730,10.0
0,1.944,730,10.0
1,1.5461,730,10.0
1,0.8998,730,10.0
1,6.4016,731,10.0
0,9.0551,731,10.0
0,8.1379,731,10.0
1,3.6523,731,10.0
1,4.0654,731,10.0
1,2.6124,731,10.0
0,2.5157,731,10.0
1,4.1948,731,10.0
1,4.633,731,0.05
1,5.174,731,0.05
1,2.7276,731,0.05
0,5.9429,731,0.05
0,4.1611,731,0.05
1,7.9397,731,0.05
0,7.3611,731,0.05
1,3.1963,731,0.05
1,5.0772,731,0.05
1,6.7445,731,0.05
1,8.4301,731,0.05
1,7.5129,731,0.05
1,6.3641,731,0.05
1,7.8822,731,0.05
1,9.2987,731,0.05
1,3.0462,731,0.05
1,8.6784,731,10.0
0,9.2081,731,10.0
1,2.0679,731,10.0
1,6.1484,731,10.0
1,4.6301,731,10.0
0,9.5135,731,10.0
1,2.5203,731,10.0
1,3.6343,731,10.0
1,4.3806,731,10.0
1,8.0993,731,10.0
1,7.2616,731,10.0
1,3.6459,731,0.05
1,4.0997,731,0.05
1,3.6778,731,0.05
1,3.4422,731,0.05
1,3.2593,731,0.05
1,3.9231,731,0.05
1,6.9081,731,0.05
1,10.9404,731,0.05
0,6.5417,731,0.05
1,3.5134,731,0.05
0,2.8988,731,0.05
1,2.4149,731,0.05
1,1.9338,731,0.05
1,4.429,731,0.05
1,7.2487,731,0.05
1,5.1337,731,0.05
1,4.9559,731,10.0
1,5.2982,731,10.0
1,2.5324,731,10.0
1,7.3626,731,10.0
0,5.7789,731,10.0
1,5.4643,731,10.0
0,6.0638,731,10.0
1,7.4321,731,10.0
0,3.5803,731,0.05
1,2.3787,731,0.05
0,2.9091,731,0.05
1,4.1918,731,0.05
1,1.8948,731,0.05
1,2.7403,731,0.05
1,2.6262,731,0.05
1,3.6608,731,0.05
1,4.5231,731,0.05
1,3.5261,731,0.05
1,3.4136,731,0.05
0,2.2904,731,0.05
1,4.4076,731,0.05
1,1.5617,731,0.05
1,3.9169,731,0.05
1,2.4959,731,0.05
1,3.1311,731,10.0
1,4.0323,731,10.0
1,2.5129,731,10.0
0,5.9239,731,10.0
1,4.893,731,10.0
1,4.3312,731,10.0
1,6.23,731,10.0
1,6.0954,731,10.0
0,5.2316,731,10.0
1,6.0977,731,10.0
1,3.4665,731,10.0
0,2.8,731,10.0
0,6.6131,731,10.0
1,4.2679,731,10.0
1,4.8331,731,10.0
1,4.8646,731,10.0
1,0.9989,733,0.05
1,2.7849,733,0.05
1,1.6676,733,0.05
1,1.7503,733,0.05
0,1.1678,733,0.05
1,2.1188,733,0.05
1,1.1329,733,0.05
1,1.3499,733,0.05
0,3.1007,733,0.05
1,0.9831,733,0.05
1,1.1842,733,0.05
1,2.2825,733,0.05
0,1.4348,733,0.05
0,1.6256,733,0.05
1,1.4337,733,0.05
1,1.1847,733,0.05
0,1.4996,733,10.0
1,1.2865,733,10.0
1,1.2479,733,10.0
1,2.8256,733,10.0
1,1.817,733,10.0
1,1.4614,733,10.0
0,1.856,733,10.0
0,1.2883,733,10.0
1,2.5325,733,10.0
1,2.5019,733,10.0
1,1.3196,733,10.0
1,2.8737,733,10.0
1,2.3945,733,10.0
1,1.1227,733,10.0
1,2.801,733,10.0
0,1.5783,733,10.0
1,3.3685,733,10.0
1,2.8673,733,10.0
1,2.3127,733,10.0
1,3.358,733,10.0
1,1.4493,733,10.0
1,3.0684,733,10.0
1,3.603,733,10.0
1,5.2584,733,10.0
1,2.0036,733,0.05
1,3.135,733,0.05
1,5.8649,733,0.05
0,4.4615,733,0.05
0,4.9476,733,0.05
1,4.9602,733,0.05
1,3.2653,733,0.05
1,3.9998,733,0.05
1,2.7679,733,10.0
0,4.7217,733,10.0
0,4.5469,733,10.0
1,2.6175,733,10.0
1,2.937,733,10.0
0,3.3031,733,10.0
0,4.136,733,10.0
1,5.8889,733,10.0
0,5.2262,733,10.0
1,5.2423,733,10.0
1,5.0398,733,10.0
1,7.0786,733,10.0
1,2.1975,733,10.0
1,3.8007,733,10.0
1,1.8324,733,10.0
0,2.4498,733,10.0
1,4.2149,733,10.0
0,6.5072,733,10.0
1,2.6147,733,10.0
1,3.8539,733,10.0
1,5.9834,733,0.05
1,8.8892,733,0.05
0,6.6757,733,0.05
0,5.3731,733,0.05
1,5.3051,733,0.05
1,6.5664,733,0.05
0,3.3644,733,0.05
1,5.9451,733,0.05
1,4.3178,733,0.05
1,5.5836,733,0.05
0,8.5391,733,0.05
1,7.219,733,0.05
0,4.0893,733,0.05
1,4.576,733,0.05
1,4.0805,733,0.05
0,2.0989,734,10.0
1,2.2293,734,10.0
0,1.8596,734,10.0
1,1.3476,734,10.0
0,2.7602,734,10.0
1,1.308,734,10.0
1,1.5014,734,10.0
1,1.6162,734,10.0
0,3.0555,734,10.0
1,1.8269,734,10.0
1,1.1981,734,10.0
1,1.3689,734,10.0
1,1.591,734,10.0
0,1.6209,734,0.05
1,1.6799,734,0.05
0,0.867,734,0.05
0,1.2636,734,0.05
1,1.5423,734,0.05
1,2.8885,734,0.05
0,1.4305,734,0.05
1,3.2043,734,0.05
1,2.0208,734,0.05
1,2.9647,734,0.05
0,1.9692,734,0.05
1,0.8836,734,0.05
1,1.6721,734,0.05
1,1.2465,734,0.05
1,1.1652,734,0.05
1,3.2993,734,0.05
1,2.3128,734,0.05
1,1.4046,734,0.05
1,1.4591,734,0.05
0,2.0382,734,0.05
1,1.0283,734,0.05
1,1.3038,734,10.0
1,2.2551,734,10.0
0,2.3212,734,10.0
1,1.0904,734,10.0
1,1.0838,734,10.0
1,0.8647,734,10.0
0,0.8176,734,10.0
1,1.8857,734,10.0
1,2.0244,734,10.0
0,0.988,734,10.0
1,1.9446,734,10.0
1,1.2128,734,10.0
1,1.4397,734,10.0
1,1.1914,734,10.0
1,1.6921,734,10.0
1,1.4716,734,10.0
1,1.2198,734,10.0
0,1.3622,734,10.0
1,1.2005,734,10.0
1,1.0673,734,10.0
1,0.7931,734,10.0
1,2.8037,734,10.0
0,1.411,734,10.0
1,1.0107,734,0.05
1,0.9552,734,0.05
0,1.0464,734,0.05
1,2.2538,734,0.05
0,1.6603,734,0.05
1,1.0221,734,0.05
0,0.7649,734,0.05
0,0.9917,734,0.05
1,1.2051,734,0.05
0,3.0884,734,0.05
1,1.1604,734,0.05
1,1.0537,734,0.05
0,2.3033,734,0.05
1,2.3853,736,10.0
1,1.8017,736,10.0
0,1.4343,736,10.0
0,2.6521,736,10.0
1,2.393,736,10.0
1,2.3549,736,10.0
0,1.3096,736,10.0
1,1.3914,736,0.05
1,1.4817,736,0.05
1,2.0346,736,0.05
0,1.303,736,0.05
0,2.1553,736,0.05
1,1.0576,736,0.05
1,1.7168,736,0.05
0,1.2638,736,0.05
1,1.9606,736,0.05
0,2.0604,736,0.05
1,2.6419,736,10.0
0,0.768,736,10.0
1,1.1573,736,10.0
1,0.7576,736,10.0
0,0.6275,736,10.0
0,1.3293,736,10.0
0,1.1496,736,10.0
1,0.8754,736,10.0
1,1.1161,736,0.05
0,1.4306,736,0.05
0,1.436,736,0.05
1,1.3187,736,0.05
1,2.1972,736,0.05
0,1.4968,736,0.05
1,1.9857,736,0.05
0,1.7731,736,0.05
0,2.036,736,10.0
0,1.0267,736,10.0
1,2.4977,736,10.0
0,0.9442,736,10.0
1,1.5772,736,10.0
0,1.5953,736,10.0
1,0.7484,736,10.0
1,1.1973,736,10.0
1,0.8237,736,0.05
0,2.0674,736,0.05
1,1.2632,736,0.05
0,1.7164,736,0.05
0,1.2627,736,0.05
0,2.784,736,10.0
1,1.9892,736,10.0
1,1.5728,736,10.0
1,2.7581,736,10.0
1,1.6756,736,10.0
0,2.1212,736,10.0
1,1.1218,736,10.0
1,1.4351,736,10.0
1,1.2776,736,10.0
1,1.6827,736,10.0
1,1.5489,736,10.0
1,1.3113,736,10.0
0,1.6167,736,10.0
1,1.2467,736,10.0
0,1.451,736,10.0
1,1.3907,736,10.0
0,2.6253,736,0.05
1,1.3268,736,0.05
1,1.6983,736,0.05
1,2.1116,736,0.05
1,1.9253,736,0.05
1,2.1813,736,0.05
0,1.6314,736,0.05
1,2.6013,736,0.05
1,0.8674,736,0.05
1,1.2469,736,0.05
0,1.1261,736,0.05
1,1.809,736,0.05
1,1.1414,736,0.05
1,1.0875,736,0.05
1,1.2763,736,0.05
0,6.9989,740,0.05
1,4.0051,740,0.05
1,4.232,740,0.05
1,5.993,740,0.05
1,6.5264,740,0.05
1,2.9581,740,0.05
1,4.0383,740,0.05
1,3.3723,740,0.05
1,5.0378,740,10.0
1,2.9324,740,10.0
1,3.5226,740,10.0
1,2.7882,740,10.0
1,4.6014,740,10.0
0,5.328,740,10.0
0,5.5318,740,10.0
1,5.4594,740,10.0
0,2.9018,740,10.0
0,4.0146,740,10.0
1,3.9451,740,10.0
1,4.3766,740,10.0
1,3.261,740,10.0
1,3.1558,740,10.0
1,4.3974,740,10.0
1,3.0979,740,10.0
0,2.3919,740,0.05
1,2.7114,740,0.05
1,6.7024,740,0.05
1,3.7102,740,0.05
1,3.6871,740,0.05
1,3.4278,740,0.05
1,7.0031,740,0.05
0,4.7241,740,0.05
1,2.6884,740,10.0
1,6.2806,740,10.0
1,5.1286,740,10.0
0,8.0453,740,10.0
1,9.2108,740,10.0
1,4.4017,740,10.0
1,2.7515,740,0.05
1,2.5024,740,0.05
1,5.6622,740,0.05
1,4.8542,740,0.05
1,4.7503,740,0.05
1,4.6271,740,0.05
1,4.5936,740,0.05
1,3.1243,740,10.0
1,2.7198,740,10.0
1,4.04,740,10.0
0,3.7079,740,10.0
0,2.9005,740,10.0
1,3.255,740,10.0
0,4.5762,740,10.0
0,4.5316,740,10.0
1,6.8779,740,10.0
1,8.7366,740,10.0
1,7.0691,740,10.0
1,4.7163,740,10.0
0,4.3953,740,10.0
1,5.5151,740,10.0
1,4.8808,740,10.0
1,3.3392,740,10.0
1,3.058,740,10.0
1,5.4065,740,10.0
1,3.8111,740,10.0
0,5.9564,740,10.0
1,3.6586,740,0.05
0,5.3508,740,0.05
1,3.5383,740,0.05
1,2.6592,740,0.05
1,2.7643,740,0.05
0,7.933,740,0.05
1,6.3524,740,0.05
1,5.4293,740,0.05
0,3.885,740,0.05
1,2.9953,740,0.05
1,4.4113,740,0.05
1,3.0694,740,0.05
1,5.2761,740,0.05
1,4.6933,740,0.05
1,3.4537,740,0.05
1,7.1748,740,0.05
0,3.189,741,10.0
1,2.992,741,10.0
0,3.581,741,10.0
1,2.227,741,10.0
1,2.777,741,10.0
1,2.241,741,10.0
0,2.591,741,10.0
1,3.526,741,10.0
0,2.336,741,10.0
1,1.358,741,10.0
1,2.06,741,10.0
0,2.893,741,10.0
1,2.037,741,10.0
1,1.546,741,10.0
1,1.86,741,10.0
1,1.736,741,10.0
1,1.522,741,0.05
0,1.636,741,0.05
1,1.542,741,0.05
1,1.346,741,0.05
0,2.659,741,0.05
1,1.555,741,0.05
0,2.561,741,0.05
1,1.96,741,0.05
1,1.821,741,0.05
0,1.973,741,0.05
1,1.264,741,0.05
1,1.486,741,0.05
0,0.942,741,0.05
0,2.33,741,0.05
0,1.993,741,0.05
0,1.458,741,0.05
1,1.641,741,10.0
0,1.303,741,10.0
1,1.235,741,10.0
1,1.666,741,10.0
1,3.325,741,10.0
1,2.158,741,10.0
1,1.706,741,10.0
0,2.501,741,0.05
1,1.73,741,0.05
0,2.205,741,0.05
1,1.499,741,0.05
0,1.782,741,0.05
1,1.823,741,0.05
1,2.011,741,0.05
0,2.587,741,0.05
1,1.518,741,10.0
1,2.716,741,10.0
0,2.369,741,10.0
1,2.125,741,10.0
1,1.743,741,10.0
0,1.501,741,10.0
0,1.526,741,10.0
1,1.673,741,10.0
1,2.5,741,0.05
1,2.346,741,0.05
1,1.807,741,0.05
1,1.639,741,0.05
0,1.261,741,0.05
0,1.9,741,0.05
0,1.523,741,0.05
1,1.881,741,0.05
0,3.596,741,10.0
1,2.601,741,10.0
1,2.892,741,10.0
1,2.326,741,10.0
0,2.088,741,10.0
0,2.804,741,10.0
1,2.186,741,10.0
1,3.275,741,10.0
1,1.679,741,0.05
1,2.925,741,0.05
1,2.42,741,0.05
0,3.271,741,0.05
0,3.747,741,0.05
1,1.7,741,0.05
1,1.227,741,0.05
1,2.042,741,0.05
1,1.835,741,10.0
1,4.134,741,10.0
1,2.355,741,10.0
1,3.252,741,10.0
1,1.986,741,10.0
1,2.959,741,10.0
1,2.746,741,0.05
1,2.113,741,0.05
1,2.035,741,0.05
1,2.719,741,0.05
1,2.312,741,0.05
1,3.255,741,0.05
1,2.235,741,0.05
1,1.6253,742,10.0
1,2.7192,742,10.0
0,2.7678,742,10.0
1,1.6454,742,10.0
1,6.5382,742,10.0
1,4.2732,742,10.0
0,5.0988,742,10.0
1,3.9738,742,10.0
0,2.6044,742,10.0
0,2.8585,742,10.0
0,3.4597,742,10.0
1,4.4846,742,10.0
1,4.3358,742,10.0
0,2.3131,742,10.0
0,6.5561,742,10.0
0,2.2121,742,0.05
1,5.1784,742,0.05
1,1.8227,742,0.05
0,4.4763,742,0.05
1,7.1262,742,0.05
1,4.3453,742,0.05
1,1.2162,742,0.05
1,3.9793,742,0.05
1,6.3935,742,0.05
0,3.2109,742,0.05
1,4.3826,742,0.05
1,4.1698,742,0.05
0,5.5081,742,0.05
1,5.0458,742,0.05
1,5.188,742,10.0
1,2.1668,742,10.0
1,2.111,742,10.0
1,1.5173,742,10.0
1,1.9281,742,10.0
1,3.187,742,10.0
1,1.9146,742,10.0
1,4.0799,742,10.0
0,2.0788,742,0.05
1,2.1273,742,0.05
1,1.5285,742,0.05
0,3.7605,742,0.05
1,2.1288,742,0.05
0,3.7359,742,0.05
0,4.9175,742,0.05
1,1.677,742,0.05
1,2.176,742,0.05
1,2.7873,742,0.05
1,3.763,742,0.05
1,4.1069,742,0.05
1,2.2534,742,0.05
0,3.3883,742,0.05
1,3.8364,742,10.0
1,2.228,742,10.0
1,2.8867,742,10.0
1,1.5165,742,10.0
1,2.0869,742,10.0
1,2.5982,742,10.0
1,2.2636,742,10.0
1,1.7096,742,10.0
1,2.6664,742,0.05
0,4.762,742,0.05
1,2.7868,742,0.05
1,3.8528,742,0.05
1,1.479,742,0.05
0,3.7808,742,0.05
1,2.7887,742,0.05
0,1.6091,742,0.05
1,2.2554,742,0.05
0,1.5388,742,0.05
0,1.8024,742,0.05
1,1.0132,742,0.05
1,3.0638,742,0.05
1,2.7359,742,0.05
1,2.3211,742,0.05
1,2.2061,742,0.05
0,3.6611,742,10.0
1,6.5629,743,10.0
1,6.7099,743,10.0
1,3.2912,743,10.0
0,3.7968,743,10.0
0,3.2022,743,10.0
0,2.2793,743,0.05
1,3.6343,743,0.05
1,2.9696,743,0.05
1,3.1499,743,0.05
0,5.49,743,0.05
0,3.965,743,0.05
1,3.743,743,0.05
1,3.414,743,0.05
1,4.0652,743,0.05
1,2.8445,743,0.05
0,3.1748,743,0.05
1,2.9111,743,0.05
0,6.2251,743,0.05
0,3.3427,743,0.05
1,4.0634,743,0.05
1,3.7527,743,0.05
1,6.2898,743,0.05
1,3.7248,743,0.05
1,3.6605,743,10.0
0,3.1848,743,10.0
0,4.0651,743,10.0
1,2.712,743,10.0
0,4.732,743,10.0
1,2.3119,743,10.0
1,2.4985,743,10.0
0,4.1847,743,10.0
1,3.2072,743,10.0
1,3.3178,743,10.0
0,3.0479,743,10.0
1,2.3894,743,10.0
0,4.0081,743,10.0
1,2.4476,743,10.0
1,3.4853,743,0.05
1,3.2149,743,0.05
1,3.483,743,0.05
1,4.7507,743,0.05
0,4.7048,743,0.05
0,2.7374,743,0.05
0,4.1153,743,0.05
1,2.7967,743,0.05
1,3.8068,743,10.0
0,4.2726,743,10.0
1,5.216,743,10.0
1,2.3797,743,10.0
1,4.9818,743,10.0
1,2.6095,743,10.0
0,2.9182,743,10.0
0,3.7704,743,10.0
0,2.0428,743,0.05
1,2.1966,743,0.05
0,3.8931,743,0.05
1,2.3835,743,0.05
1,3.9804,743,0.05
0,2.2774,743,0.05
1,1.9992,743,0.05
1,2.6202,743,0.05
1,2.1506,743,10.0
0,2.9025,743,10.0
0,2.9381,743,10.0
1,1.8091,743,10.0
1,2.0234,743,10.0
0,2.4246,743,10.0
1,4.1378,743,10.0
1,2.2781,743,10.0
1,2.2736,743,0.05
1,2.9934,743,0.05
1,2.0626,743,0.05
1,2.0034,743,0.05
1,2.0548,743,0.05
1,2.91,743,0.05
0,4.8875,743,0.05
0,2.0671,743,0.05
1,2.9782,744,10.0
1,3.2132,744,10.0
0,2.1891,744,10.0
1,2.5538,744,10.0
1,1.7142,744,10.0
1,2.9575,744,10.0
1,1.3844,744,10.0
1,1.8804,744,10.0
0,1.917,744,10.0
1,2.5732,744,10.0
1,2.2958,744,10.0
0,2.7061,744,10.0
1,1.1321,744,10.0
1,1.8621,744,10.0
0,1.2651,744,10.0
1,0.9368,744,0.05
0,1.4097,744,0.05
0,1.4165,744,0.05
1,0.8921,744,0.05
1,1.7526,744,0.05
1,1.154,744,0.05
1,1.0422,744,0.05
1,1.5112,744,0.05
1,0.805,744,0.05
1,1.9884,744,0.05
1,1.3491,744,0.05
0,1.8797,744,0.05
1,2.0115,744,0.05
1,2.0591,744,0.05
1,1.6085,744,0.05
1,1.234,744,0.05
1,0.8356,744,0.05
1,1.3509,744,0.05
1,1.6013,744,0.05
1,3.0522,744,0.05
0,0.9464,744,0.05
1,0.8372,744,0.05
0,0.9675,744,0.05
1,1.2547,744,0.05
1,1.5036,744,0.05
1,2.0729,744,0.05
1,1.3092,744,0.05
1,1.3159,744,0.05
1,1.131,744,0.05
0,1.2119,744,0.05
0,3.1838,744,0.05
1,1.3527,744,10.0
1,1.2054,744,10.0
1,1.9807,744,10.0
1,1.3093,744,10.0
0,1.2931,744,10.0
1,0.9235,744,10.0
1,0.9082,744,10.0
1,1.4886,744,10.0
1,1.2047,744,10.0
1,0.9206,744,10.0
1,0.7824,744,10.0
1,3.1658,744,10.0
0,2.3248,744,10.0
1,1.7838,744,0.05
1,1.4319,744,0.05
1,0.7218,744,0.05
0,1.5115,744,0.05
1,0.7589,744,0.05
1,0.8482,744,0.05
0,1.1619,744,0.05
1,3.4382,744,0.05
1,2.232,744,0.05
1,1.4241,744,0.05
1,0.8427,744,0.05
1,2.5602,744,0.05
1,1.8878,744,0.05
1,3.4419,744,0.05
1,1.9321,744,0.05
0,1.4414,744,0.05
1,1.2493,744,10.0
0,1.3041,744,10.0
1,1.7113,744,10.0
1,1.7336,744,10.0
1,0.7898,744,10.0
0,1.0205,744,10.0
1,1.2591,744,10.0
0,4.4542,745,0.05
1,3.0771,745,0.05
1,2.301,745,0.05
0,3.0624,745,0.05
1,4.1852,745,0.05
1,4.284,745,0.05
1,2.396,745,0.05
1,1.7622,745,0.05
1,2.8276,745,0.05
1,4.2005,745,0.05
1,1.7848,745,0.05
1,1.5798,745,0.05
1,1.7985,745,0.05
1,3.1152,745,0.05
1,2.2014,745,0.05
1,1.9341,745,0.05
0,6.7213,745,10.0
1,6.3346,745,10.0
0,1.4304,745,10.0
1,6.999,745,10.0
1,6.9385,745,10.0
1,1.697,745,10.0
1,4.0427,745,0.05
1,2.3631,745,0.05
1,1.7523,745,0.05
1,1.0874,745,0.05
1,6.766,745,0.05
0,1.2625,745,0.05
1,1.5985,745,0.05
0,2.4308,745,0.05
1,1.8322,745,10.0
1,1.4046,745,10.0
1,1.1313,745,10.0
0,2.3343,745,10.0
1,1.4773,745,10.0
1,3.3311,745,10.0
1,3.9634,745,0.05
1,2.6921,745,0.05
1,2.4874,745,0.05
1,2.7476,745,0.05
1,1.8367,745,0.05
1,1.0967,745,0.05
1,1.4398,745,0.05
1,1.6666,745,10.0
1,2.5212,745,10.0
1,5.0383,745,10.0
1,1.1498,745,10.0
1,4.3841,745,10.0
1,1.7224,745,10.0
1,1.1284,745,10.0
1,1.4085,745,10.0
1,1.8255,746,0.05
1,1.8071,746,0.05
1,2.7795,746,0.05
1,2.1924,746,0.05
1,1.8805,746,0.05
0,1.9825,746,0.05
0,1.9128,746,0.05
1,1.9415,746,0.05
1,2.0244,746,10.0
1,2.4234,746,10.0
0,1.4838,746,10.0
1,1.95,746,10.0
1,2.1122,746,10.0
1,1.7924,746,10.0
1,1.7215,746,10.0
1,2.324,746,10.0
1,2.1177,746,0.05
0,1.4644,746,0.05
1,1.5481,746,0.05
1,2.8399,746,0.05
1,1.7018,746,0.05
1,1.8961,746,0.05
1,1.9291,746,0.05
1,1.6156,746,0.05
0,1.6143,746,10.0
0,1.9142,746,10.0
0,2.0695,746,10.0
1,1.882,746,10.0
1,1.9041,746,10.0
1,2.4114,746,10.0
1,2.3723,746,10.0
1,2.4308,746,10.0
1,1.428,746,10.0
1,2.2301,746,10.0
1,2.0245,746,10.0
1,2.1814,746,10.0
1,1.5197,746,10.0
0,1.5272,746,10.0
0,1.4228,746,10.0
0,1.4679,746,10.0
1,1.448,746,10.0
0,1.0837,746,10.0
1,1.4645,746,10.0
1,1.2585,746,10.0
1,2.3455,746,10.0
1,2.5652,746,0.05
0,2.2094,746,0.05
0,1.4258,746,0.05
1,1.364,746,0.05
0,1.1967,746,0.05
1,1.393,746,0.05
1,0.9473,746,0.05
0,1.69,746,0.05
1,1.5371,746,10.0
0,1.3643,746,10.0
1,1.5667,746,10.0
1,1.8827,746,10.0
1,1.3483,746,10.0
0,1.839,746,10.0
1,0.979,746,10.0
1,1.7252,746,10.0
1,1.4217,746,0.05
1,1.5565,746,0.05
1,1.523,746,0.05
1,1.2203,746,0.05
1,1.2061,746,0.05
1,1.0727,746,0.05
1,1.0711,746,0.05
0,1.7314,746,0.05
0,1.1689,747,0.05
1,1.1299,747,0.05
0,1.2523,747,0.05
1,1.1894,747,0.05
0,1.6457,747,0.05
1,1.8231,747,0.05
1,1.0523,747,0.05
1,1.2935,747,0.05
0,2.3519,747,10.0
1,1.8099,747,10.0
1,2.7942,747,10.0
0,1.5201,747,10.0
1,1.5459,747,10.0
1,1.5605,747,10.0
1,1.2408,747,0.05
1,1.0194,747,0.05
1,1.2381,747,0.05
0,2.7324,747,0.05
1,1.1295,747,0.05
0,1.8507,747,0.05
1,1.3738,747,0.05
1,0.8498,747,0.05
0,2.2568,747,10.0
1,1.5226,747,10.0
1,0.9949,747,10.0
1,1.1828,747,10.0
1,0.9924,747,10.0
0,2.1633,747,10.0
1,1.7124,747,10.0
1,1.3188,747,10.0
1,2.5073,747,10.0
1,1.8335,747,10.0
1,1.3796,747,10.0
1,2.502,747,10.0
1,1.7346,747,10.0
1,2.1686,747,10.0
0,2.2497,747,0.05
1,1.4082,747,0.05
1,0.8947,747,0.05
1,1.338,747,0.05
0,1.3543,747,0.05
1,1.2328,747,0.05
1,2.2394,747,0.05
1,1.19,747,0.05
0,2.1284,747,10.0
1,1.3302,747,10.0
0,1.4146,747,10.0
1,1.1556,747,10.0
1,1.3693,747,10.0
1,1.1772,747,10.0
1,0.9045,747,10.0
0,2.1063,747,10.0
1,0.7419,747,0.05
1,0.8588,747,0.05
0,1.6316,747,0.05
0,2.2132,747,0.05
1,2.1002,747,0.05
1,1.926,747,0.05
1,2.2696,747,0.05
1,1.6253,747,0.05
1,1.4124,747,10.0
0,1.5146,747,10.0
1,1.707,747,10.0
1,1.7327,747,10.0
1,1.5148,747,10.0
0,2.0583,747,10.0
1,1.039,747,10.0
1,1.733,747,10.0
1,1.0945,747,10.0
0,2.3523,747,10.0
1,2.4969,747,10.0
0,2.2878,747,10.0
1,3.0528,747,10.0
1,2.7676,747,10.0
1,1.6766,747,10.0
1,1.5155,747,10.0
1,1.1767,747,0.05
1,2.0162,747,0.05
0,1.3199,747,0.05
1,1.2346,747,0.05
1,1.5638,747,0.05
1,1.1092,747,0.05
1,1.1333,747,0.05
0,1.3212,747,0.05
1,0.8836,747,0.05
1,0.8782,747,0.05
0,1.9748,747,0.05
0,1.2903,747,0.05
1,0.9041,747,0.05
1,1.2416,747,0.05
1,1.1407,747,0.05
0,2.1753,749,0.05
0,2.6083,749,0.05
1,2.2447,749,0.05
1,1.3886,749,0.05
0,3.0725,749,0.05
0,2.06,749,0.05
1,3.8083,749,0.05
1,1.8157,749,0.05
1,2.173,749,0.05
1,1.9935,749,0.05
1,1.9481,749,0.05
1,2.8638,749,0.05
0,1.9467,749,0.05
0,1.4945,749,0.05
1,2.8515,749,0.05
0,3.133,749,0.05
1,2.7026,749,10.0
0,3.9011,749,10.0
1,2.3716,749,10.0
1,3.1693,749,10.0
0,1.9542,749,10.0
1,2.8049,749,10.0
1,2.653,749,10.0
1,2.9726,749,10.0
0,3.2538,749,10.0
1,1.9456,749,10.0
1,2.1873,749,0.05
1,3.1547,749,0.05
0,2.7554,749,0.05
1,2.1539,749,0.05
1,2.1352,749,0.05
0,2.3741,749,0.05
1,1.6605,749,0.05
1,1.9242,749,0.05
1,1.9037,749,0.05
1,1.7076,749,0.05
0,1.5346,749,0.05
0,2.04,749,0.05
1,2.0253,749,0.05
1,2.2424,749,0.05
1,2.209,749,0.05
1,1.7339,749,0.05
1,1.7923,749,10.0
1,1.6377,749,10.0
1,2.321,749,10.0
1,3.2758,749,10.0
1,2.5719,749,10.0
1,2.2702,749,10.0
0,3.5895,749,10.0
1,2.1376,749,10.0
1,2.2109,749,10.0
1,1.6383,749,10.0
1,1.8045,749,10.0
1,2.8303,749,10.0
1,1.971,749,10.0
1,1.5961,749,10.0
1,1.2382,749,10.0
1,1.9877,749,10.0
1,2.4629,749,10.0
0,3.2616,749,10.0
1,1.9287,749,10.0
1,2.4956,749,10.0
1,1.6788,749,10.0
0,1.7536,749,0.05
1,1.0231,749,0.05
1,1.095,749,0.05
0,1.13,749,0.05
1,1.2987,749,0.05
1,1.5989,749,0.05
1,1.5293,749,0.05
1,1.8826,749,0.05
1,1.4177,749,0.05
1,0.8282,749,0.05
1,0.9473,749,0.05
0,1.4482,749,0.05
1,1.3857,749,0.05
0,1.3447,749,0.05
0,2.1605,749,0.05
1,1.0493,749,0.05
1,1.524,750,0.05
1,2.21,750,0.05
1,1.328,750,0.05
1,1.011,750,0.05
1,1.16,750,0.05
1,2.528,750,0.05
0,1.262,750,0.05
0,1.492,750,0.05
1,2.144,750,0.05
1,1.21,750,0.05
1,2.145,750,0.05
1,1.895,750,0.05
1,1.227,750,0.05
1,1.481,750,0.05
1,1.478,750,0.05
1,1.795,750,10.0
1,1.275,750,10.0
0,1.578,750,10.0
0,1.495,750,10.0
0,2.226,750,10.0
1,1.495,750,10.0
0,1.909,750,10.0
0,1.611,750,10.0
1,1.679,750,10.0
0,1.195,750,10.0
0,1.529,750,10.0
1,1.061,750,10.0
0,1.579,750,10.0
1,1.096,750,10.0
1,1.112,750,10.0
1,1.046,750,10.0
1,1.345,750,0.05
1,1.842,750,0.05
0,2.326,750,0.05
0,2.961,750,0.05
0,2.092,750,0.05
1,1.045,750,0.05
0,1.642,750,0.05
1,1.111,750,0.05
1,1.31,750,10.0
1,1.011,750,10.0
1,0.994,750,10.0
1,1.128,750,10.0
0,1.529,750,10.0
1,0.894,750,10.0
0,1.129,750,10.0
1,0.945,750,10.0
1,1.261,750,10.0
0,2.644,750,10.0
1,1.295,750,0.05
0,1.77,750,0.05
1,1.928,750,0.05
1,1.628,750,0.05
1,1.174,750,0.05
1,2.311,750,0.05
1,1.062,750,0.05
0,1.727,750,0.05
1,1.111,750,10.0
0,1.512,750,10.0
1,1.029,750,10.0
1,0.826,750,10.0
1,1.011,750,10.0
1,1.228,750,10.0
1,2.793,750,10.0
1,1.929,750,10.0
1,1.826,750,0.05
1,1.443,750,0.05
0,2.779,750,0.05
0,2.461,750,0.05
1,1.028,750,0.05
1,1.244,750,0.05
1,1.112,750,0.05
0,2.195,750,0.05
1,1.142,750,10.0
1,1.645,750,10.0
1,1.529,750,10.0
1,1.8235,751,0.05
1,1.5745,751,0.05
0,2.2318,751,0.05
1,1.4584,751,0.05
0,1.9219,751,0.05
0,2.0438,751,0.05
1,1.6104,751,0.05
0,1.615,751,0.05
1,1.1078,751,0.05
0,1.845,751,0.05
1,0.9519,751,0.05
0,1.431,751,0.05
0,1.504,751,0.05
1,1.0612,751,10.0
0,1.7735,751,10.0
1,1.6447,751,10.0
1,0.7432,751,10.0
1,0.9279,751,10.0
0,1.6596,751,10.0
1,1.0313,751,10.0
1,0.8519,751,10.0
1,0.9781,751,0.05
0,0.9567,751,0.05
1,0.8075,751,0.05
1,2.5398,751,0.05
1,0.9748,751,0.05
1,1.2758,751,0.05
1,2.281,751,0.05
0,1.774,751,0.05
1,1.3811,751,0.05
1,1.4162,751,0.05
1,1.7634,751,0.05
1,1.8477,751,0.05
1,1.225,751,0.05
1,1.1409,751,0.05
1,0.9517,751,0.05
1,1.5785,751,0.05
1,0.9782,751,10.0
1,0.9288,751,10.0
1,1.7142,751,10.0
1,0.8963,751,10.0
1,1.4131,751,10.0
1,2.781,751,10.0
1,1.8818,751,10.0
1,2.4845,751,10.0
1,1.4923,751,0.05
1,1.5084,751,0.05
1,2.2361,751,0.05
0,1.2985,751,0.05
0,1.5339,751,0.05
1,1.113,751,0.05
0,0.8504,751,0.05
0,1.4707,751,0.05
0,2.4243,751,10.0
1,1.628,751,10.0
1,0.7634,751,10.0
1,0.853,751,10.0
1,0.8642,751,10.0
1,2.0197,751,10.0
1,0.9669,751,10.0
1,1.1017,751,10.0
1,2.0066,752,10.0
1,1.4616,752,10.0
1,1.5336,752,10.0
1,2.0747,752,10.0
1,1.3575,752,10.0
1,1.1294,752,10.0
0,1.3248,752,10.0
1,1.2511,752,10.0
1,2.4523,752,10.0
0,1.5324,752,10.0
1,1.1117,752,10.0
1,1.3083,752,10.0
1,0.8353,752,10.0
1,1.2057,752,10.0
1,0.9861,752,10.0
1,1.0467,752,10.0
1,1.8217,752,0.05
1,1.1984,752,0.05
1,1.0805,752,0.05
0,1.9447,752,0.05
1,0.9929,752,0.05
1,0.8758,752,0.05
1,1.0104,752,0.05
1,1.9609,752,0.05
1,1.3365,752,0.05
1,1.9722,752,0.05
1,1.1294,752,0.05
1,1.0266,752,0.05
1,2.498,752,0.05
1,1.2878,752,0.05
1,0.9466,752,0.05
1,1.1051,752,0.05
0,1.3871,752,0.05
0,1.8287,752,0.05
0,1.4845,752,0.05
1,1.0692,752,0.05
1,0.9567,752,0.05
1,0.8577,752,0.05
1,0.9943,752,0.05
1,2.0958,752,0.05
1,1.3398,752,0.05
1,1.3729,752,0.05
1,1.7897,752,0.05
1,0.9751,752,0.05
1,2.0325,752,0.05
0,1.292,752,0.05
1,1.1394,752,0.05
0,2.1659,752,10.0
0,1.376,752,10.0
1,2.2994,752,10.0
1,1.6095,752,10.0
1,1.0192,752,10.0
1,1.4707,752,10.0
1,0.9164,752,10.0
0,1.9271,752,10.0
1,0.7492,752,10.0
0,1.2194,752,10.0
1,1.0962,752,10.0
0,2.4136,752,10.0
1,1.6822,752,10.0
1,0.9552,752,10.0
0,1.7215,752,10.0
1,1.6812,752,10.0
1,1.2912,752,10.0
1,1.0555,752,10.0
0,1.5149,752,10.0
1,1.9351,752,10.0
1,1.8462,752,10.0
1,1.0958,752,10.0
0,0.8948,752,0.05
0,1.3839,752,0.05
1,1.4929,752,0.05
1,2.1739,752,0.05
1,1.9867,752,0.05
1,1.106,752,0.05
1,1.3089,752,0.05
1,1.4572,752,10.0
1,2.2221,752,10.0
0,1.3915,752,10.0
1,1.0822,752,10.0
1,1.147,752,10.0
0,1.4455,752,10.0
1,1.5342,752,10.0
0,1.6379,752,10.0
0,1.0991,752,0.05
1,1.4779,752,0.05
1,1.145,752,0.05
0,1.4193,752,0.05
1,1.1933,752,0.05
1,1.144,752,0.05
1,1.2155,752,0.05
1,4.287,753,0.05
1,5.741,753,0.05
1,4.631,753,0.05
1,3.375,753,0.05
1,3.463,753,0.05
1,5.124,753,0.05
1,3.478,753,0.05
1,2.513,753,0.05
1,5.657,753,0.05
0,5.371,753,0.05
1,3.758,753,0.05
1,2.276,753,0.05
1,2.842,753,0.05
1,2.722,753,0.05
1,2.923,753,10.0
1,2.748,753,10.0
1,4.783,753,10.0
1,1.961,753,10.0
1,2.081,753,10.0
1,2.523,753,10.0
1,2.704,753,10.0
0,2.647,753,10.0
1,1.948,753,10.0
1,2.652,753,10.0
1,2.728,753,10.0
1,3.805,753,10.0
1,3.957,753,10.0
1,1.747,753,10.0
1,1.598,753,0.05
0,2.869,753,0.05
1,3.336,753,0.05
1,3.078,753,0.05
0,1.342,753,0.05
0,1.892,753,0.05
1,3.55,753,0.05
1,2.898,753,0.05
0,1.863,753,10.0
1,2.518,753,10.0
1,2.729,753,10.0
0,2.887,753,10.0
0,5.021,753,10.0
0,1.494,753,0.05
1,2.355,753,0.05
0,2.874,753,0.05
0,3.346,753,0.05
1,2.648,753,0.05
1,3.068,753,0.05
1,1.993,753,0.05
0,1.774,753,0.05
1,1.804,753,10.0
1,2.613,753,10.0
1,1.678,753,10.0
0,2.133,753,10.0
0,1.88,753,10.0
1,4.093,753,10.0
1,1.705,753,10.0
1,1.991,753,10.0
1,1.46,753,10.0
1,1.099,753,10.0
1,2.169,753,10.0
1,1.414,753,10.0
1,1.674,753,10.0
1,2.297,753,10.0
0,2.357,753,0.05
0,2.294,753,0.05
0,1.495,753,0.05
1,1.523,753,0.05
1,1.623,753,0.05
1,1.158,753,0.05
0,1.721,753,0.05
1,2.287,753,0.05
1,1.493,753,0.05
1,1.977,753,0.05
1,4.009,753,0.05
1,2.107,753,0.05
1,1.118,753,0.05
1,1.092,753,0.05
1,1.827,753,0.05
1,1.816,753,0.05
1,1.4063,755,0.05
0,1.8943,755,0.05
0,1.8244,755,0.05
0,2.0587,755,0.05
0,2.4841,755,0.05
1,1.5347,755,0.05
0,1.4409,755,10.0
0,2.2397,755,10.0
0,2.4163,755,10.0
1,1.8371,755,10.0
1,2.0104,755,10.0
1,1.6928,755,10.0
1,1.5933,755,0.05
0,2.2322,755,0.05
1,2.0367,755,0.05
1,1.2594,755,0.05
0,1.6491,755,0.05
0,1.368,755,0.05
0,1.1452,755,0.05
1,1.4359,755,0.05
0,1.6907,755,0.05
1,1.2151,755,0.05
0,2.1889,755,0.05
0,1.4978,755,0.05
1,1.1721,755,0.05
1,1.1394,755,0.05
0,1.4036,755,0.05
1,1.3412,755,0.05
1,1.7047,755,10.0
0,1.1619,755,10.0
1,1.9624,755,10.0
1,1.4083,755,10.0
1,1.2024,755,10.0
1,1.3158,755,10.0
0,1.6654,755,10.0
0,1.697,755,10.0
1,1.9294,755,10.0
1,1.7506,755,10.0
1,1.5371,755,10.0
1,1.4786,755,10.0
1,1.2575,755,10.0
0,1.4664,755,10.0
1,1.9903,755,10.0
0,1.4315,755,0.05
1,1.4315,755,0.05
1,1.4074,755,0.05
0,2.2304,755,0.05
1,1.6289,755,0.05
1,1.2416,755,0.05
1,1.146,755,0.05
1,1.2676,755,0.05
0,1.1552,755,0.05
1,1.8451,755,0.05
0,1.9955,755,0.05
0,1.3664,755,0.05
1,1.901,755,0.05
1,1.1917,755,0.05
1,1.1212,755,0.05
0,1.1467,755,0.05
1,1.11,755,10.0
0,1.3832,755,10.0
1,1.5114,755,10.0
1,1.4384,755,10.0
0,1.2803,755,10.0
0,1.3299,755,10.0
1,1.2148,755,10.0
1,2.9581,757,0.05
1,1.2087,757,0.05
1,2.3429,757,0.05
1,1.7949,757,0.05
1,4.1207,757,0.05
1,3.9283,757,0.05
0,2.2953,757,0.05
0,2.9623,757,0.05
1,2.1197,757,0.05
1,3.1374,757,0.05
1,2.1201,757,0.05
0,2.4189,757,0.05
1,2.0276,757,0.05
0,2.3464,757,0.05
1,3.636,757,10.0
1,4.4527,757,10.0
1,2.7747,757,10.0
1,3.1044,757,10.0
1,3.3762,757,10.0
1,2.5631,757,10.0
1,5.3304,757,10.0
1,5.4499,757,10.0
1,2.2127,757,10.0
1,4.8768,757,10.0
0,4.8647,757,10.0
1,2.8643,757,10.0
1,2.7585,757,10.0
1,3.9552,757,10.0
1,2.2568,757,0.05
1,1.6841,757,0.05
1,1.9012,757,0.05
1,2.062,757,0.05
0,2.55,757,0.05
1,4.9989,757,0.05
0,4.6288,757,0.05
1,2.546,757,0.05
1,1.6048,757,0.05
1,2.1375,757,0.05
1,2.0109,757,0.05
1,3.7002,757,0.05
0,4.1968,757,0.05
1,2.3943,757,0.05
1,4.095,757,0.05
1,3.2457,757,10.0
1,1.3762,757,10.0
0,2.1108,757,10.0
1,2.6383,757,10.0
1,2.6993,757,10.0
1,2.7716,757,10.0
0,2.7958,757,10.0
0,4.2075,757,10.0
1,2.1125,757,10.0
1,2.0139,757,10.0
1,3.227,757,10.0
1,2.1763,757,10.0
0,2.0751,757,10.0
1,2.3885,757,10.0
1,4.0509,757,10.0
1,3.6072,757,10.0
1,3.3717,757,0.05
0,2.5387,757,0.05
1,1.62,757,0.05
0,1.4539,757,0.05
0,1.7929,757,0.05
1,3.2654,757,0.05
1,2.0586,757,0.05
1,1.1038,757,0.05
0,3.3596,757,10.0
1,1.4355,757,10.0
1,1.2505,757,10.0
1,1.4233,757,10.0
1,1.7582,757,10.0
0,1.4064,757,10.0
1,1.2237,757,10.0
0,1.6248,757,10.0
1,3.1389,757,10.0
1,1.3575,757,10.0
1,1.559,757,10.0
1,1.4526,757,10.0
1,1.9041,757,10.0
1,1.047,757,10.0
1,1.8887,757,10.0
1,2.1326,757,10.0
1,2.0731,757,0.05
1,1.4177,757,0.05
1,1.896,757,0.05
0,1.0009,757,0.05
1,1.0978,757,0.05
1,2.0449,757,0.05
0,1.3261,757,0.05
0,2.2183,757,0.05
1,2.6132,758,0.05
0,1.3871,758,0.05
1,2.7063,758,0.05
0,1.3906,758,0.05
1,1.2863,758,0.05
1,1.7856,758,0.05
0,1.656,758,0.05
0,2.1383,758,0.05
0,1.0628,758,0.05
1,0.9328,758,0.05
1,1.0925,758,0.05
0,1.4749,758,0.05
1,2.0476,758,0.05
1,1.0853,758,0.05
1,1.6817,758,10.0
1,1.7309,758,10.0
0,1.4038,758,10.0
1,1.5283,758,10.0
1,1.8609,758,10.0
1,2.3445,758,10.0
0,2.9694,758,10.0
1,2.2046,758,10.0
0,1.657,758,10.0
1,1.5981,758,10.0
1,0.8717,758,10.0
1,1.572,758,10.0
0,1.318,758,10.0
1,2.0605,758,0.05
0,1.1589,758,0.05
0,1.5119,758,0.05
1,2.8707,758,0.05
1,1.2397,758,0.05
1,1.4144,758,10.0
1,1.4313,758,10.0
1,0.9489,758,10.0
1,1.5158,758,10.0
0,1.7309,758,10.0
0,2.0988,758,10.0
0,1.7452,758,10.0
1,1.6621,758,10.0
1,1.1825,758,10.0
0,2.5451,758,10.0
0,1.5627,758,10.0
1,1.5479,758,10.0
1,2.8513,758,10.0
0,2.4272,758,10.0
0,1.4755,758,10.0
1,1.3689,758,10.0
1,2.0651,758,0.05
1,1.2505,758,0.05
1,1.2581,758,0.05
1,1.5646,758,0.05
1,1.1916,758,0.05
0,1.108,758,0.05
1,1.0492,758,0.05
1,2.5457,758,0.05
1,1.1898,758,0.05
0,1.0566,758,0.05
1,1.3815,758,0.05
1,2.4731,758,0.05
1,0.9001,758,0.05
1,1.1291,758,0.05
1,0.9888,758,0.05
0,3.7568,759,0.05
1,8.3595,759,0.05
1,9.6409,759,0.05
1,2.57,759,0.05
1,5.1292,759,0.05
1,9.0973,759,0.05
1,8.4936,759,0.05
1,2.3691,759,0.05
1,7.6167,759,10.0
1,7.2839,759,10.0
0,8.7314,759,10.0
1,10.4312,759,10.0
1,12.0722,759,10.0
1,11.4967,759,10.0
1,15.6146,759,10.0
1,11.6588,759,10.0
1,12.6622,759,10.0
0,11.2712,759,10.0
1,2.9621,759,10.0
1,12.8901,759,10.0
1,13.345,759,10.0
1,12.6572,759,10.0
1,13.3368,759,10.0
1,14.0044,759,10.0
1,15.0201,759,10.0
1,14.8331,759,10.0
1,12.8517,759,10.0
1,13.2709,759,10.0
1,14.3329,759,0.05
1,11.898,759,0.05
1,12.3334,759,0.05
1,12.9773,759,0.05
1,13.0803,759,0.05
1,14.2539,759,0.05
1,14.0368,759,0.05
1,10.8874,759,0.05
1,2.1856,759,0.05
1,0.9453,759,0.05
0,0.7091,759,0.05
0,0.8342,759,0.05
0,1.0664,759,0.05
1,0.9634,759,0.05
1,0.6697,759,0.05
1,0.756,759,0.05
1,1.6149,759,0.05
1,0.9495,759,0.05
1,1.0938,759,0.05
0,0.6707,759,0.05
1,0.6395,759,0.05
0,1.1074,759,0.05
0,0.4368,759,0.05
1,0.7207,759,0.05
0,0.7784,759,10.0
0,0.5662,759,10.0
0,0.6496,759,10.0
1,1.3991,759,10.0
1,0.7852,759,10.0
0,1.1119,759,10.0
1,1.008,759,10.0
0,1.8692,759,10.0
1,1.2807,759,10.0
1,0.9253,759,10.0
1,1.2549,759,10.0
1,2.7833,759,10.0
1,1.8809,759,10.0
0,1.3107,759,10.0
1,1.2381,759,10.0
1,1.0553,759,10.0
0,3.2658,760,0.05
1,2.4842,760,0.05
1,2.7865,760,0.05
0,3.5737,760,0.05
1,1.6381,760,0.05
1,1.713,760,0.05
0,1.4879,760,0.05
1,2.1071,760,0.05
1,3.9311,760,10.0
1,1.8332,760,10.0
1,3.2212,760,10.0
1,3.8851,760,10.0
1,1.5684,760,10.0
1,1.8655,760,10.0
1,1.7324,760,10.0
0,2.9834,760,10.0
1,2.3319,760,10.0
1,1.5661,760,10.0
1,1.5091,760,10.0
1,1.9553,760,10.0
0,1.6331,760,10.0
1,1.6623,760,10.0
0,3.547,760,10.0
1,1.3846,760,10.0
1,1.348,760,0.05
0,1.3123,760,0.05
1,2.9617,760,0.05
1,1.2087,760,0.05
1,3.9504,760,0.05
0,1.9358,760,0.05
1,1.8935,760,0.05
0,5.9805,760,0.05
0,2.5162,760,10.0
1,1.5517,760,10.0
1,6.0713,760,10.0
1,1.293,760,10.0
0,1.4756,760,10.0
0,1.3393,760,10.0
1,1.8876,760,10.0
0,3.8327,760,10.0
1,2.0442,760,10.0
0,3.2742,760,10.0
1,2.5398,760,10.0
1,1.5421,760,10.0
0,5.0779,760,10.0
1,1.825,760,10.0
1,1.8186,760,10.0
1,1.9359,760,10.0
1,3.7701,760,0.05
1,4.2533,760,0.05
1,1.6595,760,0.05
1,1.7692,760,0.05
1,1.4749,760,0.05
0,3.2637,760,0.05
0,2.8102,760,0.05
1,2.0496,760,0.05
1,1.7675,760,0.05
0,1.7151,760,0.05
1,5.2332,760,0.05
1,1.5468,760,0.05
1,5.4085,760,0.05
0,4.3361,760,0.05
0,2.4575,760,0.05
1,2.3395,760,10.0
1,3.7116,760,10.0
0,5.0846,760,10.0
1,5.0663,760,10.0
0,2.1631,760,10.0
1,2.3939,760,10.0
1,1.8611,760,10.0
1,4.1431,760,10.0
1,4.584,760,10.0
1,4.525,760,10.0
1,1.9366,760,10.0
0,5.7704,760,10.0
1,3.0602,760,0.05
1,2.3942,761,0.05
0,2.1597,761,0.05
1,1.7618,761,0.05
1,1.2785,761,0.05
1,2.0979,761,0.05
0,3.0652,761,0.05
1,2.4108,761,0.05
0,2.8847,761,0.05
1,4.4835,761,10.0
0,1.1672,761,10.0
1,3.2505,761,10.0
1,2.5837,761,10.0
1,1.4837,761,10.0
1,4.3337,761,10.0
0,3.3171,761,10.0
1,1.9836,761,10.0
1,1.1338,761,0.05
1,1.3004,761,0.05
0,1.1503,761,0.05
0,1.3003,761,0.05
1,1.5171,761,0.05
1,1.3004,761,0.05
1,1.2839,761,0.05
1,4.817,761,0.05
1,1.3004,761,10.0
1,4.2172,761,10.0
1,1.9006,761,10.0
1,1.7835,761,10.0
1,1.2339,761,10.0
0,2.567,761,10.0
0,3.6668,761,10.0
1,2.1505,761,10.0
1,2.4504,761,10.0
1,3.7336,761,10.0
1,5.3672,761,10.0
1,2.0502,761,10.0
0,6.1003,761,10.0
1,2.3002,761,10.0
1,4.3671,761,10.0
1,2.867,761,10.0
1,5.017,761,0.05
1,1.484,761,0.05
0,2.3838,761,0.05
1,1.6507,761,0.05
0,3.5169,761,0.05
1,1.6338,761,0.05
1,1.2504,761,0.05
1,2.8335,761,0.05
1,1.7839,761,0.05
1,1.267,761,0.05
1,2.4338,761,0.05
1,1.8504,761,0.05
1,2.3005,761,0.05
1,3.3336,761,0.05
0,5.0169,761,0.05
1,2.6005,761,10.0
1,2.7338,761,10.0
1,4.1671,761,10.0
1,1.167,761,10.0
1,2.8335,761,10.0
1,3.0336,761,10.0
1,2.884,761,10.0
0,4.7504,761,10.0
1,2.1392,761,10.0
1,2.6886,761,10.0
1,3.1215,761,10.0
1,4.3836,761,10.0
0,4.5005,761,10.0
1,2.1841,761,0.05
1,3.3336,761,0.05
1,6.1337,761,0.05
0,5.4338,761,0.05
1,5.967,761,0.05
1,2.6504,761,0.05
1,2.8337,761,0.05
0,5.6168,761,0.05
1,2.7003,761,10.0
1,6.6836,761,10.0
1,1.8507,761,10.0
1,2.267,761,10.0
0,5.4672,761,10.0
0,2.9169,761,10.0
0,4.9505,761,10.0
0,2.7837,761,10.0
1,3.6006,761,0.05
1,3.5504,761,0.05
0,1.8005,761,0.05
1,1.1836,761,0.05
1,1.8003,761,0.05
1,3.5006,761,0.05
1,5.1172,761,0.05
1,6.7504,761,0.05
1,1.5217,762,10.0
0,1.4672,762,10.0
1,1.8302,762,10.0
1,1.4789,762,10.0
0,2.3209,762,10.0
1,1.5771,762,10.0
1,1.4062,762,10.0
0,2.3487,762,10.0
1,2.4124,762,10.0
1,1.6405,762,10.0
1,1.4659,762,10.0
0,2.1022,762,10.0
0,1.3981,762,0.05
1,1.6627,762,0.05
1,1.4131,762,0.05
1,1.8674,762,0.05
1,1.4275,762,0.05
1,1.3089,762,0.05
1,1.661,762,0.05
1,1.2233,762,0.05
1,1.2576,762,0.05
1,1.215,762,0.05
1,1.5536,762,0.05
1,1.228,762,0.05
1,1.2707,762,0.05
1,1.4859,762,0.05
1,0.8498,762,0.05
1,0.9986,762,0.05
1,2.3789,762,0.05
0,2.0234,762,0.05
0,1.5018,762,0.05
1,0.7497,762,0.05
0,1.4636,762,0.05
0,0.8346,762,0.05
1,1.5467,762,10.0
1,1.4734,762,10.0
1,1.2972,762,10.0
1,0.9493,762,10.0
0,1.0957,762,10.0
0,1.3173,762,10.0
1,1.5111,762,10.0
1,2.1415,762,10.0
0,1.1391,762,10.0
1,0.769,762,10.0
0,1.047,762,10.0
1,1.1467,762,10.0
1,1.1741,762,10.0
1,1.199,762,10.0
1,1.3299,762,10.0
1,2.0967,762,10.0
0,0.5986,762,0.05
1,1.4027,762,0.05
0,1.1299,762,0.05
1,1.2797,762,0.05
1,1.1894,762,0.05
0,1.4461,762,0.05
1,1.844,762,0.05
1,1.3652,762,0.05
1,1.4722,762,0.05
1,1.4636,762,0.05
1,1.1874,762,0.05
1,1.2788,762,0.05
1,1.2124,762,0.05
1,1.3175,762,0.05
1,1.0249,762,0.05
1,0.9821,762,0.05
1,1.1315,762,0.05
1,2.0153,762,0.05
1,1.0342,762,0.05
1,1.2111,762,0.05
1,1.232,762,0.05
0,1.3088,762,0.05
0,1.6169,762,10.0
1,1.5144,762,10.0
1,1.1967,762,10.0
1,2.3616,762,10.0
1,1.0805,762,10.0
1,2.0319,762,10.0
1,0.832,762,10.0
1,1.1313,762,10.0
1,0.9496,762,10.0
0,2.1993,763,10.0
1,2.4188,763,10.0
1,3.3069,763,10.0
1,4.2528,763,10.0
1,2.5294,763,10.0
1,3.8935,763,10.0
1,5.3114,763,10.0
0,3.0312,763,10.0
1,2.8117,763,0.05
1,4.6531,763,0.05
1,3.5332,763,0.05
1,5.7468,763,0.05
1,2.2976,763,0.05
0,5.2669,763,0.05
1,3.2839,763,0.05
1,5.6032,763,0.05
0,6.0304,763,0.05
1,5.7824,763,0.05
1,2.1726,763,0.05
1,3.3304,763,0.05
1,3.7298,763,0.05
0,2.4162,763,0.05
1,5.0184,763,0.05
1,2.4459,763,0.05
1,2.797,763,0.05
0,6.3082,763,0.05
0,4.0173,763,0.05
1,6.1444,763,0.05
1,3.9627,763,10.0
0,4.5841,763,10.0
0,3.5444,763,10.0
1,2.8578,763,10.0
1,4.9542,763,10.0
0,2.2647,763,10.0
1,1.9272,763,0.05
1,4.2825,763,0.05
1,2.9849,763,0.05
0,5.7586,763,0.05
1,5.7952,763,0.05
1,2.903,763,0.05
1,1.6454,763,0.05
1,1.7255,763,0.05
1,2.1859,763,10.0
0,3.3548,763,10.0
1,3.6608,763,10.0
1,2.7229,763,10.0
1,1.7764,763,10.0
1,1.2782,763,10.0
1,2.0926,763,10.0
1,2.4052,763,0.05
1,4.155,763,0.05
1,2.1695,763,0.05
0,1.3745,763,0.05
1,2.1709,763,0.05
1,1.1976,763,0.05
1,1.1689,763,0.05
1,1.8127,763,0.05
1,1.7338,763,10.0
1,1.4202,763,10.0
1,1.8575,763,10.0
0,2.198,763,10.0
1,1.1063,763,10.0
1,1.5696,763,10.0
0,4.8187,763,10.0
0,1.8081,763,10.0
0,3.4299,764,10.0
1,2.5673,764,10.0
1,2.1148,764,10.0
0,2.5478,764,10.0
0,2.0305,764,10.0
0,2.5437,764,10.0
1,2.5375,764,10.0
1,1.8068,764,10.0
0,3.9898,764,10.0
0,3.3337,764,10.0
1,1.5698,764,10.0
1,2.9794,764,10.0
0,3.7234,764,10.0
1,2.6861,764,10.0
1,2.3258,764,10.0
0,2.1464,764,0.05
1,3.1834,764,0.05
0,2.072,764,0.05
1,2.0251,764,0.05
1,2.0115,764,0.05
1,1.9246,764,0.05
1,2.2822,764,0.05
1,1.9824,764,0.05
1,2.4767,764,0.05
1,2.6764,764,0.05
0,4.5203,764,0.05
1,2.5946,764,0.05
1,2.9541,764,0.05
1,2.2868,764,0.05
1,2.4482,764,0.05
1,1.719,764,0.05
1,2.6856,764,0.05
0,2.5852,764,0.05
1,2.7329,764,0.05
0,2.0825,764,0.05
1,1.991,764,0.05
1,1.6761,764,0.05
1,1.9298,764,0.05
1,3.1452,764,0.05
1,3.7494,764,0.05
1,2.624,764,0.05
0,1.8757,764,0.05
1,3.9707,764,0.05
1,1.7295,764,0.05
1,1.6127,764,0.05
1,4.5675,764,10.0
1,2.2361,764,10.0
0,2.3603,764,10.0
1,4.5656,764,10.0
0,1.8175,764,10.0
1,2.8553,764,10.0
0,2.0576,764,10.0
0,1.5898,764,10.0
1,4.1443,764,0.05
1,3.9222,764,0.05
1,2.0177,764,0.05
1,2.7132,764,0.05
1,4.1575,764,0.05
1,2.3768,764,0.05
1,2.575,764,0.05
1,2.9929,764,10.0
1,2.7818,764,10.0
1,1.8534,764,10.0
1,2.8882,764,10.0
1,2.5434,764,10.0
0,1.7776,764,10.0
1,3.7953,764,10.0
1,2.0266,764,10.0
1,2.2861,764,0.05
0,2.5827,764,0.05
1,2.0052,764,0.05
1,2.1737,764,0.05
1,1.5795,764,0.05
1,1.816,764,0.05
1,1.7574,764,0.05
1,4.0193,764,0.05
1,1.9273,764,10.0
1,3.5915,764,10.0
0,2.7089,764,10.0
1,1.4129,764,10.0
1,1.2414,764,10.0
1,3.1758,764,10.0
1,1.43,764,10.0
0,3.5916,764,10.0
1,1.137,765,10.0
0,1.2041,765,10.0
1,2.5373,765,10.0
0,2.5996,765,10.0
1,1.0687,765,10.0
1,1.4452,765,10.0
0,3.4368,765,10.0
1,2.7784,765,10.0
1,1.0058,765,0.05
1,1.713,765,0.05
1,1.5779,765,0.05
1,1.2111,765,0.05
1,3.4968,765,0.05
0,1.9073,765,0.05
1,2.7111,765,0.05
1,1.577,765,0.05
0,3.4875,765,0.05
1,6.0098,765,0.05
0,4.2947,765,0.05
0,3.9473,765,0.05
1,2.1253,765,0.05
1,0.885,765,0.05
0,2.1785,765,0.05
1,0.9417,765,0.05
1,1.2928,765,10.0
0,1.3449,765,10.0
1,2.0669,765,10.0
1,1.4661,765,10.0
1,5.9903,765,10.0
1,3.559,765,10.0
0,3.5765,765,10.0
1,1.3151,765,10.0
1,3.7961,765,0.05
0,3.9979,765,0.05
1,5.2822,765,0.05
1,1.7268,765,0.05
1,1.7476,765,0.05
1,3.7306,765,0.05
1,4.1446,765,0.05
0,3.1127,765,0.05
0,3.3095,765,10.0
1,5.009,765,10.0
1,2.6364,765,10.0
0,3.3997,765,10.0
1,1.3371,765,10.0
1,2.4284,765,10.0
1,3.3996,765,10.0
0,3.1276,765,10.0
1,1.4521,765,10.0
0,3.2103,765,10.0
1,1.9856,765,10.0
1,3.5827,765,10.0
0,1.8111,765,10.0
0,4.0355,765,10.0
1,1.897,765,10.0
1,5.3204,765,0.05
1,1.8855,765,0.05
1,3.3122,765,0.05
1,1.0039,765,0.05
1,4.2596,765,0.05
0,2.6609,765,0.05
1,1.2207,765,0.05
1,0.9948,765,10.0
1,2.3668,765,10.0
1,1.2128,765,10.0
0,1.6468,765,10.0
0,1.0454,765,10.0
1,2.2313,765,10.0
1,2.329,765,10.0
0,3.1245,765,10.0
1,2.3583,765,0.05
1,0.9165,765,0.05
1,2.4199,765,0.05
1,2.4792,765,0.05
0,1.9098,765,0.05
1,1.1784,765,0.05
0,3.426,765,0.05
1,1.101,765,0.05
1,1.4941,765,0.05
0,2.5872,765,0.05
0,1.2535,765,0.05
1,1.0805,765,0.05
1,2.4707,765,0.05
0,2.8608,765,0.05
1,1.95,765,0.05
1,5.9419,765,0.05
1,1.7495,765,10.0
0,1.1296,765,10.0
1,2.479,765,10.0
0,2.4544,765,10.0
1,6.2755,765,10.0
1,1.4955,766,0.05
0,1.6407,766,0.05
1,2.1117,766,0.05
1,1.8511,766,0.05
1,2.9604,766,0.05
1,3.2036,766,0.05
1,2.0265,766,0.05
1,1.6588,766,10.0
1,1.5997,766,10.0
1,1.6619,766,10.0
1,1.2269,766,10.0
1,1.4175,766,10.0
1,2.4044,766,10.0
1,1.2482,766,10.0
1,2.5038,766,0.05
1,2.1897,766,0.05
1,3.478,766,0.05
1,1.1144,766,0.05
1,1.4785,766,0.05
0,2.8373,766,0.05
1,1.5167,766,10.0
0,1.0298,766,10.0
0,1.4198,766,10.0
1,1.8786,766,10.0
1,1.1612,766,10.0
1,1.0491,766,10.0
0,1.7492,766,10.0
0,1.6579,766,10.0
1,1.474,766,10.0
1,1.6561,766,10.0
1,1.1648,766,10.0
1,3.1733,766,10.0
0,2.8956,766,10.0
1,1.8279,766,0.05
1,1.6004,766,0.05
1,1.516,766,0.05
1,1.5946,766,0.05
0,1.4414,766,0.05
1,1.6977,766,0.05
1,1.0009,766,0.05
1,1.3504,766,0.05
1,1.9396,766,0.05
0,1.4862,766,0.05
0,1.3004,766,0.05
1,1.783,766,0.05
1,2.4239,766,0.05
1,1.9171,766,0.05
1,1.1463,766,0.05
1,0.9612,766,0.05
1,1.1433,766,10.0
1,1.6059,766,10.0
1,0.9794,766,10.0
0,2.1679,766,10.0
0,1.366,766,10.0
0,1.584,766,10.0
1,0.9599,766,10.0
1,1.7628,766,10.0
1,1.0043,766,10.0
1,2.3994,766,10.0
0,2.1192,766,10.0
1,1.1584,766,0.05
0,1.4549,766,0.05
1,1.5801,766,0.05
1,3.0452,766,0.05
1,1.0628,766,0.05
1,1.7972,766,0.05
0,1.3472,766,0.05
1,1.8143,766,0.05
1,1.0776,766,10.0
1,1.7087,766,10.0
1,1.1759,766,10.0
1,1.2061,766,10.0
0,1.5315,766,10.0
1,1.5189,766,10.0
1,1.6977,766,10.0
1,2.0781,766,10.0
1,1.1482,766,0.05
0,2.0564,766,0.05
1,0.8921,766,0.05
1,1.6559,766,0.05
1,1.5027,766,0.05
0,1.8289,766,0.05
1,1.3454,766,0.05
1,1.1572,766,0.05
1,2.0282,768,10.0
1,2.4025,768,10.0
1,1.5213,768,10.0
1,2.8095,768,10.0
0,4.9711,768,10.0
1,2.3582,768,10.0
1,3.0538,768,10.0
1,1.7211,768,10.0
1,0.9718,768,10.0
0,3.6744,768,10.0
1,2.5032,768,10.0
1,2.6567,768,10.0
1,4.8873,768,10.0
1,3.1506,768,0.05
1,2.2808,768,0.05
0,2.3586,768,0.05
0,4.9986,768,0.05
1,2.8026,768,10.0
1,2.5776,768,10.0
1,1.9427,768,10.0
1,2.8499,768,10.0
1,1.1762,768,10.0
0,1.4508,768,10.0
0,1.3104,768,10.0
1,1.8026,768,10.0
1,2.7172,768,0.05
0,2.3022,768,0.05
0,1.9496,768,0.05
1,4.2282,768,0.05
1,0.8199,768,0.05
1,1.2368,768,0.05
0,1.8908,768,0.05
1,1.0584,768,0.05
1,1.1897,768,10.0
1,1.5565,768,10.0
1,4.9167,768,10.0
1,1.6561,768,10.0
0,2.6166,768,10.0
0,3.1725,768,10.0
1,1.331,768,10.0
1,2.9274,768,10.0
1,1.1863,768,10.0
1,2.0554,768,10.0
0,1.5422,768,10.0
0,4.5863,768,0.05
1,1.8573,768,0.05
1,1.5501,768,0.05
1,1.1065,768,0.05
0,1.1804,768,0.05
1,2.3509,768,0.05
0,1.4085,768,0.05
1,1.2533,768,0.05
1,2.2487,768,0.05
1,1.6566,768,0.05
1,1.5037,768,0.05
1,1.2311,768,0.05
1,2.0609,768,0.05
1,0.9282,768,0.05
1,1.5619,768,0.05
1,1.3244,768,0.05
0,3.1742,768,10.0
1,2.3548,768,10.0
0,2.1922,768,10.0
1,1.2009,768,10.0
1,1.1743,768,10.0
1,2.6428,768,10.0
1,3.1521,768,10.0
1,2.3995,768,10.0
0,3.2038,769,0.05
1,4.2872,769,0.05
0,4.2404,769,0.05
1,1.8911,769,0.05
1,1.7879,769,0.05
1,1.6748,769,0.05
1,1.885,769,0.05
1,1.5329,769,0.05
1,2.835,769,10.0
1,2.2987,769,10.0
1,3.5659,769,10.0
1,2.6848,769,10.0
0,2.6944,769,10.0
1,1.6717,769,10.0
1,1.3533,769,10.0
1,3.0875,769,10.0
1,3.5424,769,0.05
1,1.4432,769,0.05
1,2.3677,769,0.05
1,1.2602,769,0.05
1,1.306,769,0.05
1,1.8607,769,0.05
1,1.3073,769,0.05
0,1.4496,769,10.0
1,1.8471,769,10.0
0,1.9581,769,10.0
1,1.1041,769,10.0
1,1.5291,769,10.0
1,1.8566,769,10.0
1,2.0385,769,10.0
0,2.8042,769,0.05
0,2.3651,769,0.05
1,2.6212,769,0.05
1,1.8148,769,0.05
1,1.7041,769,0.05
1,2.6493,769,0.05
1,3.0405,769,0.05
1,2.9581,769,0.05
1,1.6633,769,0.05
0,2.183,769,0.05
1,1.4613,769,0.05
1,2.5894,769,0.05
1,2.0957,769,0.05
1,2.8471,769,0.05
1,2.9737,769,0.05
1,1.9637,769,0.05
1,3.0333,769,10.0
0,1.1445,769,10.0
0,3.7644,769,10.0
1,2.5807,769,10.0
1,2.5802,769,10.0
0,2.0644,769,10.0
1,3.2085,769,10.0
1,1.775,769,10.0
1,2.3757,769,10.0
1,2.2294,769,10.0
1,1.3643,769,10.0
1,1.6394,769,10.0
1,1.9318,769,10.0
0,1.9214,769,10.0
1,3.4446,769,10.0
1,1.9282,769,10.0
0,2.3626,769,10.0
1,1.373,769,10.0
1,3.4525,769,10.0
0,3.2159,769,10.0
1,2.1591,769,10.0
0,4.0283,769,10.0
1,4.3686,769,10.0
0,2.0412,769,0.05
1,2.3878,769,0.05
1,1.5103,769,0.05
1,1.598,769,0.05
1,2.5385,769,0.05
1,2.7937,769,0.05
1,1.9919,769,0.05
1,3.8826,769,0.05
1,1.3514,769,10.0
1,1.4357,769,10.0
1,1.9185,769,10.0
0,4.9717,770,0.05
1,1.0601,770,0.05
0,3.3983,770,0.05
1,4.3011,770,0.05
1,5.6646,770,0.05
1,2.4584,770,0.05
1,1.5066,770,0.05
1,1.514,770,0.05
1,3.3972,770,10.0
1,3.7447,770,10.0
1,3.6412,770,10.0
1,1.892,770,10.0
0,0.6472,770,10.0
1,5.615,770,10.0
0,1.2676,770,10.0
1,1.9676,770,10.0
0,3.4688,770,10.0
1,3.5775,770,10.0
0,2.4575,770,10.0
1,3.3537,770,10.0
0,3.9638,770,0.05
1,2.3141,770,0.05
1,2.668,770,0.05
1,2.3348,770,0.05
1,2.7649,770,0.05
1,2.8025,770,0.05
1,1.5615,770,0.05
1,2.1112,770,0.05
1,2.8005,770,0.05
1,4.5661,770,0.05
0,4.2945,770,0.05
1,1.8347,770,0.05
1,2.4632,770,0.05
1,1.9499,770,0.05
1,0.9789,770,0.05
1,1.5843,770,10.0
0,2.363,770,10.0
1,2.1129,770,10.0
1,2.2664,770,10.0
1,1.0177,770,10.0
1,1.1056,770,10.0
1,2.0873,770,10.0
1,1.6127,770,10.0
0,2.5189,770,10.0
1,0.8976,770,10.0
1,1.1982,770,10.0
1,3.5633,770,10.0
0,1.5536,770,10.0
0,2.0659,770,10.0
1,0.9995,770,10.0
1,2.1459,770,0.05
1,2.8515,770,0.05
0,4.038,770,0.05
1,3.0849,770,0.05
1,1.5669,770,0.05
0,2.9167,770,0.05
1,1.6927,770,10.0
1,1.1801,770,10.0
1,4.2698,770,10.0
1,1.5588,770,10.0
1,2.1985,770,10.0
1,3.0002,770,10.0
0,2.8988,770,10.0
1,6.3516,770,10.0
1,1.6223,770,10.0
0,1.6374,770,10.0
1,2.1557,770,10.0
0,2.7042,770,10.0
1,3.0997,770,10.0
1,1.5994,770,10.0
1,4.3068,770,10.0
1,1.8844,770,10.0
1,3.2817,770,0.05
1,1.475,770,0.05
0,1.7512,770,0.05
0,2.5414,770,0.05
1,4.1114,772,10.0
1,6.9396,772,10.0
1,1.959,772,10.0
1,3.3236,772,10.0
1,1.869,772,10.0
0,1.6096,772,10.0
1,2.139,772,10.0
1,5.7073,772,0.05
1,4.8862,772,0.05
1,2.933,772,0.05
0,3.9929,772,0.05
1,2.1108,772,0.05
1,4.7602,772,0.05
1,2.4482,772,0.05
1,4.5396,772,10.0
1,4.9457,772,10.0
1,3.5681,772,10.0
1,5.1589,772,10.0
1,2.802,772,10.0
0,3.5333,772,0.05
0,4.0001,772,0.05
1,1.4229,772,0.05
1,1.5013,772,0.05
0,6.5159,772,0.05
0,2.0344,772,0.05
1,5.7264,772,0.05
1,3.9764,772,0.05
0,4.2646,772,0.05
0,1.7709,772,10.0
1,6.0764,772,10.0
0,3.6598,772,10.0
1,1.5696,772,10.0
1,1.6807,772,10.0
1,1.8473,772,10.0
1,2.7848,772,10.0
1,3.6946,772,10.0
0,1.8473,772,0.05
1,2.1287,772,0.05
1,2.6054,772,0.05
1,5.0596,772,0.05
1,1.4161,772,0.05
1,3.5211,772,0.05
1,2.0729,772,0.05
1,4.4336,772,0.05
1,5.4626,772,10.0
0,2.1599,772,10.0
1,1.6793,772,10.0
0,3.722,772,10.0
1,4.3865,772,10.0
0,1.8577,772,10.0
0,1.2903,772,10.0
1,1.0407,772,10.0
1,1.0185,772,10.0
1,1.2793,772,10.0
1,0.8591,772,10.0
1,1.1196,772,10.0
1,1.0838,772,10.0
1,2.5792,772,10.0
1,0.6957,772,0.05
0,1.0387,772,0.05
1,3.6138,772,0.05
1,2.098,772,0.05
0,2.2367,772,0.05
1,1.0077,772,0.05
1,1.5464,772,0.05
0,1.3298,772,0.05
1,1.8879,772,10.0
1,1.7211,772,10.0
0,1.0465,772,10.0
1,1.5536,772,10.0
0,1.5392,772,10.0
1,3.4596,772,10.0
1,1.6241,772,10.0
1,0.9475,772,10.0
1,2.1744,772,0.05
1,1.0454,772,0.05
0,2.3274,772,0.05
1,2.074,772,0.05
1,2.1242,772,0.05
0,2.3936,772,0.05
1,1.3838,772,0.05
1,0.8926,772,0.05
1,5.1227,773,10.0
0,7.0093,773,10.0
0,7.8207,773,10.0
1,7.6141,773,10.0
1,10.3275,773,10.0
1,6.084,773,10.0
1,3.9081,773,0.05
1,11.4266,773,0.05
1,10.879,773,0.05
1,3.7246,773,0.05
1,3.854,773,0.05
1,4.0862,773,0.05
1,4.2064,773,10.0
1,5.5474,773,10.0
1,8.0151,773,10.0
1,3.7343,773,10.0
0,3.8677,773,10.0
1,2.3687,773,10.0
1,4.2436,773,0.05
1,1.9267,773,0.05
0,3.2741,773,0.05
1,3.008,773,0.05
1,3.6985,773,0.05
1,4.6506,773,0.05
1,7.3648,773,0.05
1,3.1244,773,10.0
1,2.5705,773,10.0
1,2.9327,773,10.0
1,4.3541,773,10.0
1,5.4449,773,10.0
1,7.745,773,10.0
1,8.1291,773,10.0
0,5.8963,773,0.05
1,4.0323,773,0.05
1,3.8961,773,0.05
1,5.6701,773,0.05
1,10.9804,773,0.05
1,2.3361,773,10.0
1,2.0732,773,10.0
1,3.8008,773,10.0
0,3.6897,773,10.0
1,2.2072,773,10.0
1,2.766,773,10.0
1,1.9815,773,10.0
0,4.9506,773,10.0
1,2.1404,773,10.0
1,4.604,773,10.0
1,3.8673,773,10.0
1,1.8892,773,10.0
1,1.4983,773,10.0
1,1.8512,773,10.0
1,2.2948,773,10.0
0,5.1622,773,10.0
0,1.9101,773,0.05
1,2.2651,773,0.05
1,1.6362,773,0.05
1,1.7368,773,0.05
1,1.5493,773,0.05
1,5.2236,773,0.05
1,2.1951,773,0.05
1,7.1102,773,0.05
1,4.3478,773,0.05
1,2.7651,773,0.05
1,1.55,773,0.05
1,5.6493,773,0.05
1,2.498,773,0.05
1,2.4839,773,0.05
1,3.9991,773,0.05
1,2.9587,773,0.05
1,6.403,774,10.0
1,3.956,774,10.0
0,4.848,774,10.0
0,2.011,774,10.0
1,2.78,774,10.0
1,3.077,774,10.0
0,5.804,774,10.0
1,2.165,774,10.0
1,4.533,774,0.05
0,3.858,774,0.05
1,1.91,774,0.05
0,5.142,774,0.05
1,2.69,774,0.05
1,5.812,774,0.05
1,2.278,774,0.05
1,3.408,774,0.05
1,2.452,774,0.05
0,5.354,774,0.05
1,3.727,774,0.05
1,2.61,774,0.05
1,1.897,774,0.05
1,5.011,774,0.05
1,2.789,774,0.05
1,2.595,774,0.05
1,6.442,774,10.0
0,3.212,774,10.0
1,6.237,774,10.0
1,7.555,774,10.0
1,1.955,774,10.0
0,3.494,774,10.0
1,2.773,774,10.0
1,3.022,774,10.0
1,2.153,774,0.05
1,2.493,774,0.05
0,2.196,774,0.05
1,2.208,774,0.05
0,2.22,774,0.05
1,2.94,774,0.05
0,4.523,774,0.05
0,2.308,774,0.05
1,2.62,774,10.0
1,1.657,774,10.0
1,1.966,774,10.0
1,3.375,774,10.0
0,7.032,774,10.0
0,5.855,774,10.0
1,1.886,774,10.0
1,3.466,774,10.0
1,2.865,774,10.0
1,2.7,774,10.0
1,3.614,774,10.0
1,4.425,774,10.0
1,6.596,774,10.0
1,5.652,774,0.05
1,5.26,774,0.05
0,7.621,774,0.05
1,4.901,774,0.05
1,2.218,774,0.05
1,6.403,774,0.05
1,6.084,774,0.05
1,3.035,774,0.05
0,5.903,774,0.05
1,7.14,774,0.05
1,6.518,774,0.05
1,1.1845,775,10.0
0,1.9021,775,10.0
1,1.3671,775,10.0
1,1.0451,775,10.0
0,1.0136,775,10.0
0,1.2746,775,10.0
1,1.2529,775,10.0
1,0.7479,775,10.0
1,0.8774,775,10.0
1,0.982,775,10.0
1,1.1198,775,10.0
1,1.0174,775,10.0
1,1.5068,775,10.0
0,1.515,775,10.0
1,1.7599,775,10.0
0,1.3267,775,10.0
1,1.2309,775,0.05
1,1.2072,775,0.05
0,1.3205,775,0.05
1,2.0007,775,0.05
1,1.1656,775,0.05
1,1.1281,775,0.05
1,1.0342,775,0.05
0,1.3284,775,0.05
1,1.789,775,0.05
1,1.0302,775,0.05
1,1.5138,775,0.05
0,1.6285,775,0.05
1,1.4917,775,0.05
0,1.7614,775,0.05
0,1.4665,775,0.05
1,2.0689,775,0.05
1,0.9129,775,10.0
0,1.161,775,10.0
0,1.9155,775,10.0
1,1.6503,775,10.0
1,2.0743,775,10.0
1,1.968,775,10.0
1,2.4629,775,10.0
1,1.7731,775,10.0
1,1.3981,775,10.0
1,1.3822,775,10.0
1,1.3408,775,10.0
1,2.2867,775,10.0
0,2.0877,775,10.0
1,1.7327,775,10.0
1,1.2521,775,10.0
1,2.2273,775,10.0
1,1.5371,775,0.05
1,2.2695,775,0.05
1,1.8215,775,0.05
0,1.8393,775,0.05
1,1.774,775,0.05
1,1.9245,775,0.05
1,2.0113,775,0.05
1,1.4225,775,0.05
1,1.041,775,0.05
1,0.8844,775,0.05
1,1.3217,775,0.05
1,1.3916,775,0.05
0,2.5237,775,0.05
1,1.4636,775,0.05
1,1.2127,775,0.05
1,1.2037,775,0.05
1,1.0413,775,0.05
1,1.263,775,0.05
1,1.4305,775,0.05
1,0.9732,775,0.05
1,2.288,775,0.05
1,1.7741,775,0.05
1,1.5618,775,0.05
0,1.1966,775,0.05
1,1.1341,775,0.05
1,0.7335,775,0.05
1,1.1108,775,0.05
1,1.7797,775,0.05
0,1.6607,775,0.05
0,1.9402,775,0.05
1,1.5426,775,0.05
0,1.8389,775,10.0
1,1.5683,775,10.0
1,2.8035,775,10.0
1,1.5774,775,10.0
1,1.3295,775,10.0
1,1.9076,775,10.0
0,1.6272,775,10.0
1,1.672,775,10.0
0,1.0413,775,10.0
1,1.9097,775,10.0
1,1.9144,775,10.0
1,1.7965,775,10.0
1,1.2247,775,10.0
1,1.0331,775,10.0
1,2.2623,775,10.0
1,1.3673,775,10.0
1,1.0943,776,10.0
1,0.9543,776,10.0
0,1.9107,776,10.0
1,0.9142,776,10.0
1,1.1282,776,10.0
1,1.8403,776,10.0
0,2.3649,776,10.0
1,0.8867,776,10.0
1,1.0254,776,10.0
1,0.9642,776,10.0
1,1.5762,776,10.0
1,1.106,776,10.0
1,1.1248,776,10.0
1,0.7773,776,0.05
0,2.09,776,0.05
1,1.4972,776,0.05
0,1.4574,776,0.05
1,1.1408,776,0.05
1,1.39,776,0.05
1,1.2001,776,0.05
0,2.4771,776,0.05
1,0.9078,776,0.05
0,0.8633,776,0.05
0,1.2954,776,0.05
1,1.1175,776,0.05
1,1.2271,776,0.05
1,1.3948,776,0.05
1,0.7968,776,0.05
1,1.1381,776,0.05
0,0.9141,776,10.0
0,0.7586,776,10.0
1,0.7698,776,10.0
1,1.0899,776,10.0
0,1.5368,776,0.05
1,1.2785,776,0.05
1,0.8802,776,0.05
1,2.0211,776,0.05
1,0.8507,776,0.05
0,1.9686,776,0.05
1,0.5697,776,0.05
0,0.8222,776,0.05
0,1.3468,776,0.05
0,1.06,776,0.05
1,0.7319,776,0.05
0,1.953,776,0.05
0,1.1258,776,0.05
1,0.7166,776,0.05
0,1.3422,776,0.05
0,1.2389,776,0.05
0,1.0314,776,10.0
1,0.7955,776,10.0
1,1.1752,776,10.0
1,1.6978,776,10.0
1,0.8938,776,10.0
1,1.2715,776,10.0
0,0.8233,776,10.0
1,1.4537,776,0.05
1,2.3335,776,0.05
0,1.4931,776,0.05
1,0.839,776,0.05
1,0.737,776,0.05
1,0.7053,776,0.05
1,1.1924,776,0.05
1,1.8244,776,0.05
1,0.7517,776,0.05
1,0.7533,776,0.05
0,1.2559,776,0.05
1,1.2213,776,0.05
1,0.7399,776,0.05
1,1.5579,776,0.05
1,1.2176,776,0.05
1,0.8174,776,10.0
0,1.1234,776,10.0
1,0.7204,776,10.0
1,0.7354,776,10.0
1,0.6916,776,10.0
0,2.0295,776,10.0
1,0.885,776,10.0
1,1.2386,776,10.0
1,0.9741,776,10.0
0,1.1276,776,10.0
1,0.9768,776,10.0
0,1.8609,776,10.0
1,0.8619,776,10.0
0,1.0948,776,10.0
0,0.8078,776,10.0
1,5.6284,777,10.0
1,5.9021,777,10.0
0,4.5748,777,10.0
1,5.145,777,10.0
0,6.7591,777,10.0
1,10.117,777,10.0
0,3.7637,777,10.0
1,4.5795,777,10.0
1,4.9288,777,0.05
1,6.8628,777,0.05
0,5.1275,777,0.05
1,3.3786,777,0.05
1,3.866,777,0.05
1,6.1046,777,0.05
1,8.2297,777,10.0
1,6.6797,777,10.0
1,4.3032,777,10.0
1,5.0567,777,10.0
1,4.8825,777,10.0
1,4.498,777,10.0
1,4.3306,777,10.0
1,3.7664,777,0.05
1,2.9818,777,0.05
1,4.7321,777,0.05
1,4.0997,777,0.05
1,10.1982,777,0.05
1,4.7957,777,10.0
1,3.9337,777,10.0
1,5.6563,777,10.0
0,3.5039,777,10.0
1,4.5748,777,10.0
1,10.4565,777,10.0
1,5.9396,777,10.0
1,8.0743,777,10.0
1,8.0077,777,10.0
0,3.2955,777,10.0
1,2.8546,777,10.0
1,4.2286,777,10.0
1,8.4393,777,10.0
1,5.9069,777,10.0
1,3.9724,777,10.0
1,10.821,777,0.05
1,8.2647,777,0.05
0,8.4977,777,0.05
1,3.3695,777,0.05
1,3.0314,777,0.05
1,3.861,777,0.05
1,2.4408,777,0.05
0,1.9264,777,0.05
1,2.3426,777,0.05
1,3.1012,777,0.05
1,1.8322,777,0.05
1,2.3096,777,0.05
1,1.7312,777,0.05
1,6.1003,777,10.0
1,3.3953,777,10.0
1,2.7791,777,10.0
0,4.1646,777,10.0
1,2.4201,777,10.0
1,2.1159,777,10.0
1,5.4486,777,10.0
1,3.5034,777,10.0
1,5.855,777,10.0
1,8.1329,777,10.0
1,3.8235,777,10.0
1,1.9948,777,10.0
1,3.766,777,10.0
1,2.2978,777,10.0
1,2.3316,777,10.0
1,3.8352,777,10.0
1,4.2264,777,0.05
1,3.126,777,0.05
1,2.182,777,0.05
1,1.6757,777,0.05
1,2.75,777,0.05
1,4.1998,777,0.05
1,1.9625,777,0.05
0,4.0131,777,0.05
1,3.5283,778,0.05
1,1.908,778,0.05
0,1.6006,778,0.05
0,2.4529,778,0.05
1,1.2703,778,0.05
1,4.4014,778,0.05
0,1.2949,778,10.0
1,3.4481,778,10.0
0,0.9014,778,10.0
0,1.4836,778,10.0
0,1.0572,778,10.0
1,2.1412,778,10.0
0,2.0353,778,10.0
1,1.7676,778,10.0
1,1.883,778,0.05
0,1.4756,778,0.05
0,1.6031,778,0.05
1,1.1331,778,0.05
0,1.1467,778,0.05
1,1.8901,778,0.05
0,1.8582,778,0.05
1,1.4413,778,0.05
1,1.0131,778,10.0
1,1.1284,778,10.0
1,5.2762,778,10.0
1,1.1326,778,10.0
1,1.1074,778,10.0
1,3.3094,778,10.0
1,1.1993,778,10.0
1,1.4403,778,10.0
0,1.6702,778,0.05
1,1.6844,778,0.05
0,1.1658,778,0.05
1,1.2754,778,0.05
1,1.0997,778,0.05
1,3.3253,778,0.05
0,5.0777,778,0.05
1,1.6613,778,0.05
1,1.6073,778,10.0
1,2.9967,778,10.0
1,2.4826,778,10.0
1,4.0983,778,10.0
1,1.9782,778,10.0
1,2.7285,778,0.05
1,2.729,778,0.05
0,4.1009,778,0.05
0,3.2615,778,0.05
1,3.1436,778,0.05
0,3.0601,778,0.05
1,4.4485,778,0.05
1,2.35,778,0.05
1,1.2561,778,10.0
1,3.5985,778,10.0
1,4.295,778,10.0
1,4.909,778,10.0
1,2.9196,778,10.0
1,2.8581,778,10.0
1,1.9172,778,0.05
1,1.011,778,0.05
0,1.7549,778,0.05
1,5.1417,778,0.05
0,2.0558,779,0.05
1,2.3473,779,0.05
0,5.6167,779,0.05
1,3.0991,779,0.05
0,3.7498,779,0.05
1,2.7864,779,0.05
0,4.7942,779,0.05
0,1.9557,779,0.05
1,1.5438,779,10.0
0,1.6207,779,10.0
0,2.2945,779,10.0
1,2.296,779,10.0
0,4.7169,779,10.0
0,6.9074,779,10.0
1,1.732,779,10.0
1,1.683,779,10.0
0,2.7272,779,10.0
1,2.7531,779,10.0
0,4.9741,779,10.0
1,3.811,779,10.0
1,2.4241,779,10.0
1,2.9157,779,10.0
1,2.5282,779,0.05
1,2.8338,779,0.05
0,4.033,779,0.05
1,6.1425,779,0.05
0,1.8432,779,0.05
1,2.4375,779,0.05
1,3.5145,779,0.05
1,5.1664,779,0.05
1,4.3174,779,0.05
1,1.4836,779,0.05
1,1.6008,779,0.05
1,5.5672,779,0.05
0,3.8834,779,0.05
1,3.9945,779,0.05
0,4.3708,779,10.0
0,5.6257,779,10.0
1,1.9761,779,10.0
1,2.9897,779,10.0
1,1.8737,779,10.0
1,1.936,779,10.0
1,4.0479,779,10.0
0,3.1403,779,0.05
0,4.3195,779,0.05
0,3.5575,779,0.05
1,1.0734,779,0.05
0,1.569,779,0.05
1,1.4841,779,0.05
1,1.9841,779,0.05
0,0.9821,779,0.05
0,1.5674,779,0.05
0,1.5341,779,0.05
1,3.0338,779,0.05
1,2.0843,779,0.05
0,2.651,779,0.05
0,3.7007,779,0.05
1,1.0843,779,0.05
1,1.2004,779,0.05
1,1.3839,779,0.05
1,5.6975,779,10.0
0,2.4385,779,10.0
1,1.3772,779,10.0
0,2.8344,779,10.0
1,1.3747,779,10.0
1,1.4976,779,10.0
1,2.3927,779,10.0
0,2.5593,779,10.0
1,1.1351,779,10.0
1,1.2065,779,10.0
1,1.1346,779,10.0
1,1.2773,779,10.0
1,1.2211,779,10.0
1,4.4599,779,10.0
1,1.2769,779,10.0
1,1.9434,779,10.0
1,1.7382,780,10.0
1,2.0623,780,10.0
1,2.5464,780,10.0
0,2.4604,780,10.0
1,2.1176,780,10.0
1,1.321,780,10.0
1,1.5677,780,10.0
0,1.5668,780,10.0
0,1.9657,780,0.05
0,1.676,780,0.05
1,1.1691,780,0.05
1,1.0996,780,0.05
1,1.4473,780,0.05
0,1.984,780,0.05
1,1.9932,780,0.05
1,1.7109,780,0.05
1,1.6021,780,10.0
1,1.1445,780,10.0
1,1.5169,780,10.0
1,1.3816,780,10.0
0,2.0154,780,10.0
1,1.0325,780,10.0
0,1.3045,780,10.0
1,1.3205,780,10.0
1,2.3247,780,0.05
1,1.7516,780,0.05
1,1.3369,780,0.05
1,1.5304,780,0.05
0,2.0627,780,0.05
0,1.6189,780,0.05
1,1.951,780,0.05
0,1.0912,780,0.05
1,2.7339,780,10.0
1,2.236,780,10.0
0,2.0501,780,10.0
0,1.684,780,10.0
1,2.294,780,10.0
1,2.3842,780,10.0
0,1.3836,780,10.0
1,1.0908,780,10.0
1,1.5655,780,0.05
1,2.7125,780,0.05
0,1.8465,780,0.05
1,1.8614,780,0.05
1,3.4113,780,0.05
1,1.6255,780,0.05
1,1.8659,780,0.05
1,1.6378,780,0.05
0,0.8681,780,0.05
1,1.1521,780,0.05
1,2.128,780,0.05
1,3.4891,780,0.05
1,2.4473,780,0.05
1,2.0179,780,0.05
1,1.8498,780,10.0
0,2.243,780,10.0
1,1.2088,780,10.0
0,2.1665,780,10.0
0,1.208,780,10.0
1,1.5641,780,0.05
1,1.9431,780,0.05
1,1.1462,780,0.05
1,2.2637,780,0.05
1,1.6808,780,0.05
1,3.3353,780,0.05
1,2.113,780,0.05
1,1.9213,780,10.0
1,1.1984,780,10.0
1,2.5324,780,10.0
0,2.4604,780,10.0
1,1.2973,780,10.0
0,1.2823,780,10.0
1,1.5356,780,10.0
1,1.9685,780,10.0
1,2.16,780,10.0
1,1.5964,780,10.0
0,2.4411,780,10.0
0,2.8606,780,10.0
0,2.3779,780,10.0
1,2.7211,780,10.0
1,1.5168,780,10.0
1,1.7956,780,0.05
0,2.2495,780,0.05
1,2.0194,780,0.05
1,2.809,781,0.05
0,3.2752,781,0.05
1,4.5656,781,0.05
1,2.7681,781,0.05
1,1.9667,781,0.05
1,1.3837,781,0.05
1,4.3009,781,0.05
1,1.4671,781,0.05
1,2.1174,781,10.0
0,3.6508,781,10.0
0,3.0173,781,10.0
1,2.3841,781,10.0
0,3.2506,781,10.0
0,3.4349,781,10.0
1,3.0837,781,10.0
1,3.056,781,10.0
1,3.0679,781,0.05
1,4.8,781,0.05
1,3.5572,781,0.05
1,8.0503,781,0.05
1,2.2168,781,0.05
0,3.8512,781,0.05
0,4.6833,781,0.05
1,3.2623,781,0.05
1,2.2848,781,10.0
1,2.884,781,10.0
1,2.7505,781,10.0
0,6.3178,781,10.0
1,5.4834,781,10.0
1,3.2503,781,10.0
1,2.65,781,10.0
1,2.3342,781,10.0
0,4.6667,781,10.0
1,2.7061,781,10.0
1,5.116,781,10.0
1,7.2175,781,0.05
1,4.5406,781,0.05
0,4.1166,781,0.05
1,2.411,781,0.05
1,1.6299,781,0.05
1,2.1028,781,0.05
1,2.5121,781,0.05
1,2.2442,781,0.05
1,6.5659,781,0.05
1,7.3691,781,0.05
0,5.5445,781,0.05
0,5.3336,781,0.05
0,5.7837,781,0.05
1,1.8833,781,0.05
1,5.9718,781,10.0
1,4.617,781,10.0
0,6.6703,781,10.0
1,2.3852,781,10.0
1,6.738,781,10.0
1,1.4005,781,10.0
1,2.5168,781,10.0
0,3.434,781,10.0
1,3.1842,781,10.0
1,2.6841,781,10.0
1,1.4836,781,10.0
1,2.5342,781,10.0
1,1.9839,781,0.05
1,1.3345,781,0.05
1,3.7678,781,0.05
1,5.7672,781,0.05
0,1.167,781,0.05
1,2.8997,781,0.05
1,1.6335,781,0.05
0,1.9505,781,0.05
1,3.8019,781,10.0
1,2.1575,781,10.0
1,1.1329,781,10.0
1,3.4142,781,10.0
1,1.2835,781,10.0
1,4.4345,781,10.0
1,1.167,781,10.0
1,1.2831,781,0.05
1,1.0668,781,0.05
1,1.0003,781,0.05
1,1.9836,781,0.05
0,1.1341,781,0.05
1,1.1174,781,0.05
0,4.8595,781,0.05
0,1.6233,782,0.05
0,2.1224,782,0.05
1,2.0426,782,0.05
1,4.2375,782,0.05
1,2.3419,782,0.05
1,2.587,782,0.05
1,1.8,782,10.0
1,3.4351,782,10.0
1,2.1438,782,10.0
1,1.8439,782,10.0
1,1.6628,782,10.0
1,2.6321,782,10.0
0,2.4617,782,10.0
1,1.6863,782,10.0
1,1.8645,782,10.0
0,3.3407,782,10.0
1,3.5665,782,10.0
0,2.9975,782,10.0
1,2.0385,782,10.0
1,1.4738,782,0.05
0,2.5384,782,0.05
1,1.4337,782,0.05
1,4.0689,782,0.05
0,2.5004,782,0.05
1,2.342,782,0.05
0,2.9103,782,0.05
0,1.4547,782,0.05
1,1.9327,782,0.05
1,1.6862,782,0.05
0,1.8523,782,0.05
1,2.2596,782,0.05
1,2.2263,782,10.0
0,1.964,782,10.0
1,1.575,782,10.0
1,1.7881,782,10.0
0,2.0628,782,10.0
1,1.4568,782,10.0
0,2.1043,782,10.0
1,1.854,782,10.0
1,2.3658,782,0.05
1,1.3612,782,0.05
0,1.8286,782,0.05
1,1.5741,782,0.05
1,2.1425,782,0.05
1,1.6214,782,0.05
0,1.5606,782,0.05
1,3.0426,782,0.05
1,2.6203,782,0.05
1,1.5747,782,0.05
1,3.7696,782,10.0
1,2.0976,782,10.0
1,2.1407,782,10.0
1,1.9795,782,10.0
1,4.1763,782,10.0
1,1.492,782,10.0
1,1.568,782,10.0
1,1.3374,782,10.0
0,1.3255,782,10.0
1,2.8105,782,10.0
1,3.0093,782,10.0
1,1.6758,782,10.0
1,1.6226,782,10.0
1,1.5909,782,0.05
0,2.2915,782,0.05
1,1.3015,782,0.05
1,1.8205,782,0.05
1,1.4365,782,0.05
1,1.5555,782,0.05
1,1.7616,782,0.05
1,1.5262,782,0.05
0,0.8987,783,0.05
1,2.6836,783,0.05
1,1.4001,783,0.05
1,1.5501,783,0.05
0,3.7333,783,0.05
1,3.3169,783,0.05
1,2.4305,783,0.05
1,4.6399,783,0.05
1,1.4188,783,0.05
1,1.9792,783,0.05
1,1.8665,783,0.05
1,1.9153,783,0.05
1,1.811,783,0.05
1,2.7633,783,0.05
1,1.5066,783,10.0
1,1.3549,783,10.0
1,1.3916,783,10.0
0,2.0441,783,10.0
1,1.6807,783,10.0
1,1.9769,783,10.0
1,1.4448,783,10.0
1,1.9737,783,10.0
0,2.2299,783,10.0
1,1.8286,783,10.0
1,1.4001,783,10.0
1,1.9259,783,10.0
1,2.0928,783,10.0
1,1.0047,783,10.0
1,3.8635,783,10.0
1,1.3695,783,10.0
0,2.9982,783,10.0
1,1.6588,783,0.05
1,2.0012,783,0.05
1,1.0918,783,0.05
1,0.8693,783,0.05
1,1.5093,783,0.05
1,3.2509,783,0.05
0,4.4483,783,0.05
1,1.017,783,10.0
1,1.9502,783,10.0
1,1.0335,783,10.0
1,2.6335,783,10.0
1,1.117,783,10.0
1,2.5337,783,10.0
1,1.2839,783,10.0
1,4.4154,783,10.0
1,2.4469,783,10.0
1,1.1834,783,10.0
1,2.6501,783,10.0
1,1.1333,783,10.0
0,4.9333,783,10.0
1,2.1335,783,10.0
1,0.9328,783,10.0
1,0.7161,783,0.05
1,1.0668,783,0.05
1,1.0502,783,0.05
0,3.2669,783,0.05
1,1.2505,783,0.05
1,1.1836,783,0.05
1,1.0335,783,0.05
1,2.1498,783,0.05
1,1.0,783,0.05
1,1.3331,783,0.05
1,1.15,783,0.05
0,1.3834,783,0.05
1,1.7669,783,0.05
1,2.1503,783,0.05
1,1.3338,783,0.05
1,1.6668,783,0.05
0,2.6583,784,0.05
1,1.6857,784,0.05
1,3.615,784,0.05
1,1.8281,784,0.05
0,2.4267,784,0.05
1,3.3142,784,0.05
1,1.6417,784,0.05
1,5.7462,784,10.0
1,1.7997,784,10.0
1,2.5201,784,10.0
1,2.8838,784,10.0
0,2.2235,784,10.0
1,3.4938,784,10.0
0,1.6152,784,0.05
1,2.0511,784,0.05
0,4.3301,784,0.05
1,1.5308,784,0.05
1,3.3157,784,0.05
1,2.3256,784,0.05
1,1.7095,784,0.05
1,2.853,784,0.05
1,2.1962,784,10.0
0,3.9314,784,10.0
1,2.2549,784,10.0
1,2.157,784,10.0
1,3.286,784,10.0
1,2.6176,784,10.0
0,1.7727,784,10.0
0,3.3186,784,0.05
1,1.2606,784,0.05
0,1.298,784,0.05
1,2.1991,784,0.05
1,5.389,784,0.05
1,3.8853,784,0.05
0,2.0489,784,0.05
1,2.9055,784,0.05
1,4.0847,784,0.05
1,4.2176,784,0.05
1,3.2833,784,0.05
1,1.5777,784,0.05
1,1.2129,784,0.05
1,1.8092,784,0.05
1,3.1132,784,0.05
1,1.1948,784,10.0
1,2.0973,784,10.0
1,2.3313,784,10.0
0,4.0015,784,10.0
1,2.0967,784,10.0
0,3.4305,784,10.0
1,3.0441,784,0.05
1,2.7022,784,0.05
1,1.4649,784,0.05
1,2.0027,784,0.05
1,3.6211,784,0.05
1,2.0233,784,0.05
1,1.5166,784,0.05
1,1.2995,784,0.05
1,1.0206,784,0.05
0,3.2685,784,0.05
0,5.0046,784,0.05
1,2.8993,784,0.05
1,1.1232,784,0.05
1,1.2715,784,0.05
1,2.3199,784,0.05
1,3.9967,784,10.0
1,1.1024,784,10.0
1,1.6534,784,10.0
1,1.0294,784,10.0
1,1.1785,784,10.0
1,0.9809,784,10.0
0,3.0361,784,10.0
1,1.1799,784,10.0
1,1.3287,784,10.0
1,0.976,784,10.0
1,2.4993,784,10.0
1,3.1694,784,10.0
1,3.7017,784,10.0
0,2.8541,785,0.05
0,1.9109,785,0.05
1,1.5437,785,0.05
0,1.7325,785,0.05
1,1.8199,785,10.0
1,2.0909,785,10.0
1,2.6411,785,10.0
0,1.985,785,10.0
0,1.6516,785,10.0
1,2.3839,785,10.0
1,1.2705,785,10.0
1,1.7305,785,0.05
1,1.1023,785,0.05
0,1.41,785,0.05
0,2.0205,785,0.05
1,2.2704,785,0.05
1,1.2205,785,0.05
0,1.1656,785,0.05
1,1.7838,785,0.05
1,1.4004,785,10.0
1,2.4297,785,10.0
1,1.2104,785,10.0
1,2.3155,785,10.0
0,1.793,785,10.0
0,1.4033,785,10.0
1,1.4648,785,10.0
1,2.1805,785,10.0
1,1.604,785,0.05
1,1.6402,785,0.05
1,1.8052,785,0.05
1,2.0819,785,0.05
0,1.2319,785,0.05
1,1.6662,785,0.05
1,1.3339,785,0.05
1,2.0174,785,0.05
1,1.9074,785,10.0
1,1.0374,785,10.0
1,2.4774,785,10.0
0,1.8652,785,10.0
1,2.1976,785,10.0
1,1.2493,785,10.0
1,1.1378,785,10.0
1,1.0248,785,10.0
0,1.8528,785,10.0
1,1.4604,785,10.0
1,1.0232,785,10.0
1,1.7563,785,10.0
1,1.6546,785,10.0
1,1.4763,785,10.0
1,1.3161,785,10.0
1,2.1272,785,10.0
1,1.4212,785,10.0
0,0.7455,785,10.0
1,1.5464,785,10.0
0,2.7441,785,0.05
0,1.9323,785,0.05
0,2.083,785,0.05
1,2.1348,785,0.05
1,1.4012,785,0.05
1,1.4678,785,0.05
0,1.0965,785,0.05
1,2.6176,785,0.05
1,1.1847,785,0.05
1,1.308,785,0.05
1,1.897,785,0.05
1,1.3806,785,0.05
1,1.005,785,0.05
1,1.8479,785,0.05
1,1.6423,785,0.05
0,1.427,785,0.05
1,1.1759,786,10.0
0,1.3522,786,10.0
1,1.7859,786,10.0
1,1.0629,786,10.0
1,0.9438,786,10.0
1,2.077,786,10.0
1,0.9717,786,10.0
1,1.0983,786,10.0
1,1.6097,786,10.0
1,1.334,786,10.0
1,1.1881,786,10.0
0,1.2522,786,10.0
1,1.3988,786,10.0
1,0.941,786,10.0
1,1.1737,786,10.0
1,1.0281,786,10.0
1,0.9654,786,0.05
0,0.9812,786,0.05
1,1.7392,786,0.05
0,1.3761,786,0.05
1,1.7093,786,0.05
1,1.2954,786,0.05
1,1.6092,786,0.05
1,0.9847,786,0.05
0,0.7453,786,0.05
1,0.6359,786,0.05
1,1.5251,786,0.05
1,0.9962,786,0.05
1,0.9327,786,0.05
1,1.1368,786,0.05
1,1.336,786,0.05
1,1.2241,786,10.0
1,1.6702,786,10.0
1,0.9529,786,10.0
1,0.86,786,10.0
1,0.894,786,10.0
1,1.4498,786,10.0
1,2.057,786,10.0
0,1.7232,786,0.05
1,0.839,786,0.05
0,0.9442,786,0.05
1,2.1246,786,0.05
1,0.9964,786,0.05
1,1.6701,786,0.05
1,0.8615,786,0.05
0,0.92,786,0.05
0,1.3398,786,0.05
1,1.7858,786,0.05
1,1.2774,786,0.05
1,1.0711,786,0.05
1,1.2867,786,0.05
1,0.9961,786,0.05
1,1.9203,786,0.05
1,0.874,786,0.05
0,0.9593,786,10.0
1,1.6274,786,10.0
1,0.9472,786,10.0
1,1.4081,786,10.0
0,1.6544,786,10.0
0,1.4566,786,10.0
1,0.9547,786,10.0
0,2.0439,786,10.0
1,1.0511,786,10.0
1,1.2049,786,10.0
1,0.8437,786,10.0
0,1.4987,786,10.0
1,0.9992,786,10.0
1,0.6798,786,10.0
1,1.1318,786,10.0
1,1.2991,786,10.0
0,1.9395,786,0.05
1,1.9579,786,0.05
1,1.9299,786,0.05
1,1.1336,786,0.05
0,0.8421,786,0.05
1,1.1818,786,0.05
1,0.7324,786,0.05
1,0.9642,786,0.05
1,1.4621,786,0.05
1,1.0183,786,0.05
1,0.8731,786,0.05
1,0.9808,786,0.05
1,1.2362,786,0.05
1,0.9187,786,0.05
1,1.0723,786,0.05
1,0.7898,786,0.05
1,2.48,787,10.0
1,2.401,787,10.0
0,6.33,787,10.0
1,3.854,787,10.0
1,7.217,787,10.0
1,7.096,787,10.0
1,2.537,787,10.0
0,12.818,787,10.0
0,5.873,787,0.05
1,3.212,787,0.05
1,2.643,787,0.05
1,3.286,787,0.05
1,4.081,787,0.05
1,5.845,787,0.05
1,2.903,787,0.05
1,3.029,787,0.05
1,1.597,787,0.05
1,3.442,787,0.05
1,5.526,787,10.0
0,9.47,787,10.0
1,2.182,787,10.0
1,3.553,787,10.0
1,8.279,787,10.0
1,6.797,787,10.0
1,10.167,787,10.0
1,6.958,787,10.0
1,4.664,787,10.0
1,2.293,787,10.0
1,5.301,787,10.0
0,6.924,787,10.0
0,3.278,787,0.05
1,8.118,787,0.05
1,2.236,787,0.05
1,2.827,787,0.05
1,2.372,787,0.05
1,7.809,787,0.05
1,5.767,787,0.05
1,2.01,787,0.05
1,2.232,787,10.0
1,3.227,787,10.0
1,3.561,787,10.0
1,7.194,787,10.0
1,2.088,787,10.0
1,4.09,787,10.0
1,2.539,787,10.0
1,1.431,787,10.0
0,4.277,787,10.0
1,7.952,787,10.0
1,1.975,787,10.0
0,2.851,787,10.0
1,2.766,787,0.05
1,2.451,787,0.05
1,6.273,787,0.05
1,5.08,787,0.05
1,5.049,787,0.05
1,5.215,787,0.05
1,3.142,787,0.05
1,3.35,787,0.05
1,8.422,787,0.05
1,8.129,787,0.05
0,14.017,787,0.05
1,8.623,787,0.05
1,4.2,787,0.05
1,3.053,787,0.05
1,6.128,787,0.05
1,6.933,787,0.05
1,7.57,787,10.0
1,2.634,787,10.0
0,4.236,787,10.0
1,2.16,787,10.0
1,3.401,787,10.0
1,1.3386,788,10.0
0,0.976,788,10.0
0,1.3488,788,10.0
0,1.9664,788,10.0
1,1.7813,788,10.0
0,1.2019,788,10.0
1,0.9791,788,10.0
0,2.071,788,10.0
0,1.6738,788,10.0
1,1.2675,788,10.0
1,1.236,788,10.0
1,1.5604,788,10.0
1,1.3312,788,10.0
1,0.9452,788,10.0
1,0.8784,788,0.05
0,1.1341,788,0.05
0,1.6364,788,0.05
0,1.7184,788,0.05
1,1.3143,788,0.05
1,0.7583,788,0.05
0,1.6122,788,10.0
1,2.4437,788,10.0
1,2.1286,788,10.0
1,1.2793,788,10.0
0,1.4276,788,10.0
1,0.8631,788,10.0
1,1.284,788,10.0
1,2.2068,788,10.0
1,1.1406,788,10.0
0,1.6208,788,10.0
1,1.2611,788,10.0
1,1.4653,788,0.05
1,1.048,788,0.05
1,1.081,788,0.05
0,1.7402,788,0.05
1,1.2445,788,0.05
0,0.9297,788,0.05
0,1.2133,788,0.05
1,1.1945,788,0.05
1,1.2808,788,0.05
1,1.1525,788,0.05
1,0.9592,788,0.05
1,1.3883,788,0.05
1,1.2172,788,0.05
0,1.4303,788,0.05
1,1.479,788,0.05
1,2.0643,788,10.0
0,2.1383,788,10.0
1,0.8271,788,10.0
1,1.6334,788,10.0
1,0.8589,788,10.0
1,1.5735,788,10.0
1,0.9545,788,10.0
1,0.9824,788,10.0
1,1.1341,788,0.05
1,0.7256,788,0.05
1,0.7462,788,0.05
1,1.0482,788,0.05
1,1.068,788,0.05
1,1.3186,788,0.05
1,1.4142,788,0.05
1,1.0783,788,0.05
0,1.8492,788,10.0
1,1.2133,788,10.0
1,1.7339,788,10.0
0,1.3677,788,10.0
0,1.4167,788,10.0
1,1.3334,788,10.0
1,1.1164,788,10.0
0,1.4498,788,10.0
1,1.2953,788,0.05
1,1.0923,788,0.05
1,1.4481,788,0.05
1,0.932,788,0.05
1,1.2641,788,0.05
1,1.07,788,0.05
0,0.5341,788,0.05
0,0.8863,788,0.05
1,4.9369,789,0.05
1,1.9961,789,0.05
0,4.5859,789,0.05
1,2.0893,789,0.05
1,2.7391,789,0.05
1,3.8081,789,10.0
1,2.6834,789,10.0
0,1.3078,789,10.0
1,2.14,789,10.0
1,1.1843,789,10.0
0,5.4456,789,0.05
1,3.6394,789,0.05
1,4.4538,789,0.05
1,6.0549,789,0.05
1,1.2712,789,0.05
1,1.9068,789,0.05
1,5.9968,789,0.05
1,2.027,789,10.0
0,1.7562,789,10.0
1,3.0844,789,10.0
1,2.3977,789,10.0
1,5.729,789,10.0
1,2.6909,789,10.0
1,1.7313,789,10.0
1,3.9233,789,10.0
1,3.7857,789,10.0
1,1.9807,789,10.0
1,1.7224,789,10.0
1,1.1189,789,10.0
0,6.4291,789,10.0
1,5.8417,789,10.0
1,2.6209,789,10.0
0,4.2995,789,10.0
1,5.9763,789,10.0
1,1.7018,789,10.0
1,1.4487,789,10.0
0,3.2823,789,10.0
1,2.6167,789,10.0
1,4.888,789,10.0
1,2.9977,789,10.0
1,3.3324,789,0.05
1,2.0231,789,0.05
1,1.5917,789,0.05
0,1.9173,789,0.05
1,2.5401,789,0.05
1,2.3916,789,0.05
1,2.4733,789,10.0
1,3.895,789,10.0
1,4.8088,789,10.0
1,1.2582,789,10.0
1,1.4626,789,10.0
1,4.2307,789,10.0
1,1.3429,789,10.0
0,2.6342,789,10.0
1,3.0242,789,10.0
1,2.3187,789,10.0
1,2.8684,789,10.0
1,1.7336,789,10.0
0,2.1667,789,10.0
1,3.0609,789,10.0
1,0.9644,789,10.0
1,1.3066,789,0.05
0,1.335,789,0.05
1,1.1413,789,0.05
0,1.0849,789,0.05
0,1.7078,789,0.05
1,2.136,789,0.05
1,3.6392,789,0.05
1,1.6788,789,0.05
0,2.5048,789,0.05
0,1.4585,789,0.05
0,1.7556,789,0.05
1,1.6604,789,0.05
1,1.2057,789,0.05
1,0.7643,789,0.05
1,1.0002,789,0.05
1,2.0702,789,0.05
0,5.3122,790,0.05
1,1.9565,790,0.05
1,1.8831,790,0.05
0,3.325,790,0.05
0,1.8291,790,0.05
1,1.3697,790,0.05
0,3.4275,790,0.05
1,1.7696,790,0.05
0,2.7057,790,10.0
1,1.5079,790,10.0
0,2.5178,790,10.0
1,2.9045,790,10.0
0,2.7914,790,10.0
0,3.5023,790,10.0
1,1.9337,790,10.0
1,1.8507,790,10.0
1,2.8459,790,0.05
1,2.4371,790,0.05
0,1.8341,790,0.05
1,2.1085,790,0.05
0,1.8614,790,0.05
0,2.2224,790,0.05
1,1.4606,790,0.05
1,1.8522,790,0.05
1,2.2674,790,10.0
1,1.9264,790,10.0
1,1.806,790,10.0
0,3.3516,790,10.0
1,1.9341,790,10.0
1,2.0943,790,10.0
1,1.7837,790,10.0
0,2.1722,790,10.0
0,7.2107,790,10.0
1,3.2456,790,10.0
1,2.4589,790,10.0
1,3.0075,790,10.0
1,5.1892,790,10.0
1,4.5248,790,10.0
1,4.1478,790,10.0
1,3.5537,790,10.0
1,5.2722,790,0.05
0,2.0578,790,0.05
1,4.4641,790,0.05
1,5.1607,790,0.05
1,2.9494,790,0.05
1,2.3743,790,0.05
1,3.5221,790,0.05
0,2.8208,790,0.05
1,3.2292,790,0.05
1,4.5057,790,0.05
1,3.7294,790,0.05
1,4.3068,790,0.05
1,4.3967,790,0.05
1,3.5219,790,0.05
1,1.4362,790,0.05
1,4.0236,790,0.05
0,7.4406,790,0.05
0,3.0606,790,0.05
1,3.7008,790,0.05
1,1.719,790,0.05
1,3.5855,790,0.05
1,5.1189,790,0.05
1,6.4215,790,0.05
1,6.9375,790,0.05
1,3.5667,790,0.05
1,2.8876,790,0.05
1,4.883,790,0.05
1,4.1028,790,0.05
1,2.6713,790,0.05
1,7.3887,790,10.0
1,5.8917,790,10.0
1,6.8727,790,10.0
1,6.261,790,10.0
1,8.4206,790,10.0
1,5.9863,790,10.0
1,1.6654,790,10.0
1,6.1392,790,10.0
1,2.4765,790,10.0
1,3.0463,791,10.0
0,2.2182,791,10.0
1,1.879,791,10.0
1,1.4466,791,10.0
1,3.6532,791,10.0
1,1.2294,791,10.0
1,2.2917,791,10.0
1,1.993,791,10.0
1,1.8747,791,10.0
1,1.4995,791,10.0
0,1.5585,791,10.0
1,1.1285,791,10.0
1,1.5833,791,0.05
1,0.9074,791,0.05
1,0.8009,791,0.05
1,0.9354,791,0.05
1,1.0658,791,0.05
1,1.281,791,0.05
1,1.4717,791,0.05
1,0.7649,791,0.05
0,0.9964,791,0.05
0,0.7772,791,0.05
1,1.3244,791,0.05
1,1.3946,791,0.05
1,1.962,791,0.05
0,1.3656,791,0.05
1,1.0818,791,0.05
1,1.0028,791,0.05
0,3.6203,791,10.0
0,2.1273,791,10.0
1,2.7118,791,10.0
1,1.3528,791,10.0
1,1.0249,791,10.0
1,2.137,791,0.05
0,1.9877,791,0.05
1,1.222,791,0.05
1,1.1596,791,10.0
1,2.1463,791,10.0
0,3.3053,791,10.0
0,1.1731,791,10.0
0,1.9823,791,10.0
0,1.7373,791,10.0
1,1.2746,791,10.0
0,1.1079,791,10.0
1,1.154,791,0.05
0,2.8411,791,0.05
1,1.7336,791,0.05
1,2.0884,791,0.05
0,1.8332,791,0.05
0,2.3886,791,0.05
1,1.6393,791,0.05
1,1.1915,791,0.05
1,2.5319,791,10.0
1,2.043,791,10.0
1,1.4292,791,10.0
1,2.4614,791,10.0
0,3.6262,791,10.0
1,1.4173,791,10.0
1,9.8101,792,10.0
0,8.8872,792,10.0
1,6.8008,792,10.0
1,9.6773,792,10.0
0,6.0762,792,10.0
1,3.3759,792,10.0
0,6.0011,792,10.0
0,3.1631,792,0.05
0,2.1952,792,0.05
1,6.512,792,0.05
1,9.1944,792,0.05
0,9.2808,792,0.05
1,7.6184,792,0.05
1,5.4779,792,0.05
0,6.8202,792,0.05
1,3.6509,792,0.05
1,3.9102,792,0.05
0,7.4307,792,0.05
1,5.6952,792,0.05
1,7.1894,792,0.05
0,6.5352,792,0.05
0,3.9692,792,0.05
1,5.9734,792,0.05
1,2.5752,792,10.0
0,3.252,792,10.0
1,1.9561,792,10.0
0,1.3633,792,10.0
1,1.263,792,10.0
1,5.7751,792,0.05
1,9.1455,792,0.05
0,6.0779,792,0.05
0,5.0539,792,0.05
1,3.5393,792,0.05
1,2.8573,792,0.05
1,10.4997,792,0.05
1,5.8652,792,0.05
1,5.0139,792,10.0
0,9.398,792,10.0
1,3.3656,792,10.0
0,6.0489,792,10.0
1,5.4625,792,10.0
1,2.7961,792,10.0
1,4.9431,792,10.0
1,6.3155,792,10.0
1,5.5616,792,10.0
1,7.1361,792,10.0
1,6.6712,792,10.0
1,4.4071,792,10.0
1,2.0818,792,10.0
1,1.7791,792,10.0
1,5.0116,792,10.0
0,3.071,792,0.05
1,4.7135,792,0.05
1,3.271,792,0.05
1,4.6934,792,0.05
0,4.6282,792,0.05
1,4.8151,792,0.05
1,10.9349,792,0.05
1,10.9098,792,0.05
1,2.8621,792,0.05
1,1.9747,792,0.05
0,1.8817,792,0.05
0,2.9477,792,0.05
1,1.4634,792,0.05
1,2.1484,792,0.05
1,1.4641,792,0.05
1,4.0127,792,0.05
1,1.5629,792,10.0
0,2.2865,792,10.0
0,1.6459,792,10.0
1,1.5845,792,10.0
1,4.5655,792,10.0
0,2.0628,792,10.0
1,1.6512,792,10.0
1,2.2825,792,10.0
1,3.3927,792,0.05
1,1.6532,792,0.05
1,1.4318,792,0.05
1,1.9141,792,0.05
1,1.7857,792,0.05
1,2.3215,792,0.05
1,1.705,792,0.05
1,1.9846,792,0.05
1,1.1697,792,10.0
1,2.0627,792,10.0
1,1.4329,792,10.0
0,3.0,792,10.0
1,1.7826,792,10.0
1,3.4045,792,10.0
0,2.9643,792,10.0
1,2.0494,792,10.0
0,1.388,793,0.05
1,2.158,793,0.05
1,1.045,793,0.05
1,1.108,793,0.05
1,1.351,793,0.05
1,2.794,793,0.05
1,2.095,793,0.05
0,2.84,793,0.05
1,2.589,793,0.05
0,1.005,793,0.05
1,2.208,793,0.05
1,1.525,793,0.05
1,1.037,793,0.05
0,1.066,793,0.05
1,2.7,793,10.0
0,1.79,793,10.0
1,1.52,793,10.0
1,2.182,793,10.0
1,2.137,793,10.0
1,1.341,793,0.05
1,2.821,793,0.05
1,1.3,793,0.05
1,2.673,793,0.05
0,1.815,793,0.05
1,1.397,793,0.05
0,1.037,793,0.05
1,1.589,793,10.0
1,1.145,793,10.0
1,1.179,793,10.0
1,3.635,793,10.0
1,1.058,793,10.0
1,2.7,793,10.0
1,1.819,793,10.0
0,1.79,793,10.0
0,1.781,793,10.0
1,1.124,793,10.0
1,1.848,793,10.0
0,2.225,793,10.0
1,1.86,793,10.0
1,1.849,793,10.0
1,0.919,793,10.0
1,0.976,793,0.05
1,2.144,793,0.05
0,1.668,793,0.05
1,2.423,793,0.05
1,3.372,793,0.05
1,1.701,793,0.05
1,1.636,793,0.05
1,2.155,793,0.05
1,1.449,793,0.05
0,1.196,793,0.05
0,1.636,793,0.05
0,2.132,793,0.05
0,2.118,793,0.05
1,1.087,793,0.05
1,1.629,793,0.05
0,2.682,793,10.0
0,1.435,793,10.0
1,2.373,793,10.0
1,1.187,793,10.0
1,1.287,793,10.0
0,1.639,793,10.0
1,1.441,793,10.0
0,1.36,793,10.0
1,0.965,793,10.0
1,1.398,793,10.0
1,1.282,793,10.0
0,1.272,793,10.0
1,1.02,793,10.0
1,1.023,793,10.0
0,0.956,793,10.0
0,1.575,793,10.0
1,1.617,793,0.05
1,1.579,793,0.05
1,1.201,793,0.05
1,2.125,793,0.05
1,1.866,793,0.05
0,1.454,793,0.05
0,1.827,793,0.05
1,1.724,793,0.05
0,4.7615,794,10.0
1,2.0678,794,10.0
1,1.8679,794,10.0
1,4.4826,794,10.0
1,5.6122,794,10.0
1,2.9548,794,10.0
1,2.4251,794,10.0
1,4.2056,794,10.0
1,2.0553,794,10.0
0,6.5947,794,10.0
1,2.8164,794,10.0
0,2.6095,794,10.0
1,3.7377,794,10.0
1,2.3903,794,10.0
1,1.9839,794,10.0
1,1.793,794,0.05
0,4.3278,794,0.05
1,3.6039,794,0.05
1,2.4857,794,0.05
1,4.932,794,0.05
0,5.2867,794,0.05
1,3.5998,794,0.05
1,3.9385,794,0.05
0,3.7886,794,0.05
0,2.6992,794,0.05
0,2.3369,794,0.05
1,2.7359,794,0.05
1,3.2181,794,0.05
1,4.007,794,10.0
1,3.1283,794,10.0
1,2.4983,794,10.0
0,4.6196,794,10.0
0,5.6983,794,10.0
1,2.1629,794,10.0
1,2.6347,794,10.0
1,5.601,794,10.0
0,2.3982,794,0.05
1,2.7205,794,0.05
1,2.3161,794,0.05
0,2.3976,794,0.05
0,3.4841,794,0.05
1,3.9725,794,0.05
1,2.6344,794,0.05
1,2.8844,794,10.0
1,4.9811,794,10.0
0,4.0732,794,10.0
1,2.7058,794,10.0
1,5.6576,794,10.0
1,2.1778,794,10.0
1,1.9527,794,10.0
1,3.7723,794,10.0
1,3.1427,794,0.05
1,3.9817,794,0.05
0,3.4215,794,0.05
0,4.1861,794,0.05
1,6.4194,794,0.05
1,2.6789,794,0.05
1,2.1268,794,0.05
1,2.2995,794,0.05
1,2.0358,794,0.05
0,4.0788,794,0.05
1,2.8292,794,0.05
1,2.3019,794,0.05
1,2.5992,794,0.05
0,2.8721,794,0.05
1,2.927,794,0.05
0,5.8967,794,0.05
1,2.7661,794,0.05
1,2.6107,794,0.05
1,1.6305,794,0.05
1,1.3199,794,0.05
0,2.8944,794,0.05
0,2.9531,794,10.0
1,5.6257,794,10.0
1,1.8138,794,10.0
1,3.4391,794,10.0
0,5.4997,794,10.0
1,1.5379,794,10.0
0,1.6967,794,10.0
1,3.3321,794,10.0
1,2.6671,794,10.0
1,3.5023,794,10.0
1,2.1638,794,10.0
1,1.2355,794,10.0
1,1.601,794,10.0
1,1.4499,794,10.0
1,1.2818,794,10.0
1,1.647,794,10.0
0,2.1166,795,10.0
1,1.0074,795,10.0
1,1.4339,795,10.0
1,1.3048,795,10.0
0,1.2919,795,10.0
1,2.1827,795,10.0
1,1.6101,795,10.0
1,5.0973,795,10.0
1,2.542,795,0.05
1,2.2886,795,0.05
1,1.3269,795,0.05
0,1.5558,795,0.05
0,3.0796,795,0.05
1,1.7914,795,0.05
0,1.5801,795,0.05
1,3.1992,795,0.05
0,4.822,795,10.0
0,5.1389,795,10.0
1,1.7184,795,10.0
1,3.7785,795,10.0
1,2.012,795,10.0
1,3.137,795,10.0
1,1.4956,795,10.0
1,1.4863,795,10.0
0,2.2732,795,0.05
0,1.1384,795,0.05
1,1.1234,795,0.05
0,1.6125,795,0.05
1,1.1688,795,0.05
0,1.2007,795,0.05
1,2.2103,795,0.05
1,1.5804,795,0.05
1,5.3289,795,0.05
1,1.6186,795,0.05
1,3.4784,795,0.05
1,3.6359,795,0.05
1,2.9628,795,0.05
1,3.3538,795,0.05
1,2.6577,795,0.05
1,2.7459,795,0.05
1,2.3796,795,0.05
1,1.7169,795,0.05
1,2.6394,795,0.05
0,5.1771,795,0.05
1,2.656,795,0.05
1,5.3812,795,0.05
1,3.561,795,0.05
1,1.3191,795,0.05
1,2.2643,795,0.05
0,1.7345,795,0.05
0,2.7144,795,0.05
1,2.6242,795,0.05
0,2.4242,795,0.05
1,2.0453,795,0.05
1,2.0735,795,10.0
0,2.3072,795,10.0
0,2.3317,795,10.0
1,2.8261,795,10.0
1,3.7115,795,10.0
0,2.1288,795,10.0
0,1.3785,795,10.0
0,2.1797,795,10.0
1,3.6814,795,10.0
0,3.645,795,10.0
1,4.4583,795,10.0
1,2.5763,795,10.0
1,2.363,796,0.05
1,4.4173,796,0.05
1,4.4554,796,0.05
0,1.9483,796,0.05
1,3.2224,796,0.05
1,1.9216,796,0.05
1,2.8919,796,0.05
1,1.465,796,0.05
1,1.5329,796,0.05
0,1.8081,796,0.05
1,2.8233,796,0.05
1,1.7749,796,0.05
1,4.8189,796,0.05
1,2.6247,796,0.05
1,2.0388,796,10.0
1,3.253,796,10.0
0,2.5375,796,10.0
1,1.0514,796,10.0
1,4.8199,796,10.0
0,1.7847,796,10.0
0,1.4538,796,10.0
1,1.3684,796,10.0
0,3.1352,796,10.0
1,3.9717,796,10.0
1,4.2729,796,10.0
1,3.2238,796,10.0
1,3.1544,796,10.0
1,2.1074,796,10.0
1,3.7351,796,10.0
0,2.8234,796,10.0
1,2.426,796,10.0
1,1.4987,796,0.05
0,2.0732,796,0.05
1,2.0085,796,0.05
0,2.7675,796,0.05
0,1.2597,796,0.05
1,2.4855,796,0.05
1,1.2355,796,0.05
1,1.0235,796,0.05
1,1.7049,796,0.05
0,2.1087,796,0.05
1,1.2422,796,0.05
1,1.6108,796,0.05
0,0.887,796,0.05
1,1.2383,796,0.05
1,1.0565,796,0.05
1,2.1659,796,0.05
1,1.1106,796,0.05
0,1.1091,796,0.05
1,0.9705,796,0.05
1,1.1349,796,10.0
0,2.6617,796,10.0
1,0.9083,796,10.0
1,1.7926,796,10.0
1,1.8617,796,10.0
1,1.5492,796,10.0
1,1.126,796,10.0
1,2.3071,796,10.0
1,0.9136,796,10.0
1,2.9758,796,10.0
1,4.1651,796,10.0
1,2.1092,796,10.0
0,1.6326,796,10.0
1,1.2815,796,10.0
1,1.3421,796,10.0
1,1.3884,796,10.0
1,1.4302,797,10.0
1,2.8644,797,10.0
1,1.0215,797,10.0
1,1.1096,797,10.0
1,4.3853,797,10.0
0,1.9183,797,10.0
1,1.0007,797,10.0
1,1.8882,797,0.05
1,3.5471,797,0.05
0,1.2643,797,0.05
1,3.7539,797,0.05
1,1.6052,797,0.05
1,1.4261,797,0.05
1,2.2487,797,0.05
1,2.3298,797,0.05
1,3.2197,797,0.05
1,2.0721,797,0.05
1,1.5416,797,0.05
1,3.1679,797,0.05
1,3.7586,797,0.05
0,1.1367,797,0.05
1,3.4037,797,0.05
1,2.0406,797,0.05
0,4.8037,797,0.05
1,2.2171,797,0.05
1,0.4122,797,0.05
1,1.0783,797,0.05
1,1.1807,797,0.05
1,1.4823,797,0.05
0,0.7825,797,0.05
0,0.8973,797,0.05
0,1.066,797,0.05
0,1.6658,797,0.05
1,1.3469,797,10.0
1,1.0914,797,10.0
1,0.9311,797,10.0
0,1.6523,797,10.0
0,2.359,797,10.0
0,2.274,797,10.0
1,1.1131,797,10.0
1,1.2508,797,10.0
1,1.0421,797,10.0
1,1.3226,797,10.0
1,1.486,797,10.0
1,0.8699,797,0.05
0,1.0616,797,0.05
0,0.3771,797,0.05
1,0.3747,797,0.05
0,0.4515,797,0.05
1,1.0744,797,0.05
1,1.3061,797,0.05
1,0.8784,797,0.05
1,2.1263,798,10.0
1,1.8019,798,10.0
0,1.5854,798,10.0
1,2.1188,798,10.0
1,1.4822,798,10.0
0,1.037,798,10.0
1,1.6013,798,10.0
1,2.1906,798,10.0
0,1.6244,798,10.0
1,1.6147,798,10.0
1,2.4189,798,10.0
1,1.4832,798,10.0
1,1.8023,798,10.0
1,2.5088,798,10.0
0,3.3842,798,10.0
0,2.0003,798,0.05
1,1.2187,798,0.05
1,2.9312,798,0.05
0,2.4657,798,0.05
0,2.1029,798,0.05
0,4.0976,798,0.05
1,1.5074,798,0.05
1,2.465,798,0.05
0,2.5256,798,0.05
1,1.2626,798,0.05
0,2.4627,798,0.05
0,2.634,798,0.05
1,1.5852,798,0.05
0,2.0553,798,0.05
1,1.9014,798,0.05
1,2.0966,798,0.05
1,3.7462,798,10.0
1,2.8136,798,10.0
0,2.6881,798,10.0
1,1.819,798,10.0
0,1.7346,798,10.0
1,1.8186,798,10.0
1,3.2362,798,10.0
1,2.1212,798,10.0
1,2.3202,798,10.0
0,2.5459,798,10.0
1,3.2518,798,10.0
1,3.0361,798,10.0
1,4.0388,798,10.0
1,1.77,798,10.0
1,1.669,798,10.0
1,1.5696,798,10.0
1,2.3897,798,0.05
1,1.8019,798,0.05
1,2.3023,798,0.05
0,2.7186,798,0.05
0,2.5165,798,0.05
1,1.9927,798,0.05
1,2.7197,798,0.05
1,3.3694,798,0.05
1,3.5663,798,0.05
1,1.9683,798,10.0
1,2.7978,798,10.0
1,1.5276,798,10.0
0,1.8868,798,10.0
1,1.3503,798,10.0
1,1.5357,798,10.0
1,1.4075,798,10.0
1,1.2686,798,10.0
1,1.3683,798,0.05
1,1.6857,798,0.05
1,1.4509,798,0.05
1,1.2691,798,0.05
1,1.8343,798,0.05
0,1.8521,798,0.05
1,2.9188,798,0.05
1,2.4661,798,0.05
0,2.2676,798,10.0
1,2.7523,798,10.0
1,1.9358,798,10.0
1,2.2036,798,10.0
0,2.8133,799,10.0
0,2.3794,799,10.0
1,2.1122,799,10.0
1,1.7981,799,10.0
1,3.4184,799,10.0
1,3.597,799,10.0
1,3.0742,799,10.0
1,2.6486,799,10.0
0,2.8642,799,10.0
0,4.141,799,10.0
1,3.9635,799,10.0
1,2.9685,799,10.0
0,4.1471,799,10.0
1,1.9441,799,10.0
1,1.8688,799,10.0
1,2.911,799,10.0
1,3.4988,799,0.05
1,2.738,799,0.05
1,3.416,799,0.05
1,2.8068,799,0.05
1,2.3937,799,0.05
1,2.8492,799,0.05
1,3.7504,799,0.05
0,3.0506,799,0.05
1,2.6855,799,0.05
1,1.9963,799,0.05
0,2.8401,799,0.05
1,2.6202,799,0.05
1,2.6742,799,0.05
0,4.9163,799,0.05
1,2.5701,799,0.05
1,2.6021,799,0.05
1,5.9987,799,0.05
1,5.9477,799,0.05
1,2.807,799,0.05
1,3.3505,799,0.05
1,5.4493,799,0.05
1,3.1783,799,0.05
1,4.0926,799,0.05
1,6.1645,799,0.05
0,2.7422,799,10.0
1,7.0839,799,10.0
1,8.5209,799,10.0
1,3.7429,799,10.0
1,5.3509,799,10.0
0,6.5603,799,10.0
1,5.0345,799,10.0
1,4.5608,799,10.0
0,6.9125,799,10.0
1,6.4859,799,10.0
0,4.3161,799,10.0
1,7.1446,799,10.0
1,8.5428,799,10.0
1,3.598,799,10.0
1,5.1577,799,10.0
0,4.4331,799,0.05
1,3.4024,799,0.05
1,2.7402,799,0.05
0,5.4182,799,0.05
1,3.2386,799,0.05
1,5.2356,799,0.05
1,2.8591,799,10.0
1,2.5308,799,10.0
1,2.4773,799,10.0
1,2.3705,799,10.0
0,6.481,799,10.0
0,4.4838,799,10.0
1,3.766,799,10.0
1,2.4828,799,0.05
1,4.3459,799,0.05
0,7.0647,799,0.05
0,6.0576,799,0.05
1,3.0778,799,0.05
1,2.3856,799,0.05
1,8.5922,799,0.05
1,8.578,799,0.05
1,3.0244,799,0.05
1,3.0569,799,0.05
1,2.2224,799,0.05
1,5.8293,799,0.05
1,2.0858,799,0.05
0,6.1583,799,0.05
1,2.0588,799,10.0
1,1.7628,799,10.0
1,6.8452,799,10.0
1,3.5325,799,10.0
1,8.6966,799,10.0
1,4.8233,799,10.0
1,6.3745,799,10.0
1,1.7663,800,0.05
1,1.263,800,0.05
1,1.3852,800,0.05
0,1.57,800,0.05
1,2.5561,800,0.05
1,1.7133,800,0.05
1,2.3997,800,0.05
1,2.7461,800,10.0
1,1.3003,800,10.0
1,2.6726,800,10.0
1,1.8001,800,10.0
0,1.1066,800,10.0
1,2.8057,800,10.0
1,4.0506,800,10.0
1,3.8433,800,10.0
1,3.3943,800,10.0
0,1.2116,800,10.0
1,2.146,800,10.0
1,2.5153,800,10.0
1,1.4731,800,10.0
1,1.0898,800,10.0
1,1.0632,800,10.0
1,1.8834,800,10.0
1,1.7698,800,0.05
1,2.7238,800,0.05
1,1.456,800,0.05
0,1.8145,800,0.05
0,1.7535,800,0.05
1,1.8729,800,0.05
1,1.4961,800,0.05
1,1.5645,800,0.05
1,1.3268,800,10.0
1,1.9104,800,10.0
1,2.7455,800,10.0
1,1.2594,800,10.0
1,2.2913,800,10.0
0,2.8086,800,10.0
0,2.7576,800,10.0
1,4.2789,800,10.0
1,2.277,800,0.05
1,2.8566,800,0.05
1,1.24,800,0.05
1,1.7723,800,0.05
1,2.475,800,0.05
1,1.775,800,0.05
1,4.1007,800,0.05
1,1.3229,800,10.0
1,2.6452,800,10.0
1,2.9049,800,10.0
1,1.7409,800,10.0
1,2.2088,800,10.0
0,2.1203,800,10.0
1,2.461,800,10.0
1,1.0773,800,10.0
0,2.3401,800,0.05
1,3.2611,800,0.05
0,1.9777,800,0.05
1,2.3551,800,0.05
1,1.3244,800,10.0
1,2.1846,800,10.0
1,2.077,800,10.0
1,2.0253,800,10.0
1,2.3595,800,10.0
1,1.6298,800,10.0
1,1.7317,800,10.0
1,1.2893,800,0.05
1,2.0549,800,0.05
1,1.7122,800,0.05
0,1.3382,800,0.05
0,1.7309,800,0.05
0,4.1384,800,0.05
1,2.4407,800,0.05
1,2.5072,800,10.0
1,2.0791,800,10.0
1,1.5902,800,10.0
1,2.5605,800,10.0
1,1.5663,800,10.0
0,3.4576,800,10.0
1,2.3216,800,10.0
1,1.7379,800,0.05
1,1.3418,800,0.05
1,2.0422,800,0.05
1,0.9905,800,0.05
0,2.5915,800,0.05
1,2.3745,800,0.05
1,1.4296,800,0.05
1,2.7729,800,0.05
1,3.8461,801,10.0
1,2.8238,801,10.0
1,2.5993,801,10.0
1,3.4458,801,10.0
0,2.909,801,10.0
1,3.1202,801,0.05
1,3.1381,801,0.05
1,3.4369,801,0.05
1,5.3691,801,0.05
1,3.1638,801,10.0
1,3.6049,801,10.0
1,3.6195,801,10.0
1,3.9337,801,10.0
1,3.1937,801,10.0
1,4.5306,801,10.0
1,3.8695,801,10.0
1,2.4747,801,0.05
1,5.4119,801,0.05
1,3.0135,801,0.05
1,2.3449,801,0.05
1,3.2058,801,0.05
1,2.211,801,0.05
1,2.0261,801,0.05
1,2.7919,801,0.05
1,3.0371,801,0.05
1,4.0412,801,0.05
1,5.3731,801,0.05
1,3.4864,801,0.05
1,2.9526,801,0.05
1,2.6042,801,0.05
1,4.2135,801,10.0
1,2.6287,801,10.0
1,2.4283,801,10.0
1,2.9425,801,10.0
0,2.6614,801,10.0
1,1.8764,801,10.0
1,2.747,801,10.0
0,3.4967,801,10.0
1,2.9458,801,0.05
1,2.2756,801,0.05
1,2.4115,801,0.05
1,2.4115,801,0.05
1,2.062,801,0.05
1,3.0159,801,0.05
1,3.1122,801,0.05
1,2.7471,801,0.05
1,2.495,801,10.0
0,4.503,801,10.0
1,4.2248,801,10.0
1,3.4955,801,10.0
1,2.9507,801,10.0
1,2.8302,801,10.0
1,3.2127,801,10.0
1,4.1722,801,10.0
1,2.6378,801,10.0
1,5.0299,801,10.0
1,3.1689,801,10.0
1,2.4342,801,10.0
1,2.2943,801,10.0
1,3.0295,801,10.0
1,4.1952,801,10.0
1,2.7924,801,10.0
1,2.588,801,10.0
1,2.7427,801,10.0
0,2.5977,801,10.0
0,3.5793,801,10.0
1,2.2963,801,10.0
0,3.4666,801,10.0
0,2.6979,801,10.0
1,1.6843,801,0.05
0,3.1601,801,0.05
1,2.9856,801,0.05
1,1.8123,801,0.05
0,1.6631,801,0.05
1,3.1618,801,0.05
1,4.3075,801,0.05
1,2.7472,801,0.05
0,2.4547,801,0.05
0,1.9928,801,0.05
1,1.7944,801,0.05
1,2.4632,801,0.05
1,2.1297,801,0.05
1,3.6313,801,0.05
0,4.3459,802,10.0
0,3.3023,802,10.0
1,2.8205,802,10.0
1,3.3104,802,10.0
1,3.9217,802,10.0
1,2.7211,802,10.0
1,3.5053,802,10.0
1,5.2835,802,10.0
1,3.2411,802,10.0
1,3.1346,802,10.0
1,2.7669,802,10.0
1,3.7095,802,10.0
1,3.7565,802,10.0
0,1.3385,802,10.0
1,5.2153,802,10.0
1,3.0772,802,10.0
0,4.398,802,0.05
1,4.5472,802,0.05
1,3.2992,802,0.05
1,2.8336,802,0.05
1,1.0858,802,0.05
1,2.5602,802,0.05
1,2.6013,802,0.05
0,1.5426,802,0.05
1,0.9232,802,0.05
1,1.9324,802,0.05
1,2.4181,802,0.05
1,1.8721,802,0.05
0,2.1844,802,0.05
0,2.7186,802,0.05
0,3.1216,802,0.05
0,1.5143,802,0.05
0,4.1334,802,0.05
1,1.9017,802,0.05
1,2.8536,802,0.05
1,2.4316,802,0.05
1,1.681,802,0.05
1,2.7452,802,0.05
1,5.6003,802,0.05
0,1.834,802,0.05
1,5.085,802,10.0
1,5.57,802,10.0
1,4.9796,802,10.0
1,2.7868,802,10.0
1,2.5672,802,10.0
1,3.5717,802,10.0
1,1.9047,802,10.0
1,6.051,802,10.0
0,2.2185,802,10.0
1,1.3024,802,10.0
1,4.8926,802,10.0
1,4.5953,802,10.0
1,2.2578,802,10.0
1,2.2723,802,10.0
1,1.2882,802,10.0
0,5.8966,802,10.0
0,2.7242,802,0.05
0,3.3693,802,0.05
1,1.043,802,0.05
1,3.0055,802,0.05
1,0.9947,802,0.05
0,2.8608,802,0.05
1,2.3559,802,0.05
0,1.5406,802,0.05
0,3.866,802,0.05
1,1.67,802,0.05
1,2.2264,802,0.05
1,1.1416,802,0.05
0,1.6471,802,0.05
0,4.8505,802,0.05
1,1.8543,802,0.05
1,1.2271,802,0.05
0,5.7669,802,10.0
1,1.3394,802,10.0
1,2.719,802,10.0
1,2.1256,802,10.0
1,2.1053,802,10.0
1,4.3581,802,10.0
1,6.0326,802,10.0
1,5.0674,802,10.0
1,2.0722,802,10.0
1,6.4373,802,10.0
0,1.9521,802,10.0
1,1.735,802,10.0
1,5.8358,802,10.0
1,6.5196,802,10.0
1,1.9264,802,10.0
1,1.9286,802,10.0
1,2.6413,803,10.0
1,2.2941,803,10.0
1,2.0559,803,10.0
1,4.0216,803,10.0
0,2.7183,803,10.0
1,2.8722,803,10.0
0,1.8076,803,10.0
0,1.5824,803,0.05
0,2.9297,803,0.05
1,1.5789,803,0.05
1,1.456,803,0.05
1,2.6019,803,0.05
1,2.0143,803,0.05
1,2.6087,803,0.05
0,2.0151,803,0.05
0,2.4759,803,10.0
1,1.6003,803,10.0
1,3.2705,803,10.0
1,3.85,803,10.0
0,1.8112,803,10.0
1,2.8243,803,10.0
1,2.0124,803,10.0
1,2.0247,803,0.05
1,2.6114,803,0.05
0,2.3721,803,0.05
1,2.5993,803,0.05
1,2.1518,803,0.05
1,2.9299,803,0.05
1,2.137,803,0.05
1,2.692,803,0.05
1,2.7309,803,0.05
0,3.2875,803,0.05
0,2.4768,803,0.05
1,2.9529,803,0.05
0,2.4803,803,0.05
1,2.2521,803,0.05
1,2.9762,803,0.05
0,2.378,803,0.05
0,2.0207,803,10.0
1,2.4642,803,10.0
0,2.7197,803,10.0
1,2.734,803,10.0
1,1.4523,803,10.0
1,2.5784,803,10.0
1,1.9095,803,10.0
1,2.3586,803,10.0
1,2.1209,803,10.0
0,2.1327,803,10.0
0,2.1373,803,10.0
1,2.2455,803,10.0
1,1.5504,803,10.0
0,2.7142,803,10.0
0,1.5659,803,10.0
1,1.6909,803,10.0
0,1.7528,803,0.05
1,1.5262,803,0.05
0,2.311,803,0.05
1,1.4183,803,0.05
1,1.4098,803,0.05
1,1.1898,803,0.05
1,1.8418,803,0.05
1,1.8802,803,0.05
0,1.5376,803,0.05
1,1.1909,803,0.05
1,1.1963,803,0.05
1,1.3076,803,0.05
1,1.655,803,0.05
0,2.7631,803,0.05
1,2.5382,803,0.05
1,1.5506,803,0.05
1,1.8612,803,10.0
1,2.5357,803,10.0
1,1.7693,803,10.0
1,1.4255,803,10.0
1,2.4422,803,10.0
1,3.3395,803,10.0
1,1.4309,803,10.0
0,2.5603,803,10.0
1,1.5501,803,10.0
0,1.7694,803,10.0
1,2.1144,803,10.0
0,1.8729,803,10.0
1,1.3186,803,10.0
1,2.0975,803,10.0
1,1.311,803,10.0
1,1.6499,803,10.0
1,1.688,804,10.0
1,1.4285,804,10.0
1,2.0617,804,10.0
1,1.8899,804,10.0
0,1.7417,804,10.0
0,1.3165,804,10.0
1,1.4493,804,10.0
1,1.38,804,10.0
1,2.3423,804,10.0
0,2.8865,804,10.0
1,1.3946,804,10.0
0,2.1191,804,10.0
1,1.0834,804,0.05
1,1.1627,804,0.05
1,0.9411,804,0.05
0,1.9169,804,0.05
1,1.0677,804,0.05
1,1.4514,804,0.05
0,2.8733,804,0.05
0,1.8435,804,0.05
1,1.4744,804,0.05
1,1.2006,804,0.05
1,1.8835,804,0.05
1,1.5407,804,10.0
1,1.7724,804,10.0
1,0.9659,804,10.0
0,1.9781,804,10.0
1,2.1249,804,10.0
0,1.834,804,10.0
0,1.2105,804,10.0
0,1.2065,804,10.0
1,1.0735,804,0.05
1,1.2243,804,0.05
1,1.5829,804,0.05
0,1.9073,804,0.05
1,0.8342,804,0.05
1,1.6145,804,0.05
0,0.8889,804,0.05
1,1.0185,804,0.05
1,1.2932,804,0.05
0,1.0443,804,0.05
0,0.9202,804,0.05
0,1.4956,804,0.05
1,1.5838,804,0.05
0,1.9271,804,0.05
1,1.77,804,10.0
1,1.7515,804,10.0
1,2.4824,804,10.0
1,1.3322,804,10.0
1,0.7167,804,10.0
1,1.3841,804,10.0
1,1.1098,804,0.05
0,1.4431,804,0.05
0,1.7437,804,0.05
1,1.5877,804,0.05
1,1.0656,804,0.05
1,1.843,804,0.05
1,1.4667,804,0.05
1,1.7463,804,0.05
1,2.6059,804,10.0
1,1.1792,804,10.0
1,1.1661,804,10.0
1,1.0484,804,10.0
1,1.4293,804,10.0
1,0.793,804,10.0
1,0.9276,804,10.0
0,1.037,804,10.0
1,0.9029,804,10.0
0,1.7848,804,10.0
1,0.8605,804,10.0
1,1.0364,804,10.0
1,1.2971,804,10.0
1,0.7594,804,0.05
1,0.8481,804,0.05
0,0.707,804,0.05
0,0.5717,804,0.05
0,0.6624,804,0.05
1,0.7964,804,0.05
1,1.2091,804,0.05
1,0.5709,804,0.05
1,3.56,805,10.0
0,5.82,805,10.0
1,3.603,805,10.0
1,2.242,805,10.0
1,1.94,805,10.0
0,6.96,805,10.0
1,5.764,805,10.0
1,5.464,805,10.0
1,3.545,805,0.05
0,5.245,805,0.05
1,4.734,805,0.05
1,2.728,805,0.05
1,1.958,805,0.05
1,1.958,805,0.05
0,2.065,805,0.05
1,3.551,805,0.05
1,2.133,805,0.05
1,1.874,805,0.05
0,1.223,805,0.05
1,2.521,805,0.05
1,2.434,805,0.05
1,1.873,805,0.05
1,1.48,805,0.05
0,5.97,805,0.05
1,2.95,805,10.0
1,2.586,805,10.0
1,1.556,805,10.0
1,1.786,805,10.0
0,3.221,805,10.0
1,4.568,805,10.0
1,1.847,805,10.0
1,2.46,805,10.0
0,6.343,805,0.05
1,9.319,805,0.05
1,6.457,805,0.05
0,7.996,805,0.05
1,4.1,805,0.05
1,7.765,805,0.05
1,3.569,805,0.05
0,5.041,805,0.05
1,4.456,805,10.0
1,2.426,805,10.0
1,4.82,805,10.0
1,7.025,805,10.0
1,6.36,805,10.0
1,6.509,805,10.0
1,10.69,805,0.05
1,6.224,805,0.05
1,6.066,805,0.05
1,3.4,805,0.05
1,3.335,805,0.05
1,2.262,805,0.05
1,3.025,805,0.05
1,5.137,805,10.0
1,10.153,805,10.0
1,2.059,805,10.0
0,1.529,805,0.05
1,2.079,805,0.05
0,5.404,805,0.05
1,5.216,805,0.05
1,6.727,805,10.0
1,1.873,805,10.0
1,7.423,805,10.0
1,3.2373,806,0.05
1,4.8891,806,0.05
1,6.1235,806,0.05
1,2.15,806,0.05
1,2.8068,806,0.05
1,1.991,806,0.05
0,5.317,806,0.05
1,3.5291,806,0.05
1,1.8068,806,10.0
0,7.1418,806,10.0
1,7.4217,806,10.0
1,1.6585,806,10.0
1,2.0602,806,10.0
1,6.1889,806,10.0
1,2.2231,806,10.0
0,2.3633,806,10.0
0,2.1555,806,0.05
1,2.3292,806,0.05
0,4.8093,806,0.05
0,2.8217,806,0.05
1,2.5458,806,0.05
0,3.8907,806,0.05
0,3.3407,806,0.05
1,5.4603,806,0.05
1,1.9586,806,10.0
1,1.7775,806,10.0
1,6.109,806,10.0
1,1.4673,806,10.0
1,2.632,806,10.0
1,3.9561,806,10.0
1,2.4237,806,10.0
1,4.8853,806,10.0
1,5.7461,806,0.05
1,5.6383,806,0.05
1,4.5226,806,0.05
1,1.8097,806,0.05
1,2.5423,806,0.05
0,7.3948,806,0.05
1,7.7421,806,0.05
1,3.0456,806,10.0
1,2.8973,806,10.0
1,4.1675,806,10.0
1,2.0577,806,10.0
1,4.1975,806,10.0
1,2.596,806,10.0
1,3.1801,806,10.0
1,2.9154,806,10.0
1,6.028,806,10.0
1,5.8318,806,10.0
1,7.3032,806,10.0
1,2.1627,806,10.0
1,2.6566,806,10.0
1,2.6537,806,10.0
1,2.619,806,10.0
1,2.451,806,0.05
1,4.3294,806,0.05
1,5.3136,806,0.05
1,2.4891,806,0.05
1,3.4449,806,0.05
1,5.2318,806,10.0
1,2.9192,806,10.0
1,4.5686,806,10.0
1,3.1147,806,10.0
1,3.3707,806,10.0
1,3.4954,806,10.0
1,2.1299,806,10.0
1,3.7272,806,10.0
1,4.0301,806,0.05
1,4.2393,806,0.05
0,5.5198,806,0.05
1,3.2802,806,0.05
0,3.5265,806,0.05
1,3.7987,806,0.05
1,4.3632,806,10.0
1,3.379,806,10.0
1,6.8882,806,10.0
0,8.5762,806,10.0
1,1.9873,806,10.0
1,4.8317,806,10.0
1,1.7492,806,10.0
0,4.945,806,10.0
1,2.5554,806,0.05
1,3.838,806,0.05
1,5.8127,806,0.05
1,2.4255,806,0.05
1,4.2978,806,0.05
0,3.9552,806,0.05
1,7.2861,806,0.05
1,1.513,807,10.0
1,3.799,807,10.0
1,3.09,807,10.0
1,3.045,807,10.0
0,5.019,807,10.0
0,3.85,807,10.0
1,2.105,807,10.0
1,2.281,807,0.05
1,3.073,807,0.05
1,2.45,807,0.05
0,3.818,807,0.05
1,3.654,807,0.05
1,2.719,807,0.05
1,3.356,807,0.05
1,5.117,807,10.0
1,2.403,807,10.0
1,2.58,807,10.0
1,2.655,807,10.0
1,3.201,807,10.0
1,2.935,807,10.0
1,2.255,807,10.0
1,5.491,807,10.0
1,2.272,807,10.0
1,3.039,807,10.0
1,2.286,807,10.0
1,2.759,807,10.0
1,2.51,807,0.05
1,2.189,807,0.05
1,2.871,807,0.05
1,2.586,807,0.05
1,3.422,807,0.05
1,2.15,807,0.05
1,3.092,807,0.05
1,2.11,807,0.05
1,2.208,807,0.05
1,2.62,807,0.05
1,3.863,807,0.05
1,2.891,807,0.05
1,1.315,807,0.05
1,2.181,807,0.05
1,5.235,807,0.05
1,2.436,807,10.0
1,2.128,807,10.0
1,2.758,807,10.0
1,2.842,807,10.0
1,3.456,807,10.0
1,3.383,807,10.0
1,2.684,807,10.0
1,4.942,807,10.0
1,3.33,807,0.05
1,2.284,807,0.05
1,1.868,807,0.05
1,1.685,807,0.05
1,1.958,807,0.05
1,1.245,807,0.05
1,2.069,807,0.05
1,2.164,807,0.05
1,1.715,807,0.05
1,2.815,807,0.05
0,2.771,807,0.05
1,1.155,807,0.05
0,1.261,807,0.05
0,2.76,807,0.05
1,3.442,807,0.05
1,1.5,807,10.0
1,1.426,807,10.0
1,1.481,807,10.0
1,3.582,807,10.0
1,2.214,807,10.0
1,2.076,807,10.0
1,1.38,807,10.0
1,1.864,807,10.0
1,1.316,807,10.0
1,1.74,807,10.0
1,1.551,807,10.0
1,1.577,807,10.0
1,1.359,807,10.0
1,1.418,807,10.0
1,1.879,807,10.0
1,2.07,807,10.0
1,3.0198,808,10.0
1,3.6922,808,10.0
1,2.9617,808,10.0
1,4.2984,808,10.0
1,4.4225,808,10.0
1,4.5385,808,10.0
1,4.2388,808,10.0
1,6.0439,808,10.0
1,5.4684,808,0.05
1,5.4843,808,0.05
0,4.2574,808,0.05
1,4.2566,808,0.05
0,6.0227,808,0.05
0,4.2366,808,0.05
1,3.1385,808,0.05
1,4.4078,808,0.05
1,2.5685,808,0.05
0,3.1392,808,0.05
0,3.5894,808,0.05
1,2.2493,808,0.05
1,4.3439,808,0.05
1,4.1803,808,0.05
1,4.2484,808,0.05
1,5.4943,808,0.05
1,4.9269,808,0.05
1,4.4026,808,0.05
1,2.7715,808,0.05
1,2.1086,808,0.05
0,5.6674,808,0.05
1,5.8266,808,10.0
1,4.2913,808,10.0
1,3.9021,808,10.0
1,5.6214,808,10.0
1,2.6721,808,10.0
0,5.1628,808,10.0
1,3.3962,808,10.0
1,2.2417,808,10.0
1,4.9487,808,0.05
1,3.5605,808,0.05
1,3.7992,808,0.05
0,3.826,808,0.05
1,4.3483,808,0.05
0,6.0888,808,0.05
1,3.5654,808,0.05
1,4.1108,808,0.05
1,2.7721,808,10.0
0,3.0495,808,10.0
1,3.8288,808,10.0
1,2.3298,808,10.0
1,4.8291,808,10.0
1,1.9982,808,10.0
1,2.73,808,10.0
1,1.9817,808,10.0
1,2.1831,808,10.0
1,2.2945,808,10.0
0,3.6647,808,10.0
1,2.374,808,10.0
1,4.0286,808,10.0
1,2.5938,808,10.0
1,4.0399,808,10.0
1,3.7928,808,10.0
1,1.5117,808,10.0
0,4.1784,808,10.0
1,1.6964,808,10.0
1,2.3598,808,10.0
1,3.0251,808,0.05
1,2.4755,808,0.05
1,2.8133,808,0.05
0,4.2803,808,0.05
1,1.6659,808,0.05
0,1.8406,808,0.05
1,4.4852,808,0.05
1,1.589,808,0.05
0,2.9508,808,0.05
1,1.7927,808,0.05
1,1.6795,808,0.05
1,1.7304,808,0.05
1,1.6983,808,0.05
1,1.8892,808,0.05
1,2.7067,808,0.05
1,2.6155,808,0.05
0,3.5472,809,10.0
0,2.4108,809,10.0
1,3.4911,809,10.0
1,2.815,809,10.0
1,2.8122,809,10.0
1,2.4582,809,10.0
0,1.6971,809,10.0
0,1.3772,809,0.05
1,1.3177,809,0.05
1,2.3854,809,0.05
1,1.9006,809,0.05
1,2.4683,809,0.05
1,1.7042,809,0.05
0,1.5455,809,0.05
0,2.4616,809,0.05
1,1.0967,809,0.05
1,1.195,809,0.05
1,1.9743,809,0.05
1,2.5147,809,0.05
1,1.7175,809,0.05
0,3.3776,809,0.05
0,1.6494,809,0.05
1,2.0957,809,0.05
1,1.3727,809,10.0
0,2.7647,809,10.0
1,1.9084,809,10.0
1,3.7832,809,10.0
1,1.259,809,10.0
0,2.5513,809,10.0
1,3.158,809,10.0
1,3.2287,809,10.0
0,4.2783,809,10.0
1,1.3292,809,10.0
1,2.2613,809,10.0
1,3.2469,809,10.0
0,4.2607,809,10.0
1,4.5669,809,10.0
1,1.6337,809,0.05
1,5.4018,809,0.05
0,4.9466,809,0.05
1,4.1698,809,0.05
0,2.8613,809,0.05
1,2.7012,809,0.05
1,2.3668,809,0.05
1,3.0748,809,0.05
0,2.3964,809,0.05
1,2.6589,809,0.05
0,2.4037,809,0.05
1,1.2513,809,0.05
1,1.7918,809,0.05
1,1.3737,809,0.05
1,1.8628,809,0.05
0,2.3983,809,0.05
1,1.6817,809,10.0
0,1.4172,809,10.0
1,1.7785,809,10.0
1,2.4566,809,10.0
1,4.7504,809,10.0
0,1.6476,809,0.05
1,1.9316,809,0.05
1,1.8186,809,0.05
1,1.7239,809,0.05
0,2.4722,809,0.05
1,1.7372,809,0.05
1,1.6236,809,0.05
0,2.4871,809,0.05
1,1.2762,809,10.0
0,2.2808,809,10.0
1,1.6077,809,10.0
1,3.1253,809,10.0
1,2.5862,809,10.0
1,1.4653,809,10.0
0,3.7,809,10.0
0,3.8115,809,10.0
0,1.8197,809,0.05
1,1.9004,809,0.05
1,1.981,809,0.05
0,2.344,809,0.05
1,2.3109,809,0.05
1,1.8326,809,0.05
0,2.9532,809,0.05
1,2.2675,809,0.05
1,1.7935,809,10.0
0,1.7688,810,0.05
1,1.4872,810,0.05
0,1.8233,810,0.05
1,2.4025,810,0.05
1,1.1785,810,0.05
1,2.7027,810,0.05
1,1.9445,810,0.05
1,1.7624,810,0.05
1,1.7917,810,10.0
0,1.741,810,10.0
1,1.71,810,10.0
1,1.2574,810,10.0
1,2.2985,810,10.0
1,2.2275,810,10.0
1,1.871,810,10.0
0,1.7452,810,10.0
1,1.3969,810,10.0
1,2.0009,810,10.0
1,1.99,810,10.0
0,2.5379,810,10.0
1,1.1683,810,10.0
1,1.7491,810,10.0
1,1.502,810,10.0
0,1.1611,810,10.0
0,2.303,810,0.05
1,1.6831,810,0.05
1,1.6918,810,0.05
1,0.8792,810,0.05
1,2.105,810,0.05
1,1.5225,810,0.05
0,1.6425,810,0.05
1,1.4446,810,0.05
1,1.8868,810,0.05
1,1.7596,810,0.05
1,1.6864,810,0.05
1,1.4767,810,0.05
0,1.8415,810,0.05
1,0.9681,810,0.05
1,1.2476,810,0.05
0,2.732,810,0.05
1,1.3162,810,10.0
0,2.1334,810,10.0
1,2.05,810,10.0
0,1.7688,810,10.0
1,1.3367,810,10.0
1,2.6144,810,10.0
0,3.3647,810,10.0
1,1.8694,810,10.0
0,1.8372,810,10.0
1,2.3253,810,10.0
1,1.2056,810,10.0
0,1.3831,810,10.0
1,1.1899,810,10.0
0,1.8786,810,10.0
0,0.9685,810,10.0
1,1.1488,810,10.0
1,2.2261,810,0.05
1,1.8783,810,0.05
0,1.4374,810,0.05
1,1.859,810,0.05
1,1.0395,810,0.05
1,1.397,810,10.0
1,1.0382,810,10.0
1,1.5717,810,10.0
1,0.9722,810,10.0
1,2.1093,810,10.0
1,1.1607,810,10.0
1,1.7289,810,10.0
1,1.182,810,10.0
1,0.9624,810,10.0
0,1.9895,810,10.0
0,0.8167,810,10.0
1,1.1735,810,10.0
1,2.1458,810,10.0
0,1.7891,810,10.0
0,1.1765,810,10.0
0,1.4738,810,10.0
1,2.1184,810,0.05
1,0.8469,810,0.05
0,1.2069,810,0.05
0,0.9264,810,0.05
1,2.3452,810,0.05
1,0.9882,810,0.05
1,1.2027,810,0.05
0,1.727,810,0.05
1,0.9456,810,0.05
1,0.882,810,0.05
1,1.2653,810,0.05
1,1.0956,810,0.05
1,1.4685,810,0.05
1,1.0777,810,0.05
1,0.9539,810,0.05
1,1.1772,810,0.05
1,0.8019,811,0.05
1,1.399,811,0.05
1,2.1494,811,0.05
1,1.6381,811,0.05
1,1.4419,811,0.05
1,1.3963,811,0.05
0,1.7209,811,0.05
0,0.8155,811,10.0
1,1.3275,811,10.0
1,2.1645,811,10.0
1,2.0009,811,10.0
0,1.2101,811,10.0
1,1.1408,811,10.0
1,1.2718,811,10.0
0,2.5086,811,0.05
1,1.111,811,0.05
1,1.4824,811,0.05
1,1.2058,811,0.05
1,1.6065,811,0.05
1,3.0047,811,0.05
1,0.8725,811,0.05
1,1.321,811,10.0
0,1.7829,811,0.05
1,2.0555,811,0.05
1,1.002,811,0.05
0,3.2308,811,0.05
0,1.8807,811,0.05
1,1.9454,811,0.05
1,1.307,811,0.05
1,1.6268,811,10.0
1,2.2434,811,10.0
1,1.1909,811,10.0
1,1.4146,811,10.0
1,1.3768,811,10.0
0,1.2187,811,10.0
1,1.6729,811,0.05
1,2.1483,811,0.05
1,0.7731,811,0.05
0,0.9358,811,0.05
1,2.0261,811,0.05
1,1.091,811,0.05
1,0.9858,811,0.05
1,1.5079,811,10.0
1,1.2194,811,10.0
0,2.4813,811,10.0
1,1.2137,811,10.0
1,2.1078,811,10.0
1,1.2126,811,10.0
0,1.7199,811,10.0
1,1.4201,811,10.0
1,0.8068,811,10.0
1,2.4248,811,10.0
1,1.3084,811,10.0
1,1.1971,811,10.0
1,1.7558,811,0.05
1,1.2673,811,0.05
1,1.3624,811,0.05
1,1.1419,811,0.05
1,1.3806,811,0.05
1,1.8925,811,0.05
0,2.4155,811,0.05
1,2.1894,811,0.05
1,1.4079,811,10.0
0,2.2066,811,10.0
1,1.8476,811,10.0
1,0.9524,811,10.0
1,1.223,811,10.0
0,1.1808,811,10.0
1,1.4929,811,10.0
1,1.2574,811,10.0
0,2.189,811,0.05
1,1.0248,811,0.05
1,1.2009,811,0.05
1,2.4759,811,0.05
0,1.9486,811,0.05
1,2.0957,811,0.05
1,0.9204,811,0.05
1,1.1384,811,0.05
0,3.2059,813,0.05
0,2.3043,813,0.05
0,1.8861,813,0.05
0,2.6048,813,0.05
1,2.0951,813,0.05
1,2.7479,813,0.05
1,2.4153,813,0.05
1,1.9786,813,0.05
0,2.7505,813,10.0
0,3.52,813,10.0
0,5.262,813,10.0
1,1.432,813,10.0
1,1.2811,813,10.0
1,2.1308,813,10.0
1,1.8485,813,10.0
0,4.031,813,10.0
1,1.9865,813,10.0
1,1.7978,813,10.0
0,2.787,813,10.0
1,1.3814,813,10.0
1,2.2322,813,10.0
1,1.7977,813,10.0
1,2.0663,813,10.0
1,1.6835,813,10.0
0,2.6299,813,0.05
0,2.0529,813,0.05
1,1.614,813,0.05
1,1.6478,813,0.05
0,1.5474,813,0.05
1,1.7809,813,0.05
0,1.2696,813,0.05
1,1.6149,813,0.05
1,1.9971,813,10.0
0,4.5966,813,10.0
1,6.4319,813,10.0
1,2.2641,813,10.0
1,2.0992,813,10.0
1,3.4042,813,10.0
1,5.1616,813,10.0
1,1.9217,813,10.0
1,1.7227,813,10.0
1,3.1799,813,10.0
0,2.8928,813,10.0
1,3.1229,813,10.0
0,2.8003,813,10.0
1,4.4804,813,10.0
1,1.935,813,10.0
1,2.6078,813,0.05
1,1.5644,813,0.05
0,4.7726,813,0.05
1,1.5598,813,0.05
0,4.5141,813,0.05
1,4.3141,813,0.05
1,2.3398,813,0.05
1,4.3612,813,0.05
0,4.9811,813,0.05
1,3.3835,813,0.05
1,2.3896,813,0.05
1,2.8109,813,0.05
1,2.9905,813,0.05
0,1.5996,813,0.05
0,3.1539,813,0.05
0,3.1197,813,0.05
1,1.1996,813,10.0
1,1.7924,813,10.0
0,4.9637,813,10.0
0,4.6433,813,10.0
1,4.5225,813,10.0
1,2.8593,813,10.0
0,3.9272,813,0.05
1,2.5493,813,0.05
1,6.3239,813,0.05
0,2.4033,813,0.05
1,2.3338,813,0.05
1,5.3578,813,0.05
1,2.559,813,0.05
0,4.2718,813,0.05
1,1.6477,813,10.0
0,3.4893,813,10.0
0,3.4213,813,10.0
1,3.7898,813,10.0
1,2.8868,813,10.0
0,6.165,813,10.0
0,2.8225,814,0.05
0,3.5011,814,0.05
1,1.8852,814,0.05
1,2.1823,814,0.05
1,1.5689,814,0.05
1,3.539,814,0.05
1,1.8917,814,0.05
1,1.9762,814,0.05
0,2.5343,814,0.05
1,2.5768,814,0.05
1,4.3473,814,0.05
1,1.8514,814,0.05
0,4.6936,814,0.05
1,3.2135,814,10.0
1,1.6688,814,10.0
1,2.7229,814,10.0
0,5.0046,814,10.0
1,3.1101,814,10.0
1,3.9046,814,10.0
1,1.9517,814,10.0
1,2.1611,814,0.05
1,5.5239,814,0.05
1,1.7944,814,0.05
1,5.5683,814,0.05
1,1.3203,814,0.05
1,2.4681,814,0.05
0,3.4266,814,0.05
1,2.4164,814,0.05
1,2.2097,814,10.0
0,4.8938,814,10.0
1,2.7698,814,10.0
1,1.3066,814,10.0
1,2.8855,814,10.0
1,1.1635,814,10.0
1,2.8618,814,10.0
1,1.2781,814,0.05
0,4.4014,814,0.05
1,1.2165,814,0.05
1,2.4694,814,0.05
1,1.3092,814,0.05
1,3.0189,814,0.05
1,1.514,814,10.0
1,5.1254,814,10.0
0,2.9291,814,10.0
1,3.7058,814,10.0
1,1.8492,814,10.0
1,2.2189,814,0.05
1,2.0455,814,0.05
1,1.5333,814,0.05
1,2.2356,814,0.05
1,1.1074,814,0.05
1,2.6804,814,0.05
1,1.986,814,0.05
0,1.9317,814,10.0
1,1.7498,814,10.0
1,1.867,814,10.0
1,1.7435,814,10.0
0,1.8789,814,10.0
0,2.4784,814,10.0
1,3.5282,814,10.0
0,4.1689,814,10.0
1,1.7703,814,10.0
0,2.8141,814,10.0
0,2.4573,814,10.0
1,2.5425,814,10.0
1,1.8436,814,10.0
1,1.7531,814,10.0
1,2.119,814,10.0
1,4.4338,814,10.0
0,3.4276,814,0.05
0,3.1263,814,0.05
0,1.8447,814,0.05
0,4.0393,814,0.05
1,1.7708,814,0.05
1,1.3392,814,0.05
1,1.7335,814,0.05
1,2.1352,814,0.05
1,1.956,817,10.0
1,1.642,817,10.0
1,3.876,817,10.0
0,3.71,817,10.0
0,3.609,817,10.0
1,2.559,817,10.0
1,3.222,817,10.0
1,2.89,817,0.05
1,1.173,817,0.05
0,1.577,817,0.05
1,1.093,817,0.05
1,1.227,817,0.05
1,3.379,817,0.05
0,1.472,817,0.05
1,2.761,817,0.05
0,1.674,817,0.05
1,1.543,817,0.05
0,1.376,817,0.05
1,1.843,817,0.05
1,3.041,817,0.05
1,1.374,817,0.05
1,2.109,817,0.05
0,1.687,817,0.05
0,3.311,817,10.0
0,2.592,817,10.0
1,2.939,817,10.0
1,3.292,817,10.0
0,3.093,817,10.0
1,2.391,817,10.0
0,3.094,817,10.0
1,1.908,817,10.0
1,1.525,817,10.0
1,2.793,817,10.0
1,4.642,817,10.0
1,2.873,817,10.0
1,1.361,817,10.0
1,2.509,817,10.0
1,2.645,817,10.0
0,2.814,817,10.0
0,2.525,817,0.05
1,2.041,817,0.05
1,2.691,817,0.05
1,1.61,817,0.05
1,1.524,817,0.05
0,2.207,817,0.05
1,2.393,817,0.05
1,1.257,817,0.05
1,2.427,817,0.05
1,3.46,817,0.05
1,1.343,817,0.05
1,2.893,817,0.05
0,3.742,817,0.05
1,2.241,817,0.05
0,1.51,817,0.05
1,1.076,817,10.0
0,2.93,817,10.0
1,3.607,817,10.0
1,0.938,817,10.0
1,1.309,817,10.0
1,2.225,817,10.0
1,2.615,817,10.0
1,4.325,817,10.0
0,3.775,817,10.0
0,4.276,817,10.0
1,1.81,817,10.0
0,3.291,817,10.0
1,3.329,817,10.0
0,3.826,817,10.0
1,4.828,817,10.0
1,1.992,817,10.0
0,2.027,817,0.05
1,1.431,817,0.05
1,1.509,817,0.05
0,1.26,817,0.05
1,1.199,817,0.05
0,4.096,817,0.05
1,1.674,818,0.05
1,1.674,818,0.05
0,1.397,818,0.05
0,1.59,818,0.05
1,1.173,818,10.0
1,2.323,818,10.0
1,1.741,818,10.0
1,2.821,818,10.0
0,2.414,818,10.0
0,1.371,818,10.0
1,1.981,818,10.0
1,2.716,818,10.0
1,1.625,818,10.0
1,2.055,818,10.0
0,1.588,818,10.0
1,2.363,818,10.0
0,2.969,818,10.0
1,1.266,818,10.0
1,1.081,818,0.05
1,2.074,818,0.05
0,1.942,818,0.05
1,1.719,818,0.05
0,0.763,818,0.05
1,1.276,818,0.05
1,1.959,818,10.0
0,2.806,818,10.0
0,2.161,818,10.0
1,3.609,818,10.0
1,1.234,818,10.0
1,1.306,818,10.0
0,1.627,818,10.0
1,1.645,818,10.0
1,1.973,818,10.0
0,1.638,818,10.0
1,2.22,818,10.0
0,2.402,818,10.0
1,1.551,818,10.0
1,1.629,818,10.0
1,3.185,818,0.05
0,2.526,818,0.05
1,1.81,818,0.05
0,1.417,818,0.05
1,1.349,818,0.05
1,2.434,818,0.05
0,1.444,818,0.05
1,1.512,818,0.05
1,1.105,818,0.05
1,1.652,818,0.05
0,2.002,818,0.05
0,4.056,818,0.05
1,1.435,818,0.05
0,1.647,818,0.05
1,1.462,818,0.05
0,2.033,818,0.05
1,1.998,818,0.05
0,1.907,818,0.05
1,2.542,818,0.05
0,1.63,818,0.05
1,1.193,818,10.0
0,0.949,818,10.0
0,1.801,818,10.0
1,1.907,818,10.0
0,1.955,818,10.0
1,2.573,818,10.0
1,1.75,818,10.0
0,1.632,818,10.0
0,2.935,818,0.05
0,0.998,818,0.05
1,1.15,818,0.05
0,1.348,818,0.05
1,1.145,818,0.05
1,1.733,818,0.05
1,1.0798,819,10.0
1,1.0082,819,10.0
1,1.6458,819,10.0
1,2.8776,819,10.0
1,1.0553,819,10.0
0,2.8139,819,10.0
1,0.849,819,0.05
1,0.8787,819,0.05
1,1.1334,819,0.05
1,1.3479,819,0.05
0,1.252,819,0.05
1,1.6693,819,0.05
1,1.2636,819,0.05
0,1.3811,819,0.05
1,2.8694,819,0.05
1,1.444,819,0.05
1,0.9748,819,0.05
1,0.9217,819,0.05
1,1.2037,819,0.05
1,1.5783,819,0.05
1,0.9984,819,0.05
1,0.9636,819,0.05
1,0.8142,819,10.0
0,2.626,819,10.0
1,2.2762,819,10.0
1,1.2732,819,10.0
1,1.8602,819,10.0
1,0.9637,819,10.0
1,1.848,819,10.0
1,0.9478,819,10.0
1,2.3959,819,0.05
1,1.6375,819,0.05
1,1.6819,819,0.05
1,1.5903,819,0.05
1,1.8951,819,0.05
1,1.2075,819,0.05
0,1.1891,819,0.05
1,1.8021,819,0.05
1,1.5834,819,10.0
1,1.8686,819,10.0
1,0.8951,819,10.0
1,2.14,819,10.0
1,1.888,819,10.0
0,2.0972,819,10.0
1,1.2541,819,10.0
1,1.7775,819,10.0
1,1.7257,819,10.0
1,1.591,819,10.0
1,0.8386,819,10.0
0,0.8575,819,10.0
0,1.7781,819,10.0
1,2.5667,819,10.0
0,2.8243,819,10.0
1,1.0029,819,0.05
1,1.2882,819,0.05
0,1.1425,819,0.05
1,1.8575,819,0.05
1,0.9559,819,0.05
1,1.2872,819,0.05
1,0.8001,819,0.05
1,0.8887,819,0.05
0,2.3388,819,0.05
1,2.1212,819,0.05
0,0.9355,819,0.05
0,1.5771,819,0.05
1,0.8536,819,0.05
1,0.9734,819,0.05
1,1.0587,819,0.05
1,0.8034,819,0.05
1,1.3744,819,10.0
1,1.5939,819,10.0
0,0.7216,819,10.0
1,0.8612,819,10.0
1,0.6743,819,10.0
1,1.0929,819,10.0
1,1.517,819,10.0
0,1.2603,819,10.0
1,0.9747,819,0.05
1,0.9739,819,0.05
1,0.692,819,0.05
1,1.1644,820,10.0
0,1.9306,820,10.0
1,2.2802,820,10.0
1,1.233,820,10.0
1,1.7153,820,10.0
0,2.6108,820,10.0
1,1.6633,820,10.0
1,2.5151,820,10.0
1,2.0752,820,0.05
1,1.6343,820,0.05
1,1.4008,820,0.05
1,1.7081,820,0.05
1,2.1687,820,0.05
0,2.3954,820,0.05
0,3.4961,820,0.05
1,1.7349,820,0.05
1,1.7917,820,10.0
0,1.5262,820,10.0
1,1.506,820,10.0
1,2.4199,820,10.0
1,1.5938,820,10.0
1,1.9715,820,10.0
1,1.3525,820,10.0
1,2.043,820,10.0
0,1.8863,820,0.05
1,1.46,820,0.05
1,1.5898,820,0.05
1,1.7863,820,0.05
1,1.1352,820,0.05
1,3.3987,820,0.05
1,2.2824,820,0.05
1,2.3074,820,0.05
1,1.8509,820,10.0
1,1.2132,820,10.0
0,1.979,820,10.0
1,1.6107,820,10.0
1,1.8453,820,10.0
1,1.9942,820,10.0
1,1.689,820,10.0
0,3.0658,820,10.0
1,1.7818,820,0.05
1,2.4397,820,0.05
1,1.2543,820,0.05
1,3.7239,820,0.05
1,1.811,820,0.05
1,1.9964,820,0.05
1,3.1827,820,0.05
1,2.0471,820,10.0
1,2.4175,820,10.0
1,1.2201,820,10.0
1,2.6178,820,10.0
1,2.2598,820,10.0
0,2.6996,820,10.0
1,1.3386,820,10.0
1,1.8869,820,0.05
1,1.6968,820,0.05
1,3.1416,820,0.05
1,1.4122,820,0.05
1,2.561,820,0.05
0,2.5374,820,0.05
1,1.5843,820,0.05
1,3.0488,820,0.05
0,3.4728,820,0.05
0,1.94,820,0.05
1,2.4651,820,0.05
1,1.6293,820,0.05
1,1.9779,820,0.05
1,2.1768,820,0.05
1,1.8279,820,0.05
1,2.4901,820,0.05
1,2.3205,820,0.05
0,2.3507,820,0.05
1,1.6856,820,10.0
1,2.0233,820,10.0
0,2.1796,820,10.0
1,3.1768,820,10.0
1,2.6154,821,10.0
1,2.1834,821,10.0
1,3.3665,821,10.0
1,2.0419,821,10.0
0,8.2643,821,10.0
1,8.473,821,10.0
0,1.4947,821,10.0
1,0.9467,821,10.0
0,2.7625,821,10.0
1,2.0039,821,10.0
0,6.4148,821,10.0
1,8.8231,821,10.0
0,4.5271,821,10.0
1,1.1057,821,10.0
0,8.0807,821,10.0
0,2.9096,821,0.05
0,1.6365,821,0.05
1,2.6623,821,0.05
1,1.6375,821,0.05
1,1.5349,821,0.05
0,2.1516,821,0.05
0,6.2074,821,0.05
0,3.6097,821,0.05
1,3.0798,821,0.05
1,1.4422,821,0.05
1,2.0331,821,0.05
1,1.2197,821,0.05
0,7.4841,821,0.05
0,5.8628,821,0.05
0,1.2651,821,0.05
0,8.7949,821,0.05
1,1.9145,821,0.05
1,1.827,821,0.05
1,2.0757,821,0.05
1,3.2039,821,0.05
1,2.041,821,0.05
1,2.2131,821,0.05
0,8.032,821,0.05
0,3.0615,821,0.05
0,1.3991,821,0.05
0,5.0996,821,10.0
1,2.9094,821,10.0
1,3.1453,821,10.0
1,9.092,821,10.0
0,3.0721,821,10.0
1,1.7869,821,10.0
1,3.2089,821,10.0
0,9.5592,821,10.0
0,2.3552,821,0.05
1,2.2411,821,0.05
1,1.4794,821,0.05
0,3.1353,821,0.05
0,2.04,821,0.05
1,1.5482,821,10.0
1,2.7212,821,10.0
0,2.3984,821,10.0
0,1.7336,822,10.0
1,1.5248,822,10.0
0,0.9778,822,10.0
1,1.4532,822,10.0
1,1.2203,822,10.0
1,1.5278,822,10.0
1,1.386,822,10.0
1,1.3401,822,10.0
1,1.3069,822,0.05
1,1.1798,822,0.05
1,1.3286,822,0.05
0,1.6859,822,0.05
1,1.5101,822,0.05
1,1.7018,822,0.05
1,1.3818,822,0.05
1,1.3823,822,0.05
1,1.305,822,0.05
1,1.3999,822,0.05
1,1.4092,822,0.05
1,1.6443,822,0.05
1,1.5263,822,0.05
1,1.9056,822,0.05
1,1.5391,822,0.05
0,1.6841,822,0.05
0,1.5467,822,10.0
1,1.3203,822,10.0
1,1.2748,822,10.0
1,1.4206,822,10.0
0,1.5131,822,10.0
1,1.6602,822,10.0
0,1.317,822,10.0
1,1.1901,822,10.0
1,1.4021,822,0.05
1,1.5183,822,0.05
1,1.1404,822,0.05
1,1.2796,822,0.05
1,1.6114,822,0.05
1,1.2474,822,0.05
1,1.0603,822,0.05
1,1.1889,822,0.05
0,1.0169,822,0.05
0,1.7417,822,0.05
1,1.9972,822,0.05
0,1.4329,822,0.05
1,1.1651,822,0.05
1,1.3567,822,0.05
1,1.2982,822,10.0
1,1.0522,822,10.0
1,1.7571,822,10.0
1,1.2214,822,10.0
0,1.9066,822,10.0
1,1.649,822,10.0
0,1.337,822,10.0
1,1.413,822,10.0
1,1.551,822,10.0
1,1.3211,822,10.0
1,1.9444,822,10.0
0,1.4769,822,10.0
1,1.5782,822,10.0
1,1.547,822,10.0
1,1.8775,822,10.0
1,1.1744,822,0.05
1,1.4241,822,0.05
1,1.6509,822,0.05
0,1.1708,822,0.05
1,1.3341,822,0.05
1,1.3295,822,0.05
1,1.2371,822,0.05
1,1.6062,822,0.05
0,2.1031,822,0.05
0,1.1918,822,0.05
0,1.1953,822,0.05
0,1.3014,822,0.05
1,0.8674,822,0.05
0,1.266,822,0.05
1,1.2589,822,0.05
1,0.9647,822,0.05
1,1.2356,822,10.0
1,1.0319,822,10.0
1,1.3914,822,10.0
1,0.9503,822,10.0
1,1.2503,822,10.0
1,1.0193,822,10.0
1,1.8188,822,10.0
1,1.7226,822,10.0
1,0.9273,822,10.0
0,1.1141,822,10.0
1,0.8853,822,10.0
1,1.5855,822,10.0
1,1.8718,822,10.0
1,1.3724,822,10.0
1,1.038,822,10.0
0,1.351,822,10.0
1,2.775,823,10.0
0,2.3298,823,10.0
0,1.5148,823,10.0
0,3.3841,823,10.0
1,1.2747,823,10.0
1,1.5647,823,10.0
1,3.4869,823,10.0
1,1.5638,823,10.0
1,1.7591,823,0.05
0,2.4293,823,0.05
1,2.5652,823,0.05
1,1.8085,823,0.05
1,1.9711,823,0.05
1,1.5436,823,0.05
1,2.4942,823,0.05
0,4.361,823,0.05
0,3.1538,823,0.05
1,3.1127,823,0.05
1,2.0947,823,0.05
1,2.0799,823,0.05
1,2.8935,823,0.05
1,2.402,823,0.05
1,2.3007,823,0.05
1,1.5612,823,0.05
1,1.849,823,10.0
1,1.4632,823,10.0
1,2.1423,823,10.0
1,1.85,823,10.0
1,2.1999,823,10.0
1,2.8664,823,10.0
1,1.3335,823,10.0
1,3.6829,823,10.0
1,2.4998,823,10.0
0,3.1494,823,10.0
1,1.1494,823,10.0
0,2.3662,823,10.0
1,3.0497,823,10.0
0,4.2498,823,10.0
1,2.0839,823,10.0
0,2.8498,823,0.05
0,2.2003,823,0.05
0,1.4836,823,0.05
1,1.5827,823,0.05
1,2.283,823,0.05
1,2.2332,823,0.05
1,3.4,823,0.05
1,2.8166,823,0.05
1,3.5334,823,0.05
1,1.7169,823,0.05
1,2.1331,823,0.05
1,1.3504,823,0.05
1,4.2497,823,0.05
1,2.0328,823,0.05
1,2.4499,823,0.05
1,1.5497,823,0.05
1,2.5333,823,0.05
1,3.0666,823,0.05
1,2.6836,823,0.05
1,2.0,823,0.05
1,1.8166,823,0.05
0,1.7163,823,0.05
1,2.1996,823,0.05
1,1.7165,823,0.05
1,1.5336,823,0.05
0,2.2727,823,0.05
1,2.4169,823,10.0
1,2.252,824,0.05
1,3.303,824,0.05
0,1.818,824,0.05
1,3.046,824,0.05
1,1.59,824,0.05
1,3.407,824,0.05
1,6.006,824,0.05
1,1.369,824,0.05
1,4.3,824,0.05
1,3.528,824,0.05
1,1.71,824,0.05
1,7.141,824,0.05
0,3.122,824,0.05
1,5.167,824,10.0
0,4.09,824,10.0
1,2.185,824,10.0
1,7.438,824,10.0
1,2.326,824,10.0
1,3.768,824,10.0
0,2.486,824,10.0
1,2.366,824,10.0
1,7.285,824,10.0
0,2.252,824,10.0
1,4.831,824,10.0
1,4.292,824,10.0
1,2.25,824,10.0
0,4.113,824,10.0
1,4.413,824,10.0
1,3.471,824,10.0
0,2.74,824,10.0
0,3.201,824,10.0
1,4.784,824,10.0
1,1.743,824,10.0
1,3.339,824,10.0
1,6.228,824,0.05
1,2.769,824,0.05
0,3.955,824,0.05
1,3.67,824,0.05
1,1.877,824,0.05
1,3.974,824,0.05
1,1.803,824,0.05
1,1.754,824,0.05
0,6.374,824,10.0
1,3.058,824,10.0
0,6.741,824,10.0
1,3.089,824,10.0
1,4.372,824,10.0
0,2.272,824,10.0
1,2.756,824,10.0
1,3.446,824,0.05
1,1.65,824,0.05
0,5.706,824,0.05
1,2.835,824,0.05
1,3.693,824,0.05
1,2.379,824,0.05
1,2.039,824,0.05
0,2.246,824,10.0
1,2.622,824,10.0
1,1.556,824,10.0
1,2.269,824,10.0
1,2.026,824,10.0
0,3.438,824,10.0
1,3.069,824,10.0
1,2.661,824,10.0
0,1.367,824,10.0
0,1.769,824,10.0
1,2.033,824,10.0
1,2.689,824,10.0
1,1.323,824,10.0
1,2.975,824,10.0
0,1.735,824,10.0
1,3.092,824,10.0
0,3.601,824,0.05
1,1.835,824,0.05
1,1.406,824,0.05
0,3.486,824,0.05
1,1.452,824,0.05
0,1.372,824,0.05
1,1.94,824,0.05
1,1.853,824,0.05
1,1.994,824,0.05
1,0.966,824,0.05
1,1.368,824,0.05
1,2.019,824,0.05
1,1.183,824,0.05
1,3.553,824,0.05
1,0.906,824,0.05
1,1.332,824,0.05
1,2.3622,825,0.05
1,1.7295,825,0.05
1,2.2531,825,0.05
1,3.9431,825,0.05
1,1.4154,825,0.05
1,1.8241,825,0.05
1,6.1353,825,0.05
1,4.9773,825,0.05
1,3.8636,825,0.05
1,2.8708,825,0.05
1,5.3302,825,0.05
1,3.0877,825,10.0
1,3.2353,825,10.0
1,7.533,825,10.0
1,2.1225,825,10.0
1,1.7748,825,10.0
1,1.5539,825,10.0
1,1.5025,825,10.0
1,6.8464,825,10.0
0,4.484,825,10.0
1,2.5978,825,10.0
1,4.6374,825,10.0
1,7.3638,825,10.0
1,4.2783,825,10.0
1,6.1377,825,10.0
1,1.6966,825,10.0
1,3.0576,825,10.0
1,3.7709,825,10.0
0,7.1314,825,10.0
1,2.0893,825,10.0
0,2.2202,825,10.0
1,1.4706,825,10.0
0,4.1564,825,10.0
1,4.4835,825,10.0
1,7.6192,825,10.0
1,7.7217,825,10.0
1,1.5776,825,10.0
1,7.2545,825,10.0
0,4.5159,825,0.05
1,1.3219,825,0.05
1,1.3673,825,0.05
1,1.5108,825,0.05
1,1.968,825,0.05
0,1.8117,825,0.05
1,2.0654,825,0.05
1,2.0809,825,0.05
1,2.8811,825,0.05
0,3.4706,825,0.05
1,2.9211,825,0.05
1,4.2318,825,0.05
1,1.9505,825,0.05
1,4.2516,825,0.05
1,2.4841,825,0.05
1,3.1546,825,0.05
1,4.0853,825,10.0
1,3.0508,825,10.0
0,7.5357,825,10.0
1,1.7727,825,10.0
1,2.1391,825,10.0
1,2.336,825,10.0
1,1.8085,825,10.0
1,1.4063,825,0.05
1,2.2093,825,0.05
1,5.9488,825,0.05
1,2.0852,825,0.05
1,1.97,825,0.05
1,2.1813,825,0.05
1,3.4184,825,0.05
1,3.1618,825,0.05
0,1.8728,825,0.05
1,2.5541,825,0.05
1,1.9524,825,0.05
0,3.4717,825,0.05
1,2.2511,825,0.05
1,1.5704,825,0.05
1,1.8447,825,0.05
1,1.8255,826,10.0
1,2.3204,826,10.0
0,2.243,826,10.0
1,1.1288,826,10.0
0,1.8016,826,10.0
1,2.1828,826,10.0
1,1.4117,826,10.0
1,1.285,826,10.0
0,3.8695,826,10.0
0,1.1747,826,10.0
1,1.1958,826,10.0
1,1.8906,826,10.0
0,3.627,826,10.0
1,2.4328,826,10.0
0,1.7996,826,10.0
1,4.7379,826,10.0
0,4.1386,826,0.05
1,3.6413,826,0.05
1,0.9085,826,0.05
1,0.9822,826,0.05
1,5.2284,826,0.05
1,3.9273,826,0.05
1,1.9624,826,0.05
1,4.8336,826,0.05
1,2.335,826,0.05
1,1.5431,826,0.05
0,1.0875,826,0.05
1,1.242,826,0.05
0,2.242,826,0.05
1,1.1393,826,0.05
1,4.5372,826,0.05
1,1.6599,826,0.05
1,3.6764,826,10.0
1,2.2535,826,10.0
1,3.172,826,10.0
1,2.698,826,10.0
1,0.8683,826,10.0
0,2.1282,826,10.0
1,1.951,826,10.0
0,1.3928,826,10.0
1,2.5403,826,0.05
0,1.8123,826,0.05
1,1.6947,826,0.05
1,3.8819,826,0.05
0,1.7316,826,0.05
0,1.7298,826,0.05
1,2.0711,826,0.05
1,1.1922,826,0.05
0,4.0233,826,0.05
0,1.8803,826,0.05
1,5.8637,826,0.05
1,3.5379,826,0.05
1,3.3192,826,0.05
1,1.7704,826,0.05
0,1.6302,826,0.05
1,1.0048,826,0.05
0,3.5007,826,10.0
0,3.9211,826,10.0
1,2.037,826,10.0
1,2.922,826,10.0
1,2.5176,826,10.0
1,2.1251,826,10.0
0,2.6002,826,10.0
1,2.4966,826,10.0
1,1.4947,826,10.0
1,3.6701,826,10.0
1,1.5869,826,10.0
1,1.6112,826,10.0
0,5.4402,826,10.0
1,1.6437,826,0.05
0,2.0454,826,0.05
0,1.7915,828,0.05
1,0.9921,828,0.05
0,4.4735,828,0.05
0,3.8106,828,0.05
1,3.5331,828,0.05
1,2.9153,828,0.05
1,2.2667,828,0.05
1,3.1377,828,0.05
1,1.4846,828,0.05
1,2.0324,828,0.05
0,2.6495,828,0.05
1,6.1287,828,0.05
0,6.3151,828,0.05
0,3.7828,828,0.05
0,1.6146,828,0.05
1,2.3929,828,10.0
1,5.7427,828,10.0
1,1.8147,828,10.0
1,5.2609,828,10.0
1,2.1834,828,10.0
1,3.0505,828,10.0
1,1.3168,828,10.0
1,1.4331,828,10.0
1,0.9655,828,10.0
1,2.3508,828,10.0
1,1.788,828,10.0
1,1.3371,828,10.0
1,1.0313,828,10.0
1,1.509,828,10.0
0,3.8709,828,0.05
0,4.2455,828,0.05
1,1.2128,828,0.05
1,2.4638,828,0.05
1,4.8263,828,0.05
1,2.6977,828,0.05
1,3.6963,828,0.05
0,3.1598,828,0.05
1,3.2127,828,0.05
1,1.7112,828,0.05
1,3.3782,828,0.05
1,5.1429,828,0.05
1,5.171,828,0.05
0,5.7811,828,0.05
1,4.3264,828,0.05
1,2.2862,828,0.05
1,1.9986,828,10.0
1,2.2004,828,10.0
0,5.1222,828,10.0
0,4.6967,828,10.0
1,3.9317,828,10.0
1,3.5832,828,10.0
1,1.9794,828,10.0
1,2.8777,828,10.0
1,3.532,828,10.0
0,2.2822,828,10.0
1,1.6592,828,10.0
1,1.0266,828,10.0
1,3.677,828,10.0
1,2.4595,828,10.0
1,1.0929,828,10.0
1,3.1656,828,10.0
0,6.3164,828,10.0
0,3.2666,828,10.0
0,3.5832,828,10.0
0,2.0983,828,10.0
1,2.8021,828,10.0
0,2.7494,828,10.0
0,2.5408,828,10.0
1,2.8159,828,0.05
1,2.9291,828,0.05
1,5.2821,828,0.05
1,2.7773,828,0.05
1,2.4796,828,0.05
1,2.8,828,0.05
1,3.2603,828,0.05
1,2.633,828,0.05
1,2.2838,828,10.0
1,2.4605,828,10.0
0,1.4311,828,10.0
0,3.4966,828,10.0
1,5.3696,828,10.0
1,5.8651,828,10.0
1,2.2819,828,10.0
1,2.4478,828,10.0
0,2.4765,828,0.05
0,3.1282,828,0.05
1,1.4503,828,0.05
1,1.0812,828,0.05
1,1.7588,828,0.05
1,4.8473,828,0.05
1,1.9155,828,0.05
0,3.4286,828,0.05
1,2.9186,829,10.0
0,3.128,829,10.0
0,3.1818,829,10.0
1,3.3664,829,10.0
1,3.5951,829,10.0
1,2.3941,829,10.0
1,2.4775,829,10.0
1,3.7331,829,10.0
1,2.108,829,0.05
0,2.2412,829,0.05
0,1.279,829,0.05
1,2.0481,829,0.05
1,1.6476,829,0.05
1,2.0418,829,0.05
0,1.0134,829,0.05
0,1.372,829,0.05
1,4.3579,829,10.0
1,3.3469,829,10.0
1,1.1777,829,10.0
1,2.4056,829,10.0
0,2.7681,829,10.0
1,2.5334,829,10.0
1,3.9757,829,10.0
1,3.0047,829,10.0
0,1.5334,829,0.05
1,2.7527,829,0.05
1,1.3625,829,0.05
1,1.4169,829,0.05
0,1.9194,829,0.05
1,1.7785,829,0.05
1,1.2015,829,0.05
0,1.1292,829,0.05
1,3.1835,829,0.05
1,1.9869,829,0.05
1,2.0712,829,0.05
1,4.9952,829,0.05
1,6.6314,829,0.05
1,2.0458,829,0.05
1,4.2038,829,0.05
0,2.1695,829,0.05
1,1.9631,829,0.05
0,7.9661,829,0.05
1,5.2137,829,0.05
1,4.3855,829,0.05
1,4.2352,829,0.05
1,6.3942,829,0.05
1,4.7505,829,0.05
1,4.483,829,0.05
1,2.5672,829,10.0
1,4.95,829,10.0
0,5.2005,829,10.0
1,4.5665,829,10.0
0,4.8838,829,10.0
1,5.5335,829,10.0
0,5.5503,829,10.0
1,4.1004,829,10.0
1,3.5341,829,10.0
1,4.5502,829,10.0
1,4.2503,829,10.0
1,6.1832,829,10.0
1,7.6334,829,10.0
0,7.8335,829,10.0
0,7.3505,829,10.0
1,3.8169,829,10.0
1,5.0338,829,10.0
0,4.3338,829,10.0
1,6.7339,829,10.0
1,6.1334,829,10.0
1,6.0833,829,10.0
1,7.2332,829,10.0
0,4.8506,829,10.0
1,6.1669,829,10.0
1,6.2667,829,0.05
1,8.7335,829,0.05
1,5.867,829,0.05
1,6.4336,829,0.05
1,8.0504,829,0.05
1,4.9002,829,0.05
1,4.0337,829,0.05
1,5.3008,829,0.05
1,4.8578,829,10.0
1,4.4325,829,10.0
1,6.2722,829,10.0
1,3.1051,829,10.0
1,4.8396,829,10.0
1,6.2186,829,10.0
1,7.1575,829,10.0
1,6.7122,829,10.0
1,8.1958,829,0.05
1,5.8119,829,0.05
1,6.3994,829,0.05
0,9.178,829,0.05
0,5.7662,829,0.05
1,2.269,830,0.05
1,2.507,830,0.05
1,1.714,830,0.05
1,1.567,830,0.05
1,3.087,830,0.05
1,1.749,830,0.05
1,1.247,830,0.05
1,4.999,830,0.05
1,2.781,830,0.05
1,1.212,830,0.05
1,1.014,830,0.05
1,3.594,830,0.05
1,1.715,830,0.05
1,4.885,830,0.05
1,2.095,830,0.05
1,1.416,830,0.05
1,3.365,830,10.0
1,2.927,830,10.0
1,1.937,830,10.0
1,2.285,830,10.0
1,3.125,830,10.0
1,1.665,830,10.0
1,3.842,830,10.0
1,1.358,830,10.0
1,1.669,830,10.0
1,1.25,830,10.0
1,2.234,830,10.0
0,2.404,830,10.0
1,1.451,830,10.0
1,1.398,830,10.0
1,2.469,830,10.0
1,4.909,830,0.05
1,2.559,830,0.05
1,1.551,830,0.05
1,4.211,830,0.05
1,5.051,830,0.05
1,1.666,830,0.05
1,1.975,830,0.05
1,3.041,830,10.0
0,4.266,830,10.0
1,2.371,830,10.0
1,1.146,830,10.0
1,1.649,830,10.0
1,3.177,830,10.0
1,2.52,830,10.0
0,2.366,830,0.05
1,1.757,830,0.05
1,1.693,830,0.05
1,0.886,830,0.05
1,1.827,830,0.05
1,1.232,830,0.05
1,1.373,830,0.05
1,2.48,830,0.05
1,5.238,830,10.0
1,2.156,830,10.0
1,1.409,830,10.0
1,2.653,830,10.0
1,2.195,830,10.0
1,1.401,830,10.0
1,2.492,830,10.0
1,2.434,830,10.0
0,2.776,830,10.0
1,1.669,830,0.05
0,1.384,830,0.05
1,1.683,830,0.05
1,1.54,830,0.05
1,1.032,830,0.05
1,1.176,830,0.05
0,4.07,830,0.05
1,1.717,830,0.05
1,2.709,830,10.0
1,1.053,830,10.0
1,3.789,830,10.0
1,4.429,830,10.0
1,1.373,830,10.0
1,2.366,830,10.0
1,1.954,830,0.05
1,1.213,830,0.05
1,2.155,830,0.05
1,1.213,830,0.05
1,2.373,830,0.05
1,1.486,830,0.05
1,1.946,830,0.05
1,2.118,830,0.05
1,1.2711,831,10.0
0,1.5096,831,10.0
0,2.438,831,10.0
1,1.4301,831,10.0
1,2.0231,831,10.0
1,3.2182,831,10.0
0,1.5049,831,10.0
1,1.2137,831,10.0
0,1.0944,831,0.05
0,1.8161,831,0.05
0,1.2811,831,0.05
1,1.4768,831,0.05
1,1.4192,831,0.05
0,2.4511,831,0.05
1,1.1109,831,0.05
1,1.1459,831,0.05
0,1.6458,831,0.05
1,2.1573,831,0.05
0,1.7694,831,0.05
1,1.549,831,0.05
1,1.1048,831,0.05
0,1.3775,831,0.05
1,1.5402,831,0.05
1,2.159,831,0.05
0,2.0872,831,10.0
1,1.2259,831,10.0
1,1.3545,831,10.0
1,1.9185,831,10.0
1,3.5405,831,10.0
1,1.6413,831,10.0
1,1.3883,831,10.0
1,0.254,831,10.0
1,1.6935,831,10.0
1,2.6662,831,10.0
1,1.0821,831,10.0
1,3.2323,831,10.0
0,2.9782,831,10.0
1,1.6601,831,10.0
1,1.4991,831,0.05
0,2.0107,831,0.05
1,1.8779,831,0.05
1,1.2731,831,0.05
1,2.1847,831,0.05
1,1.86,831,0.05
1,2.1102,831,0.05
1,1.5394,831,0.05
1,1.5704,831,10.0
1,1.5928,831,10.0
0,1.6727,831,10.0
1,3.2726,831,0.05
1,3.1778,831,0.05
1,0.8676,831,0.05
1,1.5349,831,0.05
0,1.3747,831,0.05
1,3.299,831,0.05
1,2.3889,831,0.05
1,1.7836,831,0.05
1,2.0044,831,10.0
1,2.9813,831,10.0
1,1.3051,831,10.0
1,2.3514,831,10.0
1,1.7247,831,10.0
0,1.7441,831,10.0
1,1.4731,831,10.0
1,2.614,831,10.0
1,1.0873,831,0.05
1,1.6844,831,0.05
0,3.2238,831,0.05
1,1.7296,831,0.05
1,3.123,831,0.05
1,1.2683,831,0.05
1,1.0515,831,10.0
1,1.4379,831,10.0
1,0.9383,831,10.0
1,1.3225,831,10.0
0,2.2737,831,10.0
0,3.8091,832,10.0
1,6.0127,832,10.0
1,1.7503,832,10.0
0,1.9484,832,10.0
1,3.5445,832,10.0
1,2.8219,832,10.0
1,3.2474,832,10.0
1,4.3091,832,10.0
1,2.7802,832,10.0
1,1.9849,832,0.05
0,2.6316,832,0.05
1,1.484,832,0.05
1,1.852,832,0.05
0,3.0655,832,0.05
1,2.4037,832,0.05
0,1.4721,832,0.05
0,4.2179,832,0.05
1,3.497,832,0.05
1,1.0,832,0.05
0,2.2369,832,0.05
1,0.9573,832,0.05
0,3.4686,832,0.05
1,1.8886,832,0.05
1,1.9656,832,0.05
1,1.3882,832,10.0
0,1.3721,832,10.0
0,1.9419,832,10.0
1,1.7561,832,10.0
0,1.8996,832,10.0
1,1.2168,832,10.0
0,1.6892,832,10.0
1,1.4817,832,10.0
1,1.1506,832,10.0
0,2.7099,832,10.0
1,1.7656,832,10.0
0,2.7768,832,10.0
1,2.0879,832,10.0
0,2.6206,832,0.05
1,1.2445,832,0.05
1,3.0659,832,0.05
1,1.5235,832,0.05
1,1.8478,832,0.05
0,4.1663,832,0.05
0,1.9558,832,0.05
0,1.3328,832,0.05
1,2.2549,832,10.0
0,2.769,832,10.0
1,1.8617,832,10.0
1,3.2542,832,0.05
1,1.4833,832,0.05
1,2.0947,832,0.05
1,5.1449,832,0.05
1,2.0718,832,0.05
1,2.5124,832,0.05
1,1.7494,832,0.05
1,1.6701,832,0.05
0,3.0811,832,10.0
1,1.4537,832,10.0
1,2.7327,832,10.0
0,1.498,832,10.0
1,2.9125,832,10.0
0,1.7973,832,10.0
1,3.6299,832,10.0
0,1.5281,832,10.0
0,1.445,833,10.0
1,0.867,833,10.0
1,1.514,833,10.0
0,0.821,833,10.0
1,1.36,833,10.0
0,1.519,833,10.0
0,1.317,833,10.0
1,0.917,833,10.0
0,2.536,833,10.0
1,1.386,833,10.0
1,2.913,833,10.0
1,1.419,833,10.0
1,1.77,833,10.0
0,1.454,833,10.0
1,1.054,833,10.0
0,2.433,833,10.0
1,1.736,833,0.05
1,1.032,833,0.05
1,1.022,833,0.05
1,1.885,833,0.05
1,0.927,833,0.05
1,1.008,833,0.05
1,1.064,833,0.05
1,0.953,833,0.05
1,1.403,833,0.05
1,0.867,833,0.05
1,0.972,833,0.05
1,0.838,833,0.05
1,1.423,833,0.05
0,2.435,833,0.05
1,1.051,833,0.05
0,1.455,833,0.05
1,2.907,833,10.0
1,1.368,833,10.0
0,1.412,833,10.0
1,2.833,833,10.0
0,1.882,833,10.0
0,2.334,833,10.0
0,1.155,833,0.05
0,1.149,833,0.05
1,1.186,833,0.05
1,1.398,833,0.05
0,1.081,833,0.05
1,1.088,833,0.05
1,0.782,833,0.05
0,1.913,833,0.05
1,1.276,833,0.05
1,0.595,833,0.05
1,1.891,833,0.05
0,0.654,833,0.05
1,1.18,833,0.05
0,0.982,833,0.05
0,0.836,833,0.05
0,1.951,833,10.0
1,1.958,833,10.0
1,0.999,833,10.0
1,2.53,833,10.0
1,1.645,833,10.0
0,1.568,833,10.0
1,2.046,833,10.0
1,3.265,833,10.0
0,1.337,833,10.0
1,2.117,833,0.05
0,0.964,833,0.05
0,0.52,833,0.05
1,0.53,833,0.05
0,1.119,833,0.05
1,1.02,833,0.05
0,0.66,833,0.05
1,0.938,833,0.05
1,0.949,833,0.05
0,1.204,833,0.05
1,8.0156,834,10.0
1,3.4702,834,10.0
1,2.358,834,10.0
1,10.0664,834,10.0
1,3.0323,834,10.0
1,4.6331,834,10.0
0,3.5561,834,10.0
1,11.0456,834,10.0
1,2.3208,834,10.0
1,4.9014,834,10.0
1,10.5888,834,10.0
1,3.6907,834,10.0
1,2.9545,834,10.0
1,5.3961,834,10.0
1,12.7495,834,10.0
1,5.314,834,10.0
0,10.7305,834,10.0
1,2.5456,834,10.0
1,3.3746,834,10.0
0,2.5957,834,10.0
0,11.1087,834,10.0
1,11.7775,834,10.0
1,4.2216,834,10.0
0,4.1123,834,10.0
1,3.5805,834,0.05
0,2.4069,834,0.05
0,3.3798,834,0.05
0,3.8526,834,0.05
0,13.405,834,0.05
1,1.993,834,0.05
1,1.9369,834,0.05
0,2.944,834,0.05
1,5.3047,834,0.05
1,11.0372,834,0.05
0,3.4588,834,0.05
1,7.3219,834,0.05
1,2.8502,834,10.0
1,8.2359,834,10.0
1,6.2948,834,10.0
1,4.4303,834,10.0
1,5.5996,834,10.0
1,6.7103,834,10.0
1,3.2046,834,10.0
0,1.8054,834,10.0
1,11.9774,834,10.0
1,2.2377,834,10.0
1,2.0551,834,0.05
1,3.5636,834,0.05
1,2.7562,834,0.05
0,4.8213,834,0.05
1,1.2199,834,0.05
1,1.8458,834,0.05
1,3.9773,834,0.05
0,2.2539,834,0.05
1,8.1636,834,0.05
1,5.398,834,0.05
1,3.7918,834,0.05
1,8.4273,834,0.05
1,1.9137,834,0.05
1,3.4387,834,0.05
1,5.4763,834,0.05
0,2.3685,834,0.05
1,4.99,835,10.0
0,5.7402,835,10.0
1,3.7062,835,10.0
0,3.7124,835,10.0
1,3.1592,835,10.0
1,2.7774,835,10.0
0,1.7475,835,10.0
1,4.7598,835,10.0
0,4.2057,835,10.0
1,2.7635,835,10.0
1,6.1329,835,10.0
0,4.1512,835,10.0
1,7.5107,835,10.0
1,2.0727,835,10.0
1,7.0398,835,10.0
1,6.5522,835,0.05
0,6.2084,835,0.05
1,6.8226,835,0.05
0,2.9868,835,0.05
1,3.5098,835,0.05
0,7.1813,835,0.05
1,3.935,835,0.05
1,4.1389,835,0.05
1,3.7124,835,10.0
0,7.2434,835,10.0
1,7.319,835,10.0
0,6.9571,835,10.0
1,3.2646,835,10.0
1,2.9406,835,10.0
0,4.8146,835,10.0
1,7.68,835,10.0
1,2.7375,835,0.05
1,3.0098,835,0.05
1,4.4324,835,0.05
1,4.2985,835,0.05
1,2.514,835,0.05
0,2.6546,835,0.05
0,6.9375,835,0.05
1,4.412,835,0.05
0,4.3631,835,10.0
1,2.9875,835,10.0
1,5.4804,835,10.0
1,3.6629,835,10.0
1,3.854,835,10.0
1,2.2363,835,10.0
1,2.6617,835,10.0
0,4.1436,835,10.0
0,3.221,835,0.05
0,4.4731,835,0.05
0,2.3219,835,0.05
0,3.2476,835,0.05
1,3.552,835,0.05
1,2.7434,835,0.05
1,3.2648,835,0.05
1,3.4959,835,0.05
0,4.7338,835,10.0
0,3.9936,835,10.0
1,7.0324,835,10.0
0,2.902,835,10.0
1,2.4438,835,10.0
1,2.5744,835,10.0
1,2.3301,835,10.0
1,2.0468,835,10.0
1,2.1053,835,10.0
1,3.9694,835,10.0
1,1.9318,835,10.0
0,2.6444,835,10.0
1,3.4906,835,10.0
0,5.4491,835,10.0
1,6.8611,835,10.0
1,5.8616,835,10.0
0,2.9578,835,0.05
1,2.7463,835,0.05
0,2.3808,835,0.05
1,7.2964,835,0.05
1,2.8373,835,0.05
1,2.0693,835,0.05
0,3.0778,835,0.05
0,5.0599,835,0.05
1,2.7245,836,10.0
1,1.972,836,10.0
1,2.3417,836,10.0
1,1.7715,836,10.0
1,1.9925,836,10.0
1,1.8693,836,10.0
1,2.199,836,10.0
1,1.7268,836,10.0
1,2.3487,836,0.05
1,2.2652,836,0.05
0,2.5608,836,0.05
1,2.1374,836,0.05
1,2.3423,836,0.05
1,2.1196,836,0.05
1,2.1998,836,0.05
1,3.3252,836,0.05
1,1.8407,836,0.05
0,2.3646,836,0.05
1,3.4897,836,0.05
1,2.4748,836,0.05
1,1.8842,836,0.05
1,2.9233,836,0.05
1,1.889,836,0.05
0,2.2747,836,0.05
1,1.9249,836,0.05
1,1.5999,836,0.05
1,3.1205,836,0.05
1,2.5656,836,0.05
1,1.7339,836,0.05
1,1.9589,836,0.05
1,1.8415,836,0.05
1,2.3472,836,0.05
0,2.5077,836,0.05
0,1.4842,836,0.05
1,1.9127,836,0.05
0,2.1295,836,0.05
1,2.6493,836,10.0
1,1.6467,836,10.0
1,2.7651,836,10.0
1,2.0757,836,10.0
1,2.8307,836,10.0
1,2.0619,836,10.0
1,1.4508,836,10.0
0,2.099,836,10.0
1,2.245,836,10.0
1,1.623,836,10.0
1,1.6486,836,10.0
1,1.6489,836,10.0
0,2.5685,836,10.0
1,2.4447,836,10.0
1,1.7195,836,10.0
1,1.2527,836,10.0
1,1.5496,836,0.05
1,1.8105,836,0.05
1,1.733,836,0.05
1,2.1316,836,0.05
1,2.0335,836,0.05
1,2.0401,836,0.05
1,1.2846,836,0.05
0,1.9844,836,0.05
1,1.826,836,10.0
1,1.5259,836,10.0
1,1.6154,836,10.0
1,1.4664,836,10.0
1,1.528,836,10.0
1,1.4922,836,10.0
1,1.5338,836,10.0
1,1.7284,836,0.05
1,1.8754,836,0.05
1,1.9275,836,0.05
1,1.5174,836,0.05
0,1.6612,836,0.05
1,1.7487,836,0.05
0,1.4568,836,0.05
1,1.3241,836,0.05
0,0.9079,837,0.05
0,0.8761,837,0.05
0,1.6669,837,0.05
1,0.7841,837,0.05
1,0.6365,837,0.05
0,0.6952,837,0.05
1,0.701,837,0.05
0,0.6055,837,0.05
1,1.3869,837,10.0
0,1.007,837,10.0
0,1.3317,837,10.0
1,0.7981,837,10.0
1,0.7571,837,10.0
1,1.4576,837,0.05
0,0.6278,837,0.05
1,0.5919,837,0.05
1,0.6108,837,0.05
1,0.4844,837,0.05
1,1.2721,837,0.05
0,0.7319,837,0.05
1,0.6769,837,0.05
1,1.0217,837,10.0
1,1.1099,837,10.0
0,1.4641,837,10.0
0,0.7656,837,10.0
1,0.7493,837,10.0
1,1.1198,837,10.0
0,0.9959,837,10.0
0,1.0463,837,10.0
0,1.6635,837,10.0
1,0.6949,837,10.0
1,0.8043,837,10.0
1,1.2496,837,10.0
0,1.2325,837,10.0
1,0.5108,837,10.0
1,1.7931,837,0.05
1,0.9082,837,0.05
1,0.7853,837,0.05
0,0.8416,837,0.05
1,1.1121,837,0.05
1,1.1137,837,0.05
0,1.2371,837,0.05
0,1.7487,837,0.05
1,0.727,837,10.0
0,0.6512,837,10.0
0,0.7226,837,10.0
1,0.5806,837,10.0
0,1.9406,837,10.0
0,0.783,837,10.0
1,1.6807,837,10.0
1,0.9993,837,0.05
1,1.1462,837,0.05
1,0.9767,837,0.05
0,1.1349,837,0.05
0,1.8843,837,0.05
1,1.0377,837,0.05
0,0.9267,837,0.05
1,1.0868,837,0.05
1,0.7464,837,0.05
1,1.0316,837,0.05
0,1.2886,837,0.05
1,0.9827,837,0.05
0,1.1117,837,0.05
0,1.1138,837,0.05
1,1.6782,837,10.0
0,0.9534,837,10.0
1,0.8843,837,10.0
0,1.1422,837,10.0
1,1.5073,837,10.0
0,1.0458,837,10.0
1,0.9339,837,10.0
1,1.4337,837,0.05
1,0.8027,837,0.05
0,0.8426,837,0.05
0,0.9434,837,0.05
0,0.9041,837,0.05
1,0.9482,837,0.05
0,1.0756,837,0.05
1,1.4174,837,0.05
1,1.2377,837,10.0
1,0.9187,837,10.0
0,1.8469,837,10.0
0,2.6214,838,10.0
0,1.5777,838,10.0
1,3.9883,838,10.0
1,2.7045,838,10.0
1,2.1487,838,10.0
1,1.4713,838,10.0
1,2.2334,838,10.0
1,1.424,838,10.0
1,1.1216,838,10.0
1,1.0471,838,10.0
0,1.4976,838,10.0
1,1.1937,838,10.0
0,2.9368,838,10.0
0,1.4259,838,10.0
1,2.1217,838,10.0
1,1.8813,838,10.0
1,1.7301,838,0.05
1,1.7523,838,0.05
1,0.8475,838,0.05
1,0.8619,838,0.05
0,1.7625,838,0.05
1,1.4113,838,0.05
0,2.7138,838,0.05
1,1.0365,838,0.05
1,1.469,838,0.05
1,1.0707,838,0.05
1,2.3779,838,0.05
0,2.176,838,0.05
0,1.093,838,0.05
1,1.2906,838,0.05
1,1.127,838,0.05
1,1.9879,838,0.05
0,1.8495,838,0.05
1,2.0873,838,0.05
0,4.1685,838,0.05
1,1.6737,838,0.05
1,1.6036,838,0.05
0,2.1709,838,0.05
0,3.8755,838,0.05
1,2.8379,838,0.05
0,2.3809,838,10.0
1,2.1192,838,10.0
0,3.3056,838,10.0
0,3.712,838,10.0
1,2.5814,838,10.0
1,1.8776,838,10.0
1,3.2839,838,10.0
1,0.8826,838,10.0
1,1.208,838,0.05
0,1.9851,838,0.05
0,2.6127,838,10.0
1,2.2741,838,10.0
1,2.5231,838,10.0
1,2.72,838,10.0
1,1.9122,838,10.0
1,2.7262,838,10.0
0,2.718,838,10.0
1,3.0577,838,10.0
0,3.9563,838,0.05
1,2.0093,838,0.05
0,2.8014,838,0.05
1,1.5465,838,0.05
0,1.0535,838,0.05
1,2.8881,838,0.05
1,1.747,838,0.05
0,1.7376,838,0.05
1,1.4845,838,0.05
1,1.6096,838,0.05
1,2.5203,838,0.05
1,1.716,838,0.05
1,1.8447,838,0.05
1,2.2642,838,0.05
0,3.1031,838,0.05
1,1.5606,838,10.0
1,1.6588,838,10.0
1,2.9563,838,10.0
0,1.9126,838,10.0
1,4.1691,838,10.0
0,1.9894,838,10.0
0,2.2465,838,10.0
1,1.7376,839,0.05
1,2.4361,839,0.05
0,4.3238,839,0.05
1,3.3246,839,0.05
1,6.9741,839,0.05
1,3.8649,839,0.05
1,3.1957,839,0.05
1,4.0241,839,0.05
0,6.04,839,10.0
1,7.9101,839,10.0
1,3.9421,839,10.0
1,5.4915,839,10.0
1,4.0072,839,10.0
1,2.5736,839,10.0
1,2.5473,839,10.0
1,2.7317,839,10.0
1,4.2239,839,10.0
1,4.809,839,10.0
1,5.4475,839,10.0
1,2.2303,839,10.0
1,2.0815,839,10.0
1,2.3336,839,10.0
1,1.7978,839,0.05
1,1.9795,839,0.05
1,4.6507,839,0.05
1,3.0136,839,0.05
0,6.7631,839,0.05
0,4.1494,839,0.05
1,2.2786,839,0.05
1,3.9947,839,0.05
1,2.9965,839,0.05
1,6.8293,839,0.05
1,2.7156,839,0.05
1,2.4318,839,0.05
1,6.6647,839,0.05
1,2.4474,839,0.05
1,2.9658,839,0.05
1,3.2993,839,0.05
1,2.2589,839,10.0
1,2.6712,839,10.0
1,2.2453,839,10.0
0,6.924,839,10.0
1,1.9764,839,10.0
1,2.8776,839,10.0
1,6.1996,839,10.0
1,4.0418,839,10.0
1,5.3906,839,0.05
1,1.4091,839,0.05
1,6.4719,839,0.05
0,7.9902,839,0.05
1,2.2559,839,0.05
1,5.8395,839,0.05
1,5.9647,839,0.05
1,2.4566,839,0.05
1,4.5924,839,10.0
0,5.8843,839,10.0
1,7.3623,839,10.0
1,2.829,839,10.0
1,3.0368,839,10.0
1,1.7804,839,10.0
0,3.2426,839,0.05
1,1.6484,839,0.05
1,1.8786,839,0.05
1,2.0619,839,0.05
1,1.5445,839,0.05
1,1.0452,839,0.05
1,1.3297,839,0.05
1,3.2971,839,10.0
1,1.1963,839,10.0
1,1.6924,839,10.0
1,1.8969,839,10.0
1,5.6616,839,10.0
1,1.7235,839,10.0
1,1.1947,839,10.0
1,1.7579,839,10.0
1,3.0594,839,0.05
0,1.6897,839,0.05
1,1.8434,839,0.05
1,0.8631,839,0.05
1,7.1316,839,0.05
1,5.6565,839,0.05
0,1.373,839,0.05
1,1.0106,839,0.05
1,2.958,839,10.0
1,1.8297,839,10.0
1,6.86,839,10.0
1,3.0747,839,10.0
1,1.626,839,10.0
1,2.378,839,10.0
0,1.8249,839,10.0
1,4.7454,839,10.0
1,6.1508,840,10.0
1,4.3033,840,10.0
1,3.2389,840,10.0
1,5.7984,840,10.0
1,2.4921,840,10.0
1,5.4014,840,10.0
1,6.7752,840,0.05
1,3.1755,840,0.05
1,7.4823,840,0.05
1,3.6898,840,0.05
1,2.0865,840,0.05
1,6.3499,840,0.05
1,2.0024,840,0.05
1,3.9704,840,10.0
1,1.9101,840,10.0
1,3.1298,840,10.0
1,3.3617,840,10.0
1,2.1374,840,10.0
0,6.465,840,10.0
1,3.4901,840,10.0
1,2.3537,840,0.05
1,2.2022,840,0.05
1,4.234,840,0.05
1,2.8508,840,0.05
1,1.9785,840,0.05
1,3.1774,840,0.05
0,5.7307,840,0.05
1,7.323,840,0.05
1,2.847,840,0.05
1,2.0356,840,0.05
0,4.848,840,0.05
1,1.8145,840,0.05
1,2.9056,840,0.05
1,7.2866,840,0.05
1,1.7823,840,0.05
0,6.2178,840,0.05
0,1.8667,840,0.05
1,3.6459,840,0.05
1,5.2309,840,0.05
1,6.2982,840,0.05
1,2.1487,840,0.05
1,2.0188,840,0.05
1,1.9361,840,0.05
1,1.6129,840,10.0
1,2.2141,840,10.0
0,6.4713,840,10.0
1,2.9126,840,10.0
1,2.2303,840,10.0
0,3.949,840,10.0
1,4.0379,840,10.0
1,1.4658,840,10.0
1,2.0626,840,0.05
1,3.0988,840,0.05
1,3.3391,840,0.05
1,2.2309,840,0.05
1,1.2021,840,0.05
1,1.422,840,0.05
1,2.8983,840,0.05
0,3.0677,840,0.05
1,2.9022,840,0.05
1,2.8694,840,0.05
1,3.2994,840,0.05
1,1.2684,840,0.05
1,1.331,840,0.05
1,1.8307,840,0.05
1,2.7202,840,0.05
0,1.6387,840,0.05
1,5.3473,840,10.0
1,6.3374,840,10.0
1,1.6436,840,10.0
1,1.5288,840,10.0
1,1.0826,840,10.0
1,3.0636,840,10.0
1,5.1683,840,10.0
1,3.0092,840,10.0
1,6.6028,840,10.0
1,2.794,840,10.0
0,5.8562,840,10.0
1,4.8455,840,10.0
1,3.1965,840,10.0
1,2.3845,840,10.0
1,1.5508,840,10.0
0,6.4858,840,10.0
1,1.401,841,0.05
1,2.892,841,0.05
1,3.632,841,0.05
1,1.472,841,0.05
1,4.41,841,0.05
1,1.242,841,0.05
1,1.189,841,0.05
0,1.605,841,10.0
1,1.038,841,10.0
1,0.836,841,10.0
1,3.238,841,10.0
1,1.391,841,10.0
1,2.288,841,10.0
1,1.837,841,10.0
1,1.372,841,10.0
1,2.029,841,0.05
1,1.701,841,0.05
0,3.301,841,0.05
1,1.464,841,0.05
1,1.581,841,0.05
0,1.584,841,0.05
1,1.271,841,0.05
1,4.312,841,0.05
1,1.867,841,10.0
1,1.396,841,10.0
0,1.299,841,10.0
0,2.65,841,10.0
1,0.966,841,10.0
1,1.013,841,10.0
0,1.751,841,10.0
1,3.888,841,10.0
1,2.481,841,0.05
1,1.724,841,0.05
1,4.051,841,0.05
1,2.229,841,0.05
1,3.019,841,0.05
0,3.721,841,0.05
1,1.8,841,0.05
1,2.53,841,0.05
1,3.903,841,10.0
0,1.89,841,10.0
1,1.904,841,10.0
1,1.865,841,10.0
0,2.42,841,10.0
1,1.708,841,10.0
1,2.004,841,10.0
1,2.842,841,10.0
0,3.389,841,10.0
1,1.652,841,10.0
1,4.157,841,10.0
1,4.773,841,0.05
1,1.76,841,0.05
0,2.535,841,0.05
1,2.807,841,0.05
1,2.023,841,0.05
1,1.682,841,0.05
0,5.107,841,0.05
1,1.218,841,0.05
1,1.221,841,0.05
1,1.319,841,0.05
1,1.101,841,0.05
0,2.35,841,0.05
1,1.789,841,0.05
0,2.924,841,0.05
1,1.368,841,10.0
1,3.705,841,10.0
1,1.398,841,10.0
1,5.193,841,10.0
1,1.586,841,10.0
1,0.84,841,10.0
1,4.009,841,10.0
1,1.797,841,10.0
1,2.466,841,10.0
0,4.981,841,10.0
0,3.102,841,10.0
1,1.984,841,10.0
1,2.3241,842,0.05
1,2.3116,842,0.05
1,1.7211,842,0.05
1,1.6348,842,0.05
1,1.7223,842,0.05
1,1.9852,842,0.05
1,2.3061,842,0.05
1,2.0948,842,0.05
1,1.8759,842,10.0
0,2.4983,842,10.0
1,1.6843,842,10.0
0,1.8104,842,10.0
1,1.5257,842,10.0
1,2.862,842,10.0
1,2.2745,842,10.0
1,1.003,842,10.0
1,2.5439,842,0.05
1,1.1094,842,0.05
1,1.8126,842,0.05
1,1.356,842,0.05
1,2.0138,842,0.05
1,1.0817,842,0.05
1,1.2901,842,0.05
1,2.3331,842,0.05
0,1.8584,842,10.0
1,1.3553,842,10.0
1,2.9063,842,10.0
0,2.3979,842,10.0
1,1.8388,842,10.0
1,1.7971,842,10.0
1,2.6925,842,10.0
0,1.9828,842,10.0
1,1.1703,842,0.05
1,1.911,842,0.05
1,1.8814,842,0.05
1,1.7447,842,0.05
1,1.4332,842,0.05
1,1.8433,842,0.05
1,1.9713,842,0.05
1,1.2684,842,0.05
1,2.2393,842,0.05
0,2.2079,842,0.05
1,1.4648,842,0.05
1,1.3064,842,0.05
1,1.9203,842,0.05
1,1.5209,842,0.05
0,1.6343,842,0.05
1,1.6782,842,0.05
1,1.6975,842,10.0
1,3.1373,842,10.0
1,1.6599,842,10.0
1,1.7832,842,10.0
1,1.8654,842,10.0
1,2.1133,842,10.0
0,1.8746,842,10.0
1,1.7678,842,10.0
0,1.4038,842,10.0
1,1.405,842,10.0
0,2.2057,842,10.0
1,1.3155,842,0.05
1,1.6852,842,0.05
1,1.0628,842,0.05
0,2.1984,842,0.05
1,1.8481,842,0.05
1,1.7164,842,0.05
1,1.2406,842,0.05
1,2.5305,842,0.05
1,1.149,842,10.0
1,1.0481,842,10.0
1,1.0561,842,10.0
1,1.33,842,10.0
1,1.7103,842,10.0
1,1.0215,842,10.0
1,1.6361,842,10.0
0,0.9902,842,10.0
0,0.9701,842,0.05
1,0.9213,842,0.05
1,1.2299,842,0.05
1,0.8674,842,0.05
0,1.5951,842,0.05
0,2.1595,842,0.05
1,1.4187,842,0.05
0,1.6094,842,0.05
0,1.1379,842,10.0
1,1.3519,842,10.0
1,1.3844,842,10.0
1,2.3582,842,10.0
1,1.665,842,10.0
1,1.27,842,10.0
0,2.952,842,10.0
1,1.4666,842,10.0
1,1.6772,843,0.05
0,1.8677,843,0.05
1,1.2687,843,0.05
0,3.8962,843,0.05
1,1.245,843,0.05
1,1.3008,843,0.05
0,1.4281,843,0.05
1,1.7035,843,0.05
0,1.94,843,0.05
1,1.6714,843,0.05
1,1.7395,843,0.05
0,3.1229,843,0.05
1,1.6473,843,0.05
1,1.5579,843,0.05
1,2.2085,843,10.0
1,1.3704,843,10.0
1,1.5105,843,10.0
1,2.933,843,10.0
1,2.6855,843,10.0
1,1.6573,843,10.0
1,2.7296,843,10.0
0,1.9686,843,10.0
1,2.349,843,10.0
0,2.1648,843,10.0
0,2.0787,843,10.0
1,1.471,843,10.0
1,1.6905,843,10.0
0,2.8528,843,10.0
0,3.0035,843,10.0
1,3.4202,843,10.0
1,3.4555,843,10.0
0,2.4414,843,10.0
0,4.141,843,10.0
0,4.0416,843,10.0
1,3.1,843,10.0
1,3.6006,843,10.0
1,2.3196,843,10.0
1,1.8211,843,10.0
1,2.2343,843,10.0
1,1.4556,843,10.0
1,1.5557,843,0.05
1,1.0868,843,0.05
1,4.081,843,0.05
1,2.0511,843,0.05
1,1.5456,843,0.05
1,4.3057,843,0.05
1,1.4039,843,0.05
1,1.7073,843,0.05
1,1.6794,843,0.05
1,2.1724,843,10.0
1,1.5293,843,10.0
1,1.2635,843,10.0
1,1.2831,843,10.0
1,1.4448,843,10.0
0,2.4665,843,10.0
1,1.443,843,10.0
1,1.7274,843,10.0
1,2.2968,843,10.0
1,1.2252,843,10.0
0,2.6593,843,10.0
1,1.0259,843,10.0
1,1.4874,843,10.0
1,1.0913,843,10.0
1,2.1886,843,10.0
1,1.2674,843,10.0
0,2.1302,843,0.05
1,2.7958,843,0.05
1,0.9038,843,0.05
1,1.2282,843,0.05
1,0.9443,843,0.05
1,2.061,843,0.05
1,2.0224,843,0.05
1,1.6343,843,0.05
1,1.8638,843,0.05
1,1.2647,843,0.05
1,0.8831,843,0.05
1,1.0341,843,0.05
1,1.1175,843,0.05
1,0.8841,843,0.05
1,1.0334,843,0.05
0,1.2028,843,0.05
0,3.921,844,0.05
0,2.199,844,0.05
1,1.24,844,0.05
1,3.239,844,0.05
1,1.825,844,0.05
1,3.666,844,0.05
0,1.608,844,0.05
1,5.362,844,0.05
0,6.877,844,10.0
0,3.284,844,10.0
1,5.182,844,10.0
1,4.784,844,10.0
1,3.312,844,10.0
1,4.072,844,10.0
1,3.876,844,10.0
0,6.35,844,10.0
0,4.623,844,10.0
1,2.74,844,10.0
1,4.799,844,10.0
0,6.535,844,10.0
1,4.153,844,10.0
1,2.429,844,10.0
1,4.825,844,10.0
1,2.832,844,0.05
1,3.277,844,0.05
0,7.128,844,10.0
1,2.125,844,10.0
1,2.525,844,10.0
1,2.794,844,10.0
1,2.869,844,10.0
0,2.339,844,10.0
1,2.686,844,10.0
1,1.93,844,0.05
1,3.718,844,0.05
1,3.631,844,0.05
1,2.964,844,0.05
1,4.438,844,0.05
1,3.873,844,0.05
1,4.123,844,10.0
1,2.631,844,10.0
1,3.428,844,10.0
1,2.177,844,10.0
1,5.199,844,0.05
1,3.281,844,0.05
1,3.747,844,0.05
1,4.11,844,0.05
1,2.407,844,0.05
1,4.074,844,0.05
1,2.035,844,0.05
0,3.636,844,0.05
1,2.632,844,10.0
1,4.099,844,10.0
1,3.775,844,10.0
1,5.405,844,10.0
1,1.896,844,10.0
1,2.23,844,10.0
1,4.254,844,10.0
1,2.735,844,10.0
1,2.248,844,0.05
1,2.419,844,0.05
0,1.694,844,0.05
0,2.365,844,0.05
1,3.023,844,0.05
1,2.889,844,0.05
1,6.247,844,0.05
1,2.031,844,0.05
1,6.703,844,10.0
1,2.969,844,10.0
1,1.894,844,10.0
1,2.756,844,10.0
1,2.114,844,10.0
1,3.847,844,10.0
1,2.465,844,10.0
0,1.039,845,10.0
1,2.7364,845,10.0
1,0.8507,845,10.0
1,1.1104,845,10.0
1,2.9706,845,10.0
1,1.0556,845,10.0
1,1.2949,845,10.0
0,1.5333,845,10.0
1,1.2236,845,10.0
0,2.263,845,10.0
1,0.7898,845,10.0
1,1.8961,845,10.0
1,0.8863,845,10.0
1,2.2731,845,10.0
1,4.0394,845,10.0
0,2.3791,845,10.0
1,3.0106,845,10.0
1,1.428,845,10.0
1,3.0654,845,10.0
1,2.8635,845,10.0
0,2.9095,845,10.0
1,1.5352,845,10.0
1,4.3332,845,0.05
1,3.7427,845,0.05
1,4.1491,845,0.05
0,2.4655,845,0.05
1,4.315,845,0.05
0,3.3863,845,0.05
1,2.2971,845,0.05
1,1.2792,845,10.0
1,2.7194,845,10.0
1,1.6527,845,10.0
1,4.019,845,10.0
1,1.1588,845,10.0
0,1.2225,845,10.0
1,4.4801,845,10.0
1,0.7748,845,0.05
1,0.816,845,0.05
0,0.753,845,0.05
1,1.1985,845,0.05
0,1.2298,845,0.05
1,0.9612,845,0.05
1,3.398,845,0.05
1,0.9444,845,0.05
1,1.7375,845,0.05
1,0.747,845,0.05
1,0.9095,845,0.05
1,2.6726,845,0.05
0,1.7855,845,0.05
0,0.8965,845,0.05
1,1.5494,845,0.05
1,1.311,845,0.05
1,3.8745,845,10.0
1,1.1202,845,10.0
1,1.8672,845,10.0
1,1.2695,845,10.0
1,1.2457,845,10.0
0,1.3177,845,10.0
0,1.9392,845,10.0
1,2.9524,846,0.05
1,4.7642,846,0.05
1,3.1673,846,0.05
0,3.2377,846,0.05
1,3.2076,846,0.05
1,6.8319,846,0.05
1,1.9923,846,0.05
1,3.2491,846,0.05
0,7.643,846,10.0
1,9.3475,846,10.0
1,4.5231,846,10.0
0,2.9729,846,10.0
1,4.1385,846,10.0
0,7.2612,846,10.0
1,6.6826,846,10.0
1,3.4854,846,10.0
1,2.3731,846,0.05
1,1.3132,846,0.05
1,1.4386,846,0.05
1,1.4989,846,0.05
1,0.9134,846,0.05
0,0.9748,846,0.05
1,1.4602,846,0.05
1,1.5096,846,0.05
1,2.3399,846,10.0
0,3.538,846,10.0
1,1.3329,846,10.0
1,4.3702,846,10.0
1,2.4043,846,10.0
1,4.7057,846,10.0
1,6.4901,846,10.0
1,2.0016,846,10.0
1,4.0495,846,0.05
1,10.4604,846,0.05
0,3.3387,846,0.05
1,1.5597,846,0.05
1,7.8338,846,0.05
1,9.4202,846,0.05
1,3.7425,846,0.05
1,8.7879,846,0.05
1,9.3251,846,10.0
1,7.7501,846,10.0
0,13.0619,846,10.0
1,8.0031,846,10.0
1,9.0772,846,10.0
1,5.8161,846,10.0
1,6.6644,846,10.0
1,7.6807,846,10.0
0,2.2313,846,0.05
1,6.4855,846,0.05
1,4.3099,846,10.0
0,5.791,846,10.0
1,3.7056,846,10.0
1,5.3449,846,10.0
1,5.5948,846,10.0
0,12.1378,846,10.0
1,3.7369,846,10.0
0,7.215,846,0.05
1,3.7972,846,0.05
1,3.6874,846,0.05
1,1.8273,846,0.05
0,8.1466,846,0.05
1,12.4133,846,0.05
1,2.9121,846,0.05
1,7.7396,846,10.0
0,10.926,846,10.0
1,4.7639,846,10.0
1,3.8237,846,10.0
0,2.8723,846,10.0
1,9.7826,846,10.0
1,4.732,846,10.0
0,6.6313,846,10.0
1,3.8543,846,0.05
1,2.7759,846,0.05
1,7.5648,846,0.05
1,1.6623,846,0.05
0,2.5511,846,0.05
1,2.379,846,0.05
1,2.8084,846,0.05
0,4.6057,846,0.05
1,1.9921,847,10.0
1,2.0768,847,10.0
1,2.7758,847,10.0
0,2.3625,847,10.0
1,2.3624,847,10.0
1,1.7839,847,10.0
1,1.8269,847,10.0
1,2.4627,847,10.0
1,3.7688,847,0.05
1,1.8284,847,0.05
1,2.3667,847,0.05
0,3.3772,847,0.05
1,2.7113,847,0.05
1,2.7273,847,0.05
0,2.4202,847,0.05
0,2.6028,847,0.05
1,3.0552,847,10.0
1,3.3792,847,10.0
1,3.4128,847,10.0
1,3.0624,847,10.0
1,2.9854,847,10.0
0,2.8262,847,10.0
1,3.5148,847,10.0
1,2.947,847,0.05
0,2.9535,847,0.05
1,3.0257,847,0.05
1,4.2795,847,0.05
1,3.0939,847,0.05
1,3.9487,847,0.05
0,2.5475,847,0.05
1,2.5786,847,0.05
1,2.664,847,0.05
1,1.969,847,0.05
1,2.5931,847,0.05
1,2.1649,847,0.05
0,2.0702,847,0.05
0,2.9465,847,0.05
0,3.4614,847,0.05
1,3.2523,847,0.05
1,1.8634,847,10.0
1,2.5363,847,10.0
0,3.5284,847,10.0
0,2.535,847,10.0
1,2.9962,847,10.0
1,2.0455,847,10.0
1,4.1611,847,10.0
1,4.1314,847,10.0
0,2.9627,847,10.0
1,2.1204,847,10.0
0,2.5098,847,10.0
1,3.5459,847,10.0
1,1.8874,847,10.0
0,1.9627,847,10.0
1,2.2469,847,10.0
1,3.8129,847,10.0
1,1.7802,847,0.05
1,2.4843,847,0.05
1,3.7463,847,0.05
1,3.2592,847,0.05
1,3.1434,847,0.05
1,4.0162,847,0.05
1,2.0192,847,0.05
1,2.2459,847,0.05
1,1.0145,847,0.05
1,1.828,847,0.05
0,1.5112,847,0.05
1,1.35,847,0.05
0,1.9341,847,0.05
0,2.3655,847,0.05
1,1.9262,847,0.05
1,1.6797,847,10.0
1,2.4713,847,10.0
1,1.9828,847,10.0
1,2.2073,847,10.0
1,1.4619,847,10.0
0,1.449,847,10.0
1,2.1994,847,10.0
1,2.1653,847,10.0
1,1.6869,847,0.05
1,1.4314,847,0.05
1,1.9995,847,0.05
1,1.8436,847,0.05
1,1.6281,847,0.05
1,1.923,847,0.05
1,1.7813,847,0.05
0,2.9652,847,0.05
1,2.7149,847,10.0
0,2.1516,847,10.0
1,2.3648,847,10.0
1,2.194,847,10.0
1,3.048,847,10.0
1,2.2356,847,10.0
1,2.1022,847,10.0
1,4.0733,847,10.0
1,0.994,849,10.0
0,0.7961,849,10.0
1,1.4,849,10.0
1,0.7467,849,10.0
1,0.8122,849,10.0
1,1.3534,849,10.0
1,0.9475,849,10.0
0,0.7505,849,10.0
1,0.7064,849,0.05
1,1.0744,849,0.05
0,1.5757,849,0.05
0,0.748,849,0.05
0,1.1084,849,0.05
0,0.90929997,849,0.05
1,0.9384,849,0.05
0,1.2181,849,0.05
0,1.0321,849,0.05
1,1.1545,849,0.05
0,1.066,849,0.05
0,1.2522,849,0.05
0,0.8884,849,0.05
1,0.9182,849,0.05
1,0.9505,849,0.05
1,0.954,849,0.05
0,1.2166,849,10.0
1,0.9694,849,10.0
0,0.8154,849,10.0
0,0.9981,849,10.0
0,1.2717,849,10.0
0,1.0809,849,10.0
1,0.7386,849,10.0
0,1.0179,849,10.0
1,1.2364,849,0.05
1,1.114,849,0.05
1,1.5141,849,0.05
1,1.0414,849,0.05
0,1.7446,849,0.05
1,0.9189,849,0.05
0,1.0377,849,0.05
0,1.8457,849,0.05
1,1.2142,849,10.0
1,1.8933,849,10.0
0,1.2619,849,10.0
1,1.7878,849,10.0
0,1.2325,849,10.0
1,1.7463,849,10.0
0,1.1633,849,10.0
1,1.2717,849,10.0
0,1.0799,849,0.05
1,1.3206,849,0.05
1,0.9462,849,0.05
0,0.7792,849,0.05
1,1.4951,849,0.05
1,1.2258,849,0.05
0,1.4433,849,0.05
1,0.9597,849,0.05
0,1.5317,849,0.05
1,1.0676,849,0.05
0,1.3848,849,10.0
0,1.0668,849,10.0
1,1.1318,849,10.0
1,1.3189,849,10.0
1,1.6324,849,10.0
1,0.868,849,10.0
0,1.5778,849,10.0
0,1.1551,849,10.0
1,1.223,849,10.0
1,0.7489,849,10.0
1,1.4089,849,10.0
1,0.9186,849,10.0
1,1.0377,849,10.0
1,0.5837,849,10.0
0,0.7337,849,10.0
1,1.4166,849,10.0
1,1.9321,849,0.05
1,1.5187,849,0.05
0,1.6012,849,0.05
0,1.0932,849,0.05
1,1.2685,849,0.05
0,1.7384,849,0.05
0,1.954,849,0.05
0,1.4978,850,0.05
1,1.4294,850,0.05
1,1.9408,850,0.05
1,1.2922,850,0.05
1,1.491,850,0.05
1,1.3568,850,0.05
1,1.86,850,0.05
1,1.926,850,0.05
0,1.0481,850,0.05
1,2.3683,850,0.05
0,0.9669,850,0.05
1,1.0337,850,0.05
1,0.7555,850,0.05
1,1.7592,850,0.05
1,1.3232,850,0.05
1,2.2694,850,10.0
0,2.9006,850,10.0
1,2.2968,850,10.0
1,1.0876,850,10.0
1,0.9485,850,10.0
0,2.1235,850,10.0
1,0.6726,850,10.0
1,2.9953,850,10.0
1,1.1845,850,10.0
1,0.8895,850,10.0
1,0.7343,850,10.0
0,1.2327,850,10.0
0,2.0537,850,10.0
1,0.8869,850,10.0
1,2.7816,850,0.05
0,2.0852,850,0.05
1,1.4228,850,0.05
1,3.706,850,0.05
0,2.0784,850,0.05
1,1.7799,850,0.05
1,1.7015,850,10.0
1,1.0585,850,10.0
0,2.0764,850,10.0
0,2.3257,850,10.0
1,2.5941,850,10.0
1,2.9521,850,10.0
1,1.5062,850,0.05
1,1.3114,850,0.05
0,1.008,850,0.05
0,1.1923,850,0.05
1,2.0685,850,0.05
1,1.69,850,0.05
1,0.8587,850,0.05
1,1.412,850,10.0
0,2.7921,850,10.0
1,1.4214,850,10.0
0,1.9339,850,10.0
0,1.2668,850,10.0
1,1.1943,850,10.0
1,0.88,850,10.0
0,0.9398,850,10.0
1,1.1333,850,10.0
1,0.754,850,10.0
1,1.2377,850,10.0
1,2.6584,850,10.0
0,2.438,850,10.0
1,1.3128,850,10.0
1,0.8987,850,10.0
0,1.6308,850,10.0
0,1.1261,850,0.05
1,0.8931,850,0.05
1,0.882,850,0.05
1,0.7568,850,0.05
1,1.488,850,0.05
0,1.9866,850,0.05
1,0.7479,850,0.05
0,1.0712,850,0.05
1,1.1644,850,0.05
1,0.8421,850,0.05
1,1.005,850,0.05
0,1.2457,850,0.05
1,2.4211,851,0.05
0,1.3568,851,0.05
0,1.697,851,0.05
1,1.8054,851,0.05
1,1.3583,851,0.05
1,1.6738,851,0.05
1,1.5245,851,0.05
0,1.5138,851,0.05
1,1.4424,851,0.05
0,2.187,851,0.05
0,1.6456,851,0.05
1,1.8121,851,0.05
1,2.1054,851,0.05
1,2.0353,851,0.05
1,1.0387,851,0.05
0,2.6778,851,0.05
0,1.2905,851,10.0
1,1.5439,851,10.0
1,1.1663,851,10.0
1,1.6409,851,10.0
1,1.2079,851,10.0
1,1.2752,851,10.0
1,1.2284,851,10.0
1,2.1184,851,10.0
0,2.1314,851,10.0
0,1.6472,851,10.0
1,1.2258,851,10.0
0,1.8153,851,10.0
0,1.3643,851,0.05
0,1.2586,851,0.05
1,1.1021,851,0.05
1,2.073,851,0.05
1,1.1465,851,0.05
0,2.0528,851,0.05
1,1.5265,851,0.05
1,2.0237,851,0.05
0,1.1734,851,0.05
1,1.0853,851,0.05
0,1.4825,851,0.05
1,1.2786,851,0.05
1,1.5417,851,0.05
1,0.9764,851,0.05
1,2.2639,851,0.05
1,2.3392,851,10.0
0,2.373,851,10.0
0,2.258,851,10.0
1,1.5857,851,10.0
1,1.2828,851,10.0
1,1.9312,851,10.0
1,1.9193,851,10.0
1,1.3639,851,10.0
0,2.2937,851,10.0
1,1.2804,851,10.0
0,1.062,851,10.0
1,1.0702,851,10.0
1,1.2619,851,10.0
0,1.5651,851,10.0
1,1.9899,851,10.0
0,1.5006,851,0.05
1,2.9344,851,0.05
1,1.5412,851,0.05
0,1.2225,851,0.05
1,1.6071,851,0.05
1,1.7558,851,0.05
1,1.0142,851,0.05
1,2.5523,851,10.0
1,1.3765,851,10.0
0,2.7542,851,10.0
1,1.3394,851,10.0
1,1.3071,851,10.0
0,1.5873,851,10.0
1,1.244,851,10.0
1,2.3084,851,10.0
0,2.4771,851,0.05
0,1.4689,851,0.05
1,0.8565,851,0.05
1,0.9648,851,0.05
1,2.3962,851,0.05
1,1.4919,851,0.05
1,1.0318,851,0.05
1,1.2913,851,10.0
1,1.6233,851,10.0
1,1.5107,851,10.0
1,1.0193,851,10.0
1,1.0585,851,10.0
1,1.4109,851,10.0
1,2.2687,851,10.0
1,3.782,852,10.0
0,2.4025,852,10.0
1,1.6141,852,10.0
1,3.4974,852,10.0
1,3.0442,852,10.0
1,1.1736,852,10.0
0,1.384,852,0.05
1,2.0389,852,0.05
0,1.2639,852,0.05
0,0.7645,852,0.05
1,1.7645,852,0.05
1,3.663,852,0.05
1,1.2038,852,0.05
1,2.4085,852,0.05
0,2.7908,852,10.0
1,1.3955,852,10.0
1,3.1265,852,10.0
1,2.0095,852,10.0
0,1.8788,852,10.0
1,3.4241,852,10.0
1,1.8584,852,10.0
1,1.3496,852,10.0
1,2.2126,852,0.05
0,1.3552,852,0.05
0,2.626,852,0.05
1,2.218,852,0.05
1,1.2055,852,0.05
1,1.7678,852,0.05
1,2.0563,852,0.05
1,1.3268,852,0.05
1,2.41,852,0.05
1,2.2227,852,0.05
1,4.3825,852,0.05
1,1.202,852,0.05
1,1.5289,852,10.0
0,3.098,852,10.0
1,3.4518,852,10.0
1,1.2987,852,10.0
1,2.0355,852,10.0
1,1.4373,852,10.0
0,3.7154,852,10.0
1,0.7919,852,10.0
1,2.5903,852,0.05
1,0.8684,852,0.05
1,2.4088,852,0.05
0,1.8698,852,0.05
1,1.7069,852,0.05
1,1.6231,852,0.05
1,1.0157,852,0.05
1,2.8824,852,0.05
1,0.9624,852,0.05
1,1.4347,852,0.05
1,3.049,852,10.0
1,1.2506,852,10.0
1,1.1528,852,10.0
0,1.1466,852,10.0
1,2.5074,852,10.0
1,1.2158,852,10.0
1,0.9243,852,10.0
0,1.7295,852,0.05
1,0.7917,852,0.05
1,1.0556,852,0.05
1,0.7775,852,0.05
0,1.1944,852,0.05
1,0.7085,852,0.05
1,1.5834,852,0.05
1,1.6881,852,0.05
1,1.0001,852,10.0
1,2.5421,852,10.0
1,0.9581,852,10.0
1,0.6736,852,10.0
1,1.0354,852,10.0
0,2.3127,852,10.0
1,1.8058,852,10.0
1,2.3306,852,10.0
1,1.9114,853,10.0
1,2.4824,853,10.0
0,3.771,853,10.0
1,1.7269,853,10.0
1,4.3919,853,10.0
1,4.9315,853,10.0
1,2.4028,853,10.0
1,3.2421,853,0.05
1,3.886,853,0.05
1,2.0208,853,0.05
1,2.1145,853,0.05
0,4.5705,853,0.05
1,2.9803,853,0.05
0,1.4417,853,0.05
1,4.7682,853,10.0
1,2.1448,853,10.0
1,3.1244,853,10.0
1,2.0594,853,10.0
0,3.4438,853,10.0
1,1.4981,853,10.0
0,3.8912,853,10.0
1,2.5544,853,10.0
1,4.1637,853,0.05
1,1.8736,853,0.05
0,1.7831,853,0.05
1,3.2409,853,0.05
1,1.0374,853,0.05
0,2.3854,853,0.05
1,1.1185,853,0.05
1,1.2214,853,0.05
1,6.1197,853,0.05
1,2.5387,853,0.05
1,2.2404,853,0.05
1,5.9712,853,0.05
0,4.7656,853,0.05
1,1.8764,853,0.05
1,4.0416,853,0.05
0,7.8224,853,10.0
1,1.7058,853,10.0
1,3.2073,853,10.0
1,1.3886,853,10.0
1,1.6387,853,10.0
0,3.2593,853,10.0
1,4.6275,853,10.0
1,1.5265,853,10.0
0,2.3046,853,10.0
1,1.2413,853,10.0
1,2.0522,853,10.0
1,2.2445,853,10.0
1,3.1166,853,10.0
1,3.0727,853,10.0
1,3.2426,853,0.05
1,1.478,853,0.05
1,2.0498,853,0.05
1,2.0365,853,0.05
1,2.0787,853,0.05
1,2.2231,853,0.05
1,2.0087,853,0.05
1,5.4741,853,0.05
1,1.2848,853,0.05
1,1.2813,853,0.05
1,1.8221,853,0.05
0,3.8365,854,10.0
1,1.1487,854,10.0
1,2.3018,854,10.0
1,1.4704,854,10.0
1,1.1647,854,10.0
1,1.6334,854,10.0
0,0.9831,854,0.05
0,0.8514,854,0.05
1,1.0308,854,0.05
1,1.389,854,0.05
1,1.1943,854,0.05
0,1.8199,854,0.05
1,1.5076,854,0.05
1,3.9568,854,0.05
1,2.6747,854,10.0
1,1.1574,854,10.0
0,1.0804,854,10.0
1,2.6469,854,10.0
1,1.0143,854,10.0
1,1.3598,854,10.0
1,1.3778,854,10.0
1,1.0525,854,10.0
1,1.4687,854,0.05
1,1.3602,854,0.05
1,1.1237,854,0.05
1,1.1557,854,0.05
1,0.9462,854,0.05
0,1.2866,854,0.05
1,1.6397,854,0.05
1,1.4885,854,10.0
1,2.7336,854,10.0
1,4.1185,854,10.0
1,1.5782,854,0.05
1,1.4015,854,0.05
1,2.6465,854,0.05
1,1.2854,854,10.0
1,1.4336,854,10.0
1,1.6286,854,10.0
1,3.561,854,10.0
1,1.7305,854,10.0
1,1.7889,854,10.0
1,2.4679,854,10.0
0,3.0346,854,0.05
1,1.0494,854,0.05
0,1.3727,854,0.05
0,2.2524,854,0.05
1,1.1924,854,0.05
1,2.5801,854,0.05
0,3.1835,854,0.05
1,2.0428,854,0.05
0,3.7198,854,0.05
1,3.057,854,0.05
1,1.4321,854,0.05
1,0.9489,854,0.05
1,1.6452,854,0.05
1,1.1394,854,10.0
0,1.313,854,10.0
1,1.7307,854,10.0
0,1.8823,854,10.0
1,1.5137,854,10.0
1,3.7831,854,10.0
0,2.3617,854,10.0
1,1.3613,854,0.05
0,1.622,854,0.05
1,0.966,854,0.05
1,1.1287,854,0.05
1,1.1435,854,0.05
1,0.9455,854,0.05
1,1.903785,855,10.0
1,1.139115,855,10.0
1,1.35298,855,10.0
0,4.232775,855,10.0
0,1.80002,855,10.0
0,3.48612,855,10.0
1,2.685695,855,10.0
1,3.009535,855,10.0
1,1.61869,855,10.0
0,1.43661,855,10.0
1,1.487415,855,10.0
1,0.88653,855,10.0
1,1.607955,855,0.05
1,1.80213,855,0.05
0,3.37954,855,0.05
1,1.89709,855,0.05
1,1.925015,855,0.05
1,1.92386,855,0.05
1,3.26935,855,0.05
1,2.544175,855,0.05
0,1.21531,855,0.05
1,1.065525,855,0.05
1,7.28898,855,10.0
0,3.353965,855,10.0
1,1.98804,855,10.0
1,2.28795,855,10.0
0,5.283565,855,10.0
1,2.018855,855,10.0
1,3.19953,855,10.0
1,3.106315,855,10.0
0,1.06154,855,10.0
1,1.649735,855,10.0
0,1.973305,855,10.0
0,1.371685,855,10.0
0,2.057315,855,10.0
1,1.972245,855,10.0
1,1.33271,855,10.0
1,2.20559,855,0.05
0,1.592385,855,0.05
1,1.049915,855,0.05
1,0.871395,855,0.05
1,5.286345,855,0.05
1,2.03937,855,0.05
1,2.505195,855,0.05
0,6.69513,855,0.05
0,2.838395,855,0.05
1,2.557365,855,0.05
1,1.944585,855,0.05
1,3.38771,855,0.05
1,5.796975,855,0.05
1,1.133185,855,0.05
1,1.922875,855,0.05
1,2.812175,855,10.0
0,3.07653,855,10.0
1,2.23847,855,10.0
1,3.689175,855,10.0
0,1.110345,855,10.0
1,1.476395,855,10.0
0,2.06914,855,10.0
1,2.43551,855,10.0
0,7.5139,856,0.05
0,13.0253,856,0.05
1,8.079,856,0.05
0,10.3385,856,0.05
1,8.686,856,0.05
1,6.8724,856,0.05
0,8.2201,856,0.05
1,7.868,856,0.05
1,7.2968,856,0.05
1,7.8455,856,0.05
1,8.0026,856,0.05
1,5.4164,856,0.05
1,4.0296,856,0.05
1,6.0907,856,0.05
1,9.4801,856,0.05
1,4.411,856,10.0
1,5.9208,856,10.0
1,7.1853,856,10.0
0,5.8674,856,10.0
1,8.5535,856,10.0
1,12.1787,856,10.0
0,7.0028,856,10.0
0,8.8451,856,10.0
1,5.5683,856,10.0
0,6.591,856,10.0
1,10.0412,856,10.0
1,7.2051,856,10.0
1,4.8676,856,10.0
0,5.6925,856,10.0
1,2.3224,856,10.0
0,6.3871,856,10.0
1,7.4586,856,10.0
1,8.2137,856,10.0
1,4.4996,856,10.0
1,4.2504,856,0.05
1,2.2791,856,0.05
1,3.5818,856,0.05
1,2.3739,856,0.05
1,2.8863,856,0.05
0,3.0559,856,0.05
1,2.5463,856,0.05
0,3.5474,856,0.05
1,5.6374,856,0.05
1,2.4497,856,0.05
1,2.2466,856,0.05
0,2.1697,856,0.05
1,3.2656,856,0.05
1,2.9174,856,0.05
0,2.8638,856,0.05
0,3.5248,856,0.05
1,2.0035,856,0.05
0,3.8033,856,0.05
1,1.3458,856,0.05
0,1.6209,856,0.05
1,1.7852,856,0.05
1,1.9641,856,0.05
0,1.4307,856,0.05
1,4.3348,856,10.0
1,2.1005,856,10.0
1,1.6979,856,10.0
1,2.4584,856,10.0
1,1.2496,856,10.0
1,1.0242,856,10.0
0,1.3686,856,10.0
1,2.6001,856,10.0
0,2.933,856,10.0
0,1.1816,856,10.0
0,1.9523,856,10.0
1,0.9145,856,10.0
0,1.6881,856,10.0
1,0.9684,856,10.0
1,2.2194,856,10.0
1,2.0519,856,10.0
1,2.901,858,10.0
1,2.9688,858,10.0
1,1.7156,858,10.0
1,2.2607,858,10.0
1,2.6944,858,10.0
1,2.2115,858,10.0
0,2.8948,858,10.0
1,4.1111,858,10.0
1,2.281,858,0.05
0,1.7902,858,0.05
1,2.5278,858,0.05
1,1.6849,858,0.05
0,3.003,858,0.05
0,2.5199,858,0.05
1,3.2514,858,0.05
1,1.7391,858,0.05
1,2.1329,858,0.05
1,1.761,858,0.05
1,1.6943,858,0.05
1,1.8387,858,0.05
1,2.6777,858,0.05
1,2.0778,858,0.05
0,2.4189,858,0.05
1,1.463,858,0.05
1,2.3883,858,10.0
0,2.5105,858,10.0
1,2.5956,858,10.0
1,1.9448,858,10.0
1,1.923,858,10.0
0,1.9102,858,10.0
1,1.6109,858,10.0
0,3.6848,858,10.0
1,1.7854,858,0.05
1,1.9709,858,0.05
0,3.2398,858,0.05
0,2.691,858,0.05
0,2.6037,858,0.05
1,2.7273,858,0.05
1,2.7747,858,0.05
1,2.8713,858,0.05
0,3.4893,858,0.05
0,2.5604,858,0.05
1,2.1191,858,0.05
1,2.7428,858,0.05
1,2.4746,858,0.05
0,3.5044,858,0.05
1,2.1204,858,0.05
1,2.3069,858,10.0
1,2.5057,858,10.0
1,1.8263,858,10.0
1,2.1898,858,10.0
1,1.9473,858,10.0
1,2.3565,858,10.0
0,2.4113,858,10.0
0,2.323,858,10.0
1,2.0047,858,0.05
0,3.1539,858,0.05
1,3.4579,858,0.05
1,1.4781,858,0.05
1,4.0781,858,0.05
1,2.323,858,0.05
1,2.2243,858,0.05
1,2.6384,858,0.05
1,2.1576,858,10.0
0,2.7509,858,10.0
0,3.0678,858,10.0
1,1.413,858,10.0
0,2.5527,858,10.0
1,2.409,858,10.0
1,2.7546,858,10.0
1,1.7149,859,10.0
1,2.423,859,10.0
0,1.0712,859,10.0
1,0.8971,859,10.0
1,1.8611,859,10.0
1,1.8501,859,10.0
1,1.9233,859,10.0
1,1.111,859,0.05
1,1.6672,859,0.05
1,1.234,859,0.05
1,1.5335,859,0.05
0,1.3294,859,0.05
0,3.5003,859,0.05
1,2.1505,859,0.05
1,0.9671,859,0.05
1,3.4865,859,10.0
1,2.8279,859,10.0
1,2.2817,859,10.0
0,2.6822,859,10.0
1,1.4424,859,10.0
0,0.9275,859,10.0
1,1.6966,859,10.0
1,2.9861,859,0.05
0,1.3592,859,0.05
1,0.8755,859,0.05
1,1.161,859,0.05
1,1.861,859,0.05
1,1.1079,859,0.05
1,1.2508,859,0.05
1,1.1838,859,0.05
1,1.517,859,0.05
1,1.5215,859,0.05
1,2.2075,859,0.05
1,1.6932,859,0.05
1,1.9965,859,0.05
0,2.3095,859,0.05
1,2.1504,859,0.05
1,2.1117,859,10.0
0,2.2118,859,10.0
1,1.5297,859,10.0
1,2.0379,859,10.0
1,1.4671,859,10.0
1,1.9241,859,10.0
1,1.8462,859,10.0
1,1.661,859,10.0
1,3.6342,859,10.0
1,1.2597,859,10.0
1,2.0508,859,10.0
0,3.3116,859,10.0
1,1.737,859,10.0
1,1.2522,859,10.0
1,1.6938,859,0.05
1,1.6795,859,0.05
1,1.7433,859,0.05
0,1.5919,859,0.05
1,2.0138,859,0.05
1,1.9127,859,0.05
1,1.3267,859,0.05
0,3.0673,859,10.0
1,1.497,859,10.0
1,1.7464,859,10.0
1,2.1472,859,10.0
1,2.3503,859,10.0
0,1.751,859,10.0
1,1.001,859,10.0
1,1.2341,859,10.0
1,1.6616,859,0.05
1,3.1781,859,0.05
1,3.9006,859,0.05
1,3.6452,859,0.05
0,2.2966,859,0.05
1,2.2401,859,0.05
1,1.8188,859,0.05
1,2.008,859,0.05
1,2.2541,859,10.0
1,1.7098,859,10.0
0,1.7939,859,10.0
1,2.4888,859,10.0
1,2.6352,859,10.0
0,3.1274,859,0.05
1,2.7606,859,0.05
1,1.8773,859,0.05
0,3.893,859,0.05
1,1.6013,859,0.05
1,1.5164,861,10.0
1,1.6415,861,10.0
0,2.5069,861,10.0
1,1.9837,861,10.0
1,1.8372,861,10.0
0,2.3639,861,0.05
1,1.5156,861,0.05
1,1.0966,861,0.05
1,1.3453,861,0.05
1,1.6334,861,0.05
1,1.6847,861,0.05
0,1.9842,861,0.05
1,1.1202,861,0.05
1,1.6839,861,0.05
0,2.0124,861,0.05
1,0.9421,861,0.05
1,0.8429,861,0.05
0,1.1405,861,0.05
1,1.0524,861,0.05
0,1.8061,861,0.05
1,1.7159,861,0.05
1,1.5577,861,0.05
1,1.5477,861,0.05
1,1.6789,861,0.05
1,0.9056,861,0.05
0,2.3358,861,0.05
1,1.2232,861,0.05
1,1.0163,861,0.05
1,0.7631,861,0.05
0,1.4299,861,0.05
0,1.153,861,0.05
0,2.4418,861,0.05
1,2.0737,861,0.05
1,1.3865,861,10.0
1,1.3067,861,10.0
1,1.3939,861,10.0
1,0.8905,861,10.0
0,1.9907,861,10.0
1,0.7677,861,10.0
1,1.9363,861,10.0
1,1.1022,861,10.0
1,1.2357,861,10.0
1,0.9978,861,10.0
0,2.2967,861,10.0
1,1.3485,861,10.0
1,1.4498,861,10.0
1,1.3228,861,0.05
1,1.1748,861,0.05
1,1.4095,861,0.05
1,1.1232,861,0.05
1,0.973,861,0.05
1,1.1714,861,0.05
1,1.0065,861,0.05
1,1.1266,861,0.05
1,1.1234,861,10.0
0,1.0912,861,10.0
1,1.0086,861,10.0
0,1.9038,861,10.0
1,1.1758,861,10.0
1,1.2146,861,10.0
1,0.8703,861,10.0
1,1.1113,861,10.0
1,1.0193,861,0.05
0,1.2643,861,0.05
0,0.9815,861,0.05
1,0.8138,861,0.05
1,1.0261,861,0.05
1,1.9365,861,0.05
0,1.2797,861,0.05
1,0.9524,861,0.05
0,1.0958,861,10.0
1,0.9967,861,10.0
1,0.9477,861,10.0
1,0.9521,861,10.0
1,1.0481,861,10.0
1,0.9479,861,10.0
0,1.1676,861,10.0
1,0.7879,861,10.0
1,2.1105,863,10.0
1,2.9607,863,10.0
0,3.9797,863,10.0
0,2.7792,863,10.0
0,6.5634,863,10.0
1,3.4348,863,10.0
1,2.3515,863,10.0
1,6.5557,863,10.0
1,3.5058,863,0.05
1,3.2196,863,0.05
1,2.2687,863,0.05
1,5.0603,863,0.05
0,3.4035,863,0.05
1,2.4299,863,0.05
1,4.84,863,10.0
1,2.0624,863,10.0
1,5.6667,863,10.0
1,6.4335,863,10.0
1,4.8483,863,10.0
1,2.883,863,10.0
1,2.5595,863,10.0
1,4.334,863,10.0
1,1.8756,863,0.05
1,4.0913,863,0.05
1,3.4684,863,0.05
1,2.0204,863,0.05
1,4.0637,863,0.05
1,4.7175,863,0.05
1,2.6109,863,0.05
1,1.9809,863,0.05
0,2.6009,863,10.0
0,3.694,863,10.0
0,3.614,863,10.0
1,6.1305,863,10.0
1,1.9336,863,10.0
1,2.7667,863,10.0
1,3.4668,863,10.0
1,1.818,863,10.0
0,1.7753,863,10.0
1,2.9539,863,10.0
1,1.4896,863,10.0
1,5.0312,863,10.0
1,1.7874,863,10.0
0,1.623,863,10.0
0,1.427,863,10.0
1,2.4288,863,0.05
0,3.7823,863,0.05
1,1.9339,863,0.05
1,5.5926,863,0.05
0,2.7184,863,0.05
1,2.101,863,0.05
0,3.2068,863,0.05
1,1.7778,863,0.05
1,1.4727,863,0.05
0,2.242,863,0.05
1,1.1769,863,0.05
0,1.3408,863,0.05
1,2.1388,863,0.05
1,3.842,863,0.05
0,2.8789,863,0.05
1,1.519,863,0.05
0,3.6842,863,0.05
1,1.9467,863,0.05
0,6.2669,863,0.05
1,2.5156,863,0.05
1,6.1328,863,0.05
0,1.03,863,0.05
1,0.9841,863,0.05
1,3.4329,863,0.05
1,1.7476,863,10.0
1,2.1499,863,10.0
1,1.1171,863,10.0
1,1.6166,863,10.0
0,4.2494,863,10.0
1,1.5004,863,10.0
1,1.3931,863,10.0
1,2.2837,863,10.0
1,1.9811,863,0.05
0,1.134,863,0.05
1,3.1323,863,0.05
1,1.8009,863,0.05
0,4.1414,863,0.05
1,2.093,863,0.05
0,1.9759,863,0.05
1,1.3861,863,0.05
0,2.3141,863,10.0
0,3.75,863,10.0
1,0.9001,863,10.0
1,1.4963,863,10.0
0,2.1621,863,10.0
1,2.3505,863,10.0
0,2.3333,863,10.0
1,1.8506,863,10.0
0,1.4031,864,0.05
0,1.1636,864,0.05
0,0.8701,864,0.05
1,1.1102,864,0.05
1,0.764,864,0.05
1,1.4188,864,0.05
1,1.5939,864,10.0
0,2.151,864,10.0
1,1.7834,864,10.0
0,1.4067,864,10.0
0,1.1328,864,10.0
1,1.1201,864,10.0
1,1.0414,864,10.0
1,1.0783,864,0.05
1,1.4675,864,0.05
1,1.1581,864,0.05
1,1.1861,864,0.05
1,1.79,864,0.05
0,1.1185,864,0.05
0,1.0945,864,10.0
0,1.4197,864,10.0
1,1.108,864,10.0
1,1.4464,864,10.0
0,1.1519,864,10.0
1,1.6689,864,10.0
0,0.962,864,10.0
1,0.9013,864,10.0
0,1.6108,864,10.0
0,1.3948,864,10.0
0,0.8568,864,10.0
1,1.9722,864,10.0
1,1.0243,864,10.0
1,1.0725,864,10.0
1,1.0039,864,10.0
1,0.9236,864,10.0
1,0.8125,864,0.05
0,1.9499,864,0.05
1,0.9006,864,0.05
1,1.2317,864,0.05
0,1.2841,864,0.05
1,2.0819,864,0.05
1,1.8671,864,10.0
1,1.354,864,10.0
1,1.7432,864,10.0
1,2.0209,864,10.0
1,1.4458,864,10.0
0,2.229,864,10.0
1,1.1203,864,10.0
1,1.3002,864,10.0
0,1.0476,864,0.05
1,0.9376,864,0.05
1,0.9867,864,0.05
1,1.1706,864,0.05
0,0.8538,864,0.05
1,1.7992,864,0.05
1,1.1905,864,10.0
1,2.1725,864,10.0
0,1.8809,864,10.0
1,0.7873,864,10.0
1,0.8245,864,10.0
1,1.1239,864,10.0
0,1.0089,864,10.0
1,1.2987,864,10.0
1,1.7923,864,0.05
1,0.7502,864,0.05
1,0.9343,864,0.05
1,1.0026,864,0.05
0,1.1111,864,0.05
0,1.5308,864,0.05
1,0.818,864,0.05
0,1.4831,864,0.05
0,1.3332,864,0.05
1,1.143,864,0.05
1,0.5092,864,0.05
1,0.7223,864,0.05
1,0.6263,864,0.05
1,1.0618,864,0.05
1,0.9509,864,0.05
1,0.7027,864,10.0
1,1.4566,864,10.0
0,1.4766,864,10.0
1,0.9728,864,10.0
1,0.7673,864,10.0
1,1.0337,864,10.0
1,1.5889,864,10.0
1,0.9761,864,10.0
1,20.4526,865,0.05
1,23.0865,865,0.05
1,21.3307,865,0.05
1,7.2576,865,0.05
0,2.4925,865,0.05
1,5.4266,865,0.05
0,1.245,865,0.05
0,2.0286,865,0.05
1,1.0928,865,0.05
1,1.7075,865,0.05
1,1.0065,865,0.05
0,1.7591,865,0.05
1,2.3444,865,0.05
1,1.7087,865,0.05
1,2.492,865,0.05
1,14.118,865,10.0
1,1.5244,865,10.0
0,2.6522,865,10.0
1,0.9435,865,10.0
1,2.742,865,10.0
0,3.873,865,10.0
0,2.6675,865,10.0
1,2.0763,865,10.0
1,1.2734,865,10.0
0,11.5864,865,10.0
0,5.3528,865,10.0
0,1.4892,865,10.0
0,5.258,865,10.0
1,2.1575,865,10.0
1,1.7254,865,10.0
1,20.6688,865,0.05
1,22.94,865,0.05
1,22.4535,865,0.05
1,21.7142,865,0.05
1,21.8108,865,0.05
1,18.9281,865,0.05
1,19.035,865,10.0
1,22.2101,865,10.0
1,20.3118,865,10.0
1,21.4416,865,10.0
0,21.6223,865,10.0
1,20.6799,865,10.0
1,22.1784,865,10.0
1,22.7025,865,10.0
1,22.3163,865,10.0
1,22.9615,865,10.0
1,3.8902,865,0.05
1,22.6976,865,0.05
1,18.2509,865,0.05
1,2.9235,865,0.05
1,1.623,865,0.05
1,2.1106,865,10.0
1,1.9733,865,10.0
1,1.757,865,10.0
1,2.208,865,10.0
1,5.1902,865,10.0
1,2.5423,865,10.0
0,4.8294,865,10.0
1,22.0616,865,10.0
1,2.9078,865,0.05
1,2.1381,865,0.05
0,2.9914,865,0.05
1,2.0852,865,0.05
1,1.4451,865,0.05
1,1.3314,865,0.05
1,2.3113,865,0.05
0,2.042,865,0.05
0,2.497,866,10.0
1,3.062,866,10.0
1,3.884,866,10.0
1,2.17,866,10.0
0,5.138,866,10.0
1,3.349,866,10.0
1,2.216,866,10.0
1,3.793,866,0.05
1,3.391,866,0.05
0,2.852,866,0.05
1,2.75,866,0.05
1,1.975,866,0.05
1,4.402,866,0.05
1,2.668,866,0.05
1,3.032,866,10.0
0,1.909,866,10.0
1,3.678,866,10.0
0,4.305,866,10.0
1,3.299,866,10.0
1,5.416,866,10.0
1,3.164,866,10.0
1,4.119,866,0.05
1,2.554,866,0.05
0,2.302,866,0.05
1,1.089,866,0.05
1,1.929,866,0.05
1,1.836,866,0.05
1,1.067,866,0.05
1,3.876,866,0.05
0,2.921,866,0.05
1,2.223,866,0.05
0,3.888,866,0.05
0,5.018,866,0.05
1,2.093,866,0.05
1,2.68,866,0.05
0,4.59,866,0.05
1,3.54,866,0.05
1,1.763,866,0.05
1,2.318,866,0.05
1,1.92,866,0.05
1,1.869,866,0.05
1,3.671,866,0.05
0,2.132,866,0.05
0,2.086,866,0.05
1,2.34,866,0.05
1,2.335,866,10.0
1,2.472,866,10.0
1,2.669,866,10.0
1,4.114,866,10.0
1,3.225,866,10.0
1,4.339,866,10.0
1,3.503,866,10.0
1,2.76,866,10.0
1,3.05,866,10.0
0,3.421,866,10.0
0,2.193,866,10.0
1,1.814,866,10.0
1,4.466,866,10.0
1,2.388,866,10.0
0,3.604,866,0.05
1,2.673,866,0.05
0,3.336,866,0.05
1,2.162,866,0.05
0,4.486,866,0.05
1,3.403,866,0.05
1,1.762,866,0.05
1,1.239,866,0.05
1,5.996,866,0.05
1,3.106,866,0.05
0,2.523,866,0.05
1,1.285,866,0.05
1,3.442,866,0.05
1,1.143,866,0.05
1,2.21,866,0.05
1,1.995,866,0.05
1,3.476,866,10.0
1,3.693,866,10.0
1,2.389,866,10.0
1,2.891,866,10.0
1,5.8,866,10.0
0,2.119,866,10.0
1,4.8253,867,10.0
1,6.2689,867,10.0
1,6.1718,867,10.0
1,4.2501,867,10.0
1,4.3754,867,10.0
1,6.136,867,10.0
1,2.8591,867,0.05
1,3.0482,867,0.05
0,4.5844,867,0.05
1,1.8925,867,0.05
1,3.7069,867,0.05
0,5.6513,867,0.05
1,1.9037,867,0.05
0,2.9732,867,0.05
1,3.8582,867,10.0
1,4.3979,867,10.0
1,2.8586,867,10.0
1,5.8561,867,10.0
1,7.8836,867,10.0
1,2.5802,867,10.0
1,3.9628,867,10.0
1,3.2678,867,10.0
1,3.099,867,0.05
1,5.036,867,0.05
1,6.8836,867,0.05
1,2.5322,867,0.05
1,4.9582,867,0.05
0,7.607,867,0.05
1,2.2685,867,0.05
1,4.1175,867,0.05
0,8.2659,867,10.0
1,3.201,867,10.0
0,5.2934,867,10.0
1,2.5155,867,10.0
1,3.9328,867,10.0
1,7.2347,867,10.0
1,7.548,867,10.0
0,3.557,867,10.0
1,4.0842,867,10.0
1,2.8029,867,10.0
1,3.605,867,10.0
1,3.0131,867,10.0
0,4.2206,867,10.0
0,4.8348,867,10.0
1,4.0517,867,10.0
1,2.5736,867,10.0
0,3.1629,867,10.0
1,1.7791,867,10.0
1,2.4926,867,10.0
1,2.0011,867,10.0
1,2.1331,867,10.0
0,6.6002,867,10.0
1,1.8674,867,10.0
0,3.0807,867,0.05
1,2.5991,867,0.05
1,1.9513,867,0.05
1,2.0346,867,0.05
1,1.9845,867,0.05
1,2.6176,867,0.05
1,1.6981,867,0.05
1,2.8831,867,0.05
1,2.6356,867,0.05
1,4.9934,867,0.05
1,2.0659,867,0.05
0,4.3015,867,0.05
1,1.9469,867,0.05
1,3.4406,867,0.05
1,2.1687,867,0.05
1,1.7424,867,0.05
0,2.9283,867,10.0
0,2.1451,867,10.0
0,4.6637,867,10.0
1,5.0769,867,10.0
0,3.6807,867,10.0
1,3.7069,867,10.0
1,1.7773,867,10.0
1,1.8911,867,10.0
1,3.4476,868,10.0
1,2.7711,868,10.0
1,4.0633,868,10.0
1,4.2958,868,10.0
1,4.3823,868,10.0
1,3.4826,868,10.0
1,4.7428,868,10.0
0,3.3604,868,10.0
1,4.6485,868,0.05
1,2.4654,868,0.05
1,1.9855,868,0.05
1,4.3092,868,0.05
1,3.3248,868,0.05
1,2.7275,868,0.05
1,4.1365,868,0.05
0,3.9444,868,0.05
1,3.923,868,0.05
1,2.3623,868,0.05
1,3.8035,868,0.05
1,3.5693,868,0.05
1,3.3249,868,0.05
0,5.1566,868,0.05
1,5.2711,868,0.05
1,5.6388,868,0.05
0,4.9708,868,10.0
1,4.2188,868,10.0
0,6.0705,868,10.0
1,2.915,868,10.0
1,6.1339,868,10.0
1,3.3377,868,10.0
0,6.723,868,10.0
1,4.1884,868,10.0
1,2.7336,868,10.0
1,5.6766,868,10.0
1,2.4931,868,10.0
0,3.1659,868,10.0
0,2.2042,868,10.0
1,3.8331,868,10.0
1,2.6162,868,10.0
0,5.2303,868,10.0
1,4.3652,868,0.05
1,5.5584,868,0.05
1,3.2819,868,0.05
1,4.3152,868,0.05
0,6.4584,868,0.05
1,6.8657,868,0.05
1,4.8704,868,0.05
1,5.599,868,0.05
1,2.5666,868,10.0
0,5.7641,868,10.0
1,3.0184,868,10.0
1,2.9758,868,10.0
1,3.0703,868,10.0
1,2.312,868,10.0
1,6.2074,868,10.0
1,4.3993,868,10.0
1,3.0284,868,0.05
1,5.2628,868,0.05
0,4.4534,868,0.05
1,3.5983,868,0.05
0,6.155,868,0.05
1,3.4869,868,0.05
1,4.5175,868,0.05
1,3.474,868,0.05
1,3.3198,868,0.05
1,5.047,868,0.05
0,4.1768,868,0.05
1,3.2321,868,0.05
1,3.3097,868,0.05
1,5.9283,868,0.05
0,2.9521,868,0.05
1,3.9347,868,0.05
1,2.1246,868,0.05
1,2.2489,868,0.05
0,4.8292,868,0.05
1,3.0016,868,0.05
0,2.7764,868,0.05
1,2.1008,868,0.05
1,3.6451,868,0.05
1,1.7471,868,0.05
0,4.9961,868,10.0
1,2.8314,868,10.0
1,1.811,868,10.0
1,2.4454,868,10.0
1,5.6382,868,10.0
1,4.7266,868,10.0
1,1.6213,868,10.0
1,3.7025,868,10.0
1,3.5143,868,10.0
0,4.3811,868,10.0
0,6.2752,868,10.0
1,2.6298,868,10.0
1,3.4446,868,10.0
1,3.7979,868,10.0
0,6.6411,868,10.0
1,3.2306,868,10.0
1,5.5733,869,10.0
1,2.7721,869,10.0
1,3.6964,869,10.0
1,1.8613,869,10.0
1,2.322,869,10.0
0,4.7072,869,10.0
1,2.6549,869,10.0
1,1.9632,869,10.0
1,2.1008,869,10.0
1,1.9489,869,10.0
1,7.2467,869,10.0
0,8.1891,869,10.0
1,2.8895,869,10.0
1,4.6691,869,10.0
1,4.6688,869,10.0
1,4.6013,869,10.0
0,2.755,869,10.0
1,4.6534,869,0.05
1,1.8769,869,0.05
1,6.0989,869,0.05
1,3.8942,869,0.05
1,3.0356,869,0.05
1,1.8169,869,0.05
1,2.5244,869,10.0
0,3.2115,869,10.0
1,2.8552,869,10.0
0,2.2712,869,10.0
1,1.8198,869,10.0
1,5.171,869,10.0
0,4.5927,869,10.0
0,5.3585,869,10.0
1,5.5548,869,0.05
1,1.6022,869,0.05
1,2.1735,869,0.05
1,2.1223,869,0.05
0,3.6438,869,0.05
0,5.8471,869,0.05
0,4.1455,869,0.05
1,2.9901,869,0.05
1,4.3074,869,0.05
1,1.5509,869,0.05
1,5.5433,869,0.05
1,1.4729,869,0.05
1,6.2692,869,0.05
1,1.6343,869,0.05
1,3.2081,869,0.05
1,3.2149,869,10.0
0,7.0939,869,10.0
1,1.6524,869,10.0
1,1.67,869,10.0
1,1.8418,869,10.0
1,6.0184,869,10.0
1,1.474,869,10.0
0,4.5084,869,10.0
1,3.0737,869,0.05
1,1.769,869,0.05
1,1.9563,869,0.05
1,1.3057,869,0.05
1,1.5529,869,0.05
1,2.8591,869,0.05
1,2.1066,869,0.05
0,1.5383,869,0.05
1,1.8382,869,10.0
1,1.7216,869,10.0
1,1.9124,869,10.0
1,1.6954,869,10.0
1,6.9834,869,10.0
1,7.3332,869,10.0
1,1.8384,869,10.0
1,5.3572,869,10.0
1,1.5792,871,0.05
0,1.6256,871,0.05
0,2.1319,871,0.05
1,2.1337,871,0.05
1,4.0497,871,0.05
0,1.7156,871,0.05
1,1.814,871,0.05
1,1.4755,871,0.05
1,1.5264,871,10.0
0,2.3672,871,10.0
1,2.3122,871,10.0
0,3.4446,871,10.0
1,2.2156,871,10.0
1,2.6205,871,10.0
1,4.3574,871,10.0
1,1.9176,871,0.05
1,1.9903,871,0.05
1,3.3209,871,0.05
1,3.105,871,0.05
1,1.7176,871,0.05
0,3.2281,871,0.05
1,3.1215,871,0.05
0,3.9514,871,10.0
0,1.5152,871,10.0
1,2.7884,871,10.0
1,1.2339,871,10.0
1,1.205,871,10.0
0,1.5464,871,10.0
0,2.8782,871,10.0
0,1.6881,871,10.0
1,3.1378,871,10.0
0,2.5177,871,10.0
1,1.7586,871,0.05
1,1.8466,871,0.05
0,2.6543,871,0.05
1,1.1633,871,0.05
0,2.3716,871,0.05
1,1.9202,871,0.05
1,3.0677,871,0.05
1,3.3124,871,0.05
1,1.873,871,0.05
1,3.7492,871,0.05
1,1.4283,871,0.05
1,1.5558,871,0.05
1,1.0654,871,0.05
0,0.8973,871,0.05
0,1.0817,871,0.05
1,1.2299,871,0.05
0,2.6108,871,10.0
1,1.3126,871,10.0
1,2.8561,871,10.0
1,1.995,871,10.0
0,2.4641,871,10.0
1,2.9705,871,10.0
1,1.9702,871,10.0
0,1.8678,871,10.0
1,1.0123,871,0.05
1,1.22,871,0.05
1,3.5244,871,0.05
1,3.6819,871,0.05
0,2.0146,871,0.05
1,3.9668,871,0.05
1,4.1408,871,0.05
1,1.7526,871,0.05
1,1.5894,871,0.05
1,1.7123,871,0.05
1,2.2367,871,0.05
1,2.1113,871,0.05
1,2.5368,871,0.05
0,2.7699,871,0.05
0,2.5357,871,0.05
1,1.2668,871,0.05
1,2.5718,871,10.0
1,1.7762,871,10.0
1,1.7767,871,10.0
0,3.3738,871,10.0
1,4.0018,871,10.0
0,2.5236,871,10.0
1,2.0551,871,10.0
1,3.2234,871,10.0
1,1.5598,871,10.0
1,2.2577,871,10.0
1,3.1087,871,10.0
1,2.9169,871,10.0
1,1.9548,871,10.0
0,2.9325,871,10.0
1,2.3318,871,10.0
1,2.0952,871,10.0
1,2.8179,872,10.0
1,1.6469,872,10.0
1,4.2491,872,10.0
1,2.0448,872,10.0
1,3.2934,872,10.0
1,1.8457,872,10.0
0,1.501,872,10.0
1,2.2535,872,10.0
1,1.5175,872,10.0
1,1.6162,872,10.0
0,1.4354,872,10.0
0,1.7459,872,10.0
1,2.2356,872,10.0
0,1.6267,872,0.05
0,1.0663,872,0.05
0,0.5142,872,0.05
0,2.1642,872,0.05
1,0.9681,872,0.05
0,1.1025,872,0.05
1,4.6691,872,0.05
1,5.6856,872,0.05
1,2.3525,872,0.05
1,2.5971,872,0.05
1,3.2311,872,0.05
1,7.3975,872,10.0
1,1.7389,872,10.0
1,1.2337,872,10.0
1,0.9898,872,10.0
0,1.7538,872,0.05
1,0.6442,872,0.05
1,1.157,872,0.05
1,0.7164,872,0.05
0,0.6376,872,0.05
1,0.5829,872,0.05
1,0.771,872,0.05
1,2.5889,872,0.05
1,1.219,872,10.0
0,1.0531,872,10.0
1,1.2703,872,10.0
1,1.1206,872,10.0
0,3.3554,872,10.0
1,0.9038,872,10.0
0,0.8831,872,0.05
1,0.8108,872,0.05
1,0.816,872,0.05
1,0.9756,872,0.05
1,0.9492,872,0.05
0,0.6533,872,0.05
0,1.1006,872,0.05
1,0.652,872,0.05
1,4.1015,873,0.05
1,17.2705,873,0.05
1,17.508,873,0.05
0,2.9284,873,0.05
1,6.9102,873,0.05
1,4.6355,873,0.05
1,1.915,873,0.05
1,2.5761,873,0.05
1,19.7819,873,10.0
1,20.05,873,10.0
0,9.4664,873,10.0
1,6.6844,873,10.0
1,15.6335,873,10.0
1,18.2504,873,10.0
1,15.5676,873,10.0
1,16.1668,873,10.0
1,17.7994,873,10.0
1,17.3332,873,10.0
1,18.5178,873,10.0
1,17.5847,873,10.0
1,17.835,873,10.0
1,18.1168,873,10.0
1,17.5514,873,10.0
1,18.9502,873,10.0
1,2.1171,873,0.05
1,1.3826,873,0.05
0,4.4514,873,0.05
1,2.8166,873,0.05
1,2.3624,873,0.05
0,2.6863,873,0.05
1,2.866,873,0.05
1,2.4842,873,0.05
0,1.5348,873,0.05
1,1.3335,873,0.05
1,1.7841,873,0.05
1,3.0347,873,0.05
1,4.7675,873,0.05
1,1.8329,873,0.05
1,1.3661,873,0.05
1,1.7834,873,0.05
1,19.0326,873,10.0
1,19.4832,873,10.0
1,19.8822,873,10.0
1,18.1837,873,10.0
1,19.033,873,10.0
1,18.9504,873,10.0
1,19.0009,873,10.0
1,18.1505,873,10.0
1,4.5842,873,0.05
1,1.1001,873,0.05
1,1.2672,873,0.05
1,1.1173,873,0.05
1,2.5839,873,0.05
1,1.3002,873,0.05
1,1.3176,873,0.05
1,15.5668,873,10.0
1,20.1,873,10.0
0,17.8333,873,10.0
1,18.933,873,10.0
1,20.0343,873,10.0
0,16.0846,873,10.0
1,18.6279,873,10.0
1,19.0068,873,10.0
1,1.5567,873,0.05
1,1.0419,873,0.05
1,1.9451,873,0.05
1,1.1784,873,0.05
1,1.0325,873,0.05
1,1.1603,873,0.05
0,3.4977,873,0.05
0,2.8029,873,0.05
1,18.834,873,10.0
1,16.9011,873,10.0
1,18.7508,873,10.0
1,17.701,873,10.0
0,18.434,873,10.0
0,20.4176,873,10.0
0,20.3336,873,10.0
1,17.8509,873,10.0
1,2.2663,873,0.05
1,1.2494,873,0.05
1,1.2014,873,0.05
1,1.9497,873,0.05
1,2.0003,873,0.05
1,1.0843,873,0.05
1,0.785,873,0.05
1,2.0508,873,0.05
1,1.3524,874,10.0
1,1.8913,874,10.0
1,1.3986,874,10.0
1,1.7934,874,10.0
1,1.5543,874,10.0
0,3.343,874,10.0
1,2.1643,874,10.0
0,1.9046,874,0.05
0,2.4838,874,0.05
1,2.4803,874,0.05
0,2.39,874,0.05
1,3.0975,874,0.05
0,2.4502,874,0.05
0,3.3371,874,0.05
1,1.3901,874,0.05
0,1.8498,874,0.05
0,2.8216,874,0.05
1,1.3742,874,0.05
0,2.4158,874,0.05
1,1.7202,874,0.05
0,1.4851,874,0.05
0,2.4846,874,0.05
1,1.3981,874,10.0
1,1.6051,874,10.0
0,2.1342,874,10.0
1,1.5547,874,10.0
1,1.9982,874,10.0
0,1.4885,874,10.0
1,3.7014,874,10.0
1,3.4109,874,10.0
1,1.2831,874,10.0
1,1.6872,874,10.0
0,2.1308,874,10.0
1,3.7478,874,10.0
1,2.0224,874,10.0
1,1.5042,874,10.0
1,1.4332,874,10.0
1,1.4592,874,10.0
0,2.4667,874,10.0
1,2.2374,874,10.0
0,3.2933,874,10.0
1,1.7144,874,10.0
0,1.4465,874,10.0
1,2.5603,874,0.05
1,4.0759,874,0.05
0,2.9475,874,0.05
1,2.0646,874,0.05
0,2.028,874,0.05
0,1.5986,874,0.05
1,1.8963,874,0.05
1,2.6398,874,0.05
0,2.9379,874,10.0
0,1.4728,874,10.0
1,2.7892,874,10.0
1,1.1859,874,10.0
1,2.1157,874,10.0
1,2.0195,874,10.0
0,3.2287,874,10.0
1,2.0323,874,10.0
1,1.7308,874,10.0
0,1.6499,874,10.0
1,1.6057,874,10.0
0,1.6797,874,10.0
1,1.5826,874,10.0
1,2.0698,874,10.0
1,1.8201,874,10.0
1,2.1846,874,10.0
0,1.8786,874,0.05
1,1.1891,874,0.05
0,3.5971,874,0.05
1,1.6147,874,0.05
0,1.8135,874,0.05
1,1.5716,874,0.05
1,2.1175,874,0.05
0,1.8034,874,0.05
1,2.1706,874,0.05
0,1.2644,874,0.05
1,1.6041,874,0.05
1,1.6371,874,0.05
0,1.3802,874,0.05
1,1.7363,874,0.05
1,1.7943,874,0.05
1,1.8152,874,0.05
1,2.8845,875,10.0
1,2.5253,875,10.0
1,2.5203,875,10.0
1,2.1745,875,10.0
1,2.1847,875,10.0
1,2.4021,875,10.0
1,2.3354,875,10.0
1,1.9838,875,10.0
1,2.3148,875,0.05
1,2.0113,875,0.05
1,2.7087,875,0.05
1,2.2192,875,0.05
0,3.2708,875,0.05
1,3.0452,875,0.05
0,2.2161,875,0.05
0,1.5212,875,0.05
1,1.7518,875,0.05
1,2.6425,875,0.05
1,2.2823,875,0.05
0,2.7599,875,0.05
1,2.4687,875,0.05
1,3.091,875,0.05
1,2.4867,875,0.05
1,2.7834,875,0.05
0,1.9263,875,0.05
1,2.3193,875,0.05
1,2.3517,875,0.05
0,2.361,875,0.05
1,2.034,875,0.05
1,2.2438,875,0.05
1,2.6853,875,0.05
1,1.7975,875,0.05
1,2.623,875,10.0
0,2.5489,875,10.0
1,2.7336,875,10.0
1,2.412,875,10.0
1,3.7556,875,10.0
0,2.819,875,10.0
1,3.1926,875,10.0
1,3.4905,875,10.0
1,2.6397,875,10.0
1,2.808,875,10.0
1,2.623,875,10.0
1,2.5017,875,10.0
0,2.4419,875,10.0
0,2.409,875,10.0
1,3.3144,875,10.0
1,3.3674,875,10.0
1,2.6472,875,0.05
1,1.9957,875,0.05
1,3.1139,875,0.05
1,3.0436,875,0.05
1,2.6836,875,0.05
0,3.1627,875,0.05
1,3.0296,875,0.05
0,3.1881,875,0.05
1,2.3254,875,0.05
1,2.2578,875,0.05
1,2.0703,875,0.05
1,1.5433,875,0.05
1,1.7119,875,0.05
1,1.4544,875,0.05
0,1.8565,875,0.05
1,1.5817,875,0.05
1,1.4334,875,10.0
1,1.9044,875,10.0
1,1.3796,875,10.0
0,1.687,875,10.0
1,1.7945,875,10.0
1,2.5886,875,10.0
1,1.7541,875,10.0
1,1.3512,875,10.0
0,1.6465,875,10.0
0,1.3417,875,10.0
1,1.3546,875,10.0
1,1.8574,875,10.0
1,1.1484,875,10.0
1,1.5838,875,10.0
1,1.5807,875,10.0
0,1.5325,875,10.0
0,1.5889,875,0.05
1,1.8292,875,0.05
1,1.0613,875,0.05
0,2.0143,875,0.05
0,1.7199,875,0.05
1,1.5652,875,0.05
0,1.2106,875,0.05
1,1.7492,875,0.05
1,2.8524,876,0.05
1,4.3107,876,0.05
1,1.9842,876,0.05
1,1.9293,876,0.05
1,3.3574,876,0.05
1,2.0145,876,0.05
1,4.3051,876,10.0
0,5.5167,876,10.0
1,2.4579,876,10.0
1,1.9465,876,10.0
0,4.1974,876,10.0
1,5.2898,876,0.05
0,3.775,876,0.05
1,3.7736,876,0.05
0,1.4578,876,0.05
1,2.9366,876,0.05
1,2.3277,876,0.05
1,2.3936,876,0.05
0,2.6045,876,0.05
1,1.6879,876,0.05
1,1.5544,876,0.05
1,2.2419,876,0.05
1,3.0575,876,0.05
1,1.3892,876,10.0
0,2.7651,876,10.0
1,2.4363,876,10.0
1,2.9435,876,10.0
1,2.7989,876,10.0
1,5.5865,876,0.05
0,2.589,876,0.05
1,3.2336,876,0.05
1,1.8588,876,0.05
1,1.7338,876,0.05
1,1.2838,876,0.05
1,4.2835,876,0.05
1,1.6004,876,0.05
1,1.623,876,0.05
0,1.4812,876,0.05
1,1.2836,876,0.05
1,1.294,876,0.05
1,5.2667,876,0.05
0,3.4273,876,0.05
1,1.1491,876,0.05
1,1.5574,876,0.05
1,2.4671,876,0.05
0,3.25,876,0.05
1,1.0976,876,0.05
1,1.4979,876,10.0
1,1.7597,876,10.0
1,1.4321,876,10.0
1,2.6975,876,10.0
1,1.5018,876,10.0
1,6.5974,876,10.0
1,1.9658,876,10.0
1,1.2659,876,10.0
1,2.4244,876,10.0
1,1.6046,876,10.0
1,1.1629,876,10.0
1,1.6379,876,10.0
0,4.451,876,10.0
1,2.5012,876,10.0
1,1.7976,876,10.0
0,8.1324,877,10.0
1,13.0551,877,10.0
1,3.9656,877,10.0
1,6.4362,877,10.0
1,4.3405,877,10.0
1,2.4295,877,10.0
1,3.3641,877,10.0
1,7.0739,877,0.05
1,7.9535,877,0.05
1,6.7713,877,0.05
1,2.7264,877,0.05
0,12.8779,877,0.05
1,2.6519,877,0.05
0,12.2535,877,0.05
1,2.9431,877,10.0
1,14.8468,877,10.0
0,13.5542,877,10.0
1,7.1292,877,10.0
1,4.3611,877,10.0
0,2.2923,877,10.0
1,3.5233,877,10.0
1,13.3251,877,10.0
0,7.9264,877,10.0
1,6.2243,877,10.0
0,10.3446,877,10.0
1,7.2506,877,10.0
1,5.2163,877,10.0
1,5.9359,877,0.05
0,2.6861,877,0.05
0,13.9152,877,0.05
0,4.2965,877,0.05
1,3.042,877,0.05
1,4.6282,877,0.05
1,5.6133,877,0.05
1,8.9357,877,0.05
1,3.4803,877,10.0
1,9.1822,877,10.0
1,7.8085,877,10.0
1,10.2395,877,10.0
0,3.833,877,10.0
1,6.0383,877,10.0
0,3.1852,877,10.0
1,4.0598,877,10.0
1,1.942,877,0.05
1,1.7452,877,0.05
0,1.3959,877,0.05
1,1.8278,877,0.05
1,6.5889,877,0.05
0,5.2085,877,0.05
1,2.0963,877,0.05
1,2.4892,877,0.05
1,6.7625,877,10.0
1,4.283,877,10.0
1,1.3102,877,10.0
1,4.9352,877,10.0
0,1.4419,877,10.0
1,3.6474,877,10.0
1,1.6664,877,10.0
1,1.9293,877,10.0
0,5.5391,877,0.05
1,1.6193,877,0.05
1,2.7149,877,0.05
0,5.9581,877,0.05
0,1.66,877,0.05
0,1.5755,877,0.05
1,3.6813,877,0.05
1,1.5582,877,0.05
1,4.7876,878,10.0
1,3.2912,878,10.0
0,1.6138,878,10.0
0,3.1045,878,10.0
1,3.0475,878,10.0
1,4.5861,878,10.0
1,7.4899,878,10.0
0,2.9911,878,0.05
1,5.8189,878,0.05
0,1.8208,878,0.05
1,3.3306,878,0.05
1,6.4592,878,0.05
0,1.4401,878,0.05
0,5.0347,878,0.05
1,2.9312,878,0.05
0,2.2556,878,0.05
0,2.9999,878,0.05
1,2.0754,878,0.05
1,2.6176,878,0.05
0,4.9326,878,0.05
1,2.4154,878,0.05
1,2.8134,878,0.05
1,2.7359,878,0.05
1,3.6629,878,10.0
1,2.1951,878,10.0
1,3.3759,878,10.0
1,3.8807,878,10.0
1,8.007,878,10.0
1,5.4743,878,10.0
1,5.1295,878,0.05
0,3.8203,878,0.05
1,4.0605,878,0.05
1,4.683,878,0.05
1,3.1785,878,0.05
1,3.8938,878,0.05
1,4.5863,878,0.05
1,3.7818,878,10.0
1,4.819,878,10.0
1,3.2086,878,10.0
0,2.2448,878,10.0
1,2.4901,878,10.0
1,2.822,878,10.0
0,3.7356,878,10.0
1,1.8879,878,10.0
1,4.2178,878,10.0
0,1.8968,878,10.0
1,2.6391,878,10.0
1,2.224,878,10.0
1,1.3518,878,0.05
0,3.4929,878,0.05
0,2.2157,878,0.05
0,2.4716,878,0.05
1,2.1947,878,0.05
1,2.8301,878,0.05
1,2.0018,878,0.05
0,1.7238,878,0.05
0,1.8696,878,0.05
1,1.9101,878,0.05
0,2.5368,878,10.0
1,3.5823,878,10.0
1,2.6167,878,10.0
1,3.5738,878,10.0
1,3.3092,878,10.0
1,3.6897,878,10.0
1,4.8858,878,10.0
1,2.3443,878,10.0
0,2.0654,878,0.05
1,3.3174,878,0.05
0,4.307,879,10.0
1,2.0181,879,10.0
1,1.7621,879,10.0
1,2.7369,879,10.0
1,2.6936,879,10.0
1,2.0032,879,0.05
1,3.3978,879,0.05
1,3.1135,879,0.05
1,1.4186,879,0.05
1,3.6488,879,0.05
0,4.1222,879,0.05
1,1.4175,879,0.05
0,2.4391,879,10.0
0,2.041,879,10.0
1,2.1331,879,10.0
1,2.5727,879,10.0
1,2.335,879,10.0
1,1.7577,879,0.05
0,1.7463,879,0.05
0,0.9321,879,0.05
1,2.0488,879,0.05
1,1.6283,879,0.05
1,1.1722,879,0.05
1,1.5141,879,0.05
1,2.9894,879,0.05
1,3.7069,879,0.05
0,5.5392,879,0.05
1,3.6934,879,0.05
1,2.5995,879,0.05
1,2.9491,879,0.05
0,2.4357,879,0.05
0,1.8408,879,0.05
1,2.0658,879,0.05
1,1.7864,879,0.05
1,2.3393,879,0.05
1,2.452,879,10.0
1,1.9093,879,10.0
1,2.6216,879,10.0
1,6.1513,879,10.0
0,5.0097,879,10.0
1,2.428,879,10.0
1,3.268,879,0.05
1,2.311,879,0.05
0,5.3731,879,0.05
1,2.1439,879,0.05
1,3.3829,879,0.05
1,5.1116,879,0.05
1,3.8056,879,0.05
1,3.3713,879,0.05
0,5.4068,879,0.05
1,3.2992,879,0.05
1,4.1518,879,0.05
1,2.8619,879,0.05
1,2.9565,879,0.05
1,5.1765,879,0.05
0,6.4285,879,0.05
1,7.4647,879,0.05
1,3.5116,879,10.0
1,2.94,879,10.0
1,2.7308,881,0.05
1,5.6688,881,0.05
1,6.393,881,0.05
1,5.9334,881,0.05
1,2.5274,881,0.05
1,2.8702,881,0.05
1,3.448,881,0.05
1,5.2125,881,0.05
1,2.9172,881,10.0
0,2.3861,881,10.0
1,2.5145,881,10.0
0,6.4554,881,10.0
0,3.2074,881,10.0
1,4.143,881,10.0
1,3.3512,881,0.05
0,3.0415,881,0.05
1,2.3563,881,0.05
1,3.8113,881,0.05
1,2.4624,881,0.05
0,4.4223,881,0.05
1,2.4769,881,0.05
0,2.243,881,10.0
0,3.2471,881,10.0
0,6.1686,881,10.0
1,4.2877,881,10.0
1,2.602,881,10.0
1,1.9155,881,10.0
0,2.0918,881,10.0
1,2.9798,881,10.0
0,5.5242,881,0.05
0,3.1249,881,0.05
1,3.3292,881,0.05
0,3.1524,881,0.05
1,3.6588,881,0.05
1,2.6116,881,0.05
1,1.808,881,0.05
1,4.9929,881,0.05
1,2.1338,881,0.05
1,2.8973,881,0.05
1,2.7737,881,0.05
1,5.5809,881,0.05
1,4.5135,881,10.0
0,3.4736,881,0.05
1,2.6639,881,0.05
0,1.8485,881,0.05
1,4.1058,881,0.05
1,1.2769,881,0.05
1,1.5579,881,0.05
1,1.6363,881,0.05
0,3.2775,881,0.05
1,4.0129,881,10.0
1,1.6923,881,10.0
0,2.1176,881,10.0
1,2.4331,881,10.0
1,1.6963,881,10.0
1,2.0306,881,10.0
0,2.7579,881,10.0
0,2.9717,881,0.05
0,3.0104,881,0.05
1,1.6796,881,0.05
1,2.9451,881,0.05
1,3.8898,881,0.05
1,1.8415,881,0.05
1,2.1577,881,0.05
1,1.6205,881,0.05
0,3.9626,881,10.0
0,1.3137,881,10.0
0,4.8735,881,10.0
1,1.3773,881,10.0
1,3.5719,881,10.0
0,3.5542,881,10.0
1,1.9101,881,10.0
1,2.4364,881,10.0
1,2.2454,882,0.05
1,1.8503,882,0.05
1,2.6609,882,0.05
1,4.5206,882,0.05
1,3.1619,882,10.0
1,1.8045,882,10.0
1,2.3749,882,10.0
1,2.0729,882,10.0
1,3.1609,882,10.0
1,3.4087,882,10.0
1,1.5685,882,10.0
0,1.7235,882,0.05
1,1.8753,882,0.05
1,2.3536,882,0.05
1,1.307,882,0.05
1,3.4737,882,0.05
1,2.2334,882,0.05
1,4.5049,882,0.05
0,2.6522,882,10.0
0,3.7143,882,10.0
1,1.6512,882,10.0
1,1.3792,882,10.0
1,2.0616,882,10.0
1,3.6677,882,0.05
1,4.0038,882,0.05
0,4.0701,882,0.05
1,1.8549,882,0.05
1,2.578,882,0.05
1,1.6333,882,0.05
1,2.6306,882,10.0
1,1.6223,882,10.0
1,1.4676,882,10.0
1,2.2302,882,10.0
1,1.2911,882,10.0
1,1.7713,882,10.0
1,1.4582,882,10.0
1,2.4913,882,10.0
0,2.0621,882,10.0
1,1.5526,882,10.0
0,1.6998,882,10.0
1,2.3302,882,10.0
0,2.2498,882,10.0
1,1.3516,882,10.0
1,1.2597,882,10.0
1,1.2048,882,0.05
1,2.7245,882,10.0
1,1.6531,882,10.0
1,1.4573,882,10.0
1,1.1955,882,10.0
0,2.3935,882,10.0
0,2.3702,882,10.0
1,1.4194,882,10.0
1,2.6132,882,10.0
1,1.1378,882,0.05
0,1.1595,882,0.05
1,4.781,882,0.05
1,1.6854,882,0.05
1,2.9029,882,0.05
1,2.1625,882,0.05
0,1.9874,882,0.05
1,1.9186,882,0.05
0,1.5998,882,0.05
1,1.5844,882,0.05
0,2.489,882,0.05
1,2.2234,882,0.05
1,1.4455,882,0.05
1,1.4686,882,0.05
1,1.1354,882,0.05
1,2.2486,882,0.05
1,1.3551,882,10.0
1,1.1962,882,10.0
0,3.2777,882,10.0
1,1.354,882,10.0
1,1.1481,882,10.0
0,1.8767,882,10.0
0,1.3821,882,10.0
1,3.1702,882,10.0
1,1.8021,883,10.0
1,2.5595,883,10.0
1,1.7101,883,10.0
1,1.1688,883,10.0
1,2.297,883,10.0
0,2.1581,883,10.0
1,1.6147,883,10.0
1,3.5852,883,10.0
1,1.6942,883,10.0
1,1.3229,883,10.0
1,2.1065,883,10.0
0,2.9442,883,10.0
0,1.1259,883,10.0
1,1.4925,883,10.0
0,3.1218,883,10.0
1,1.36,883,0.05
0,1.2647,883,0.05
1,1.1827,883,0.05
0,2.7148,883,0.05
0,1.531,883,0.05
1,2.7309,883,0.05
1,1.546,883,0.05
0,2.249,883,0.05
1,1.272,883,0.05
1,2.2913,883,0.05
1,1.2947,883,0.05
1,1.2376,883,0.05
1,1.0773,883,0.05
0,1.592,883,0.05
1,1.1672,883,0.05
0,2.019,883,0.05
0,1.3631,883,0.05
1,1.2045,883,0.05
1,2.1714,883,0.05
0,1.4439,883,0.05
1,1.8521,883,0.05
0,2.0243,883,10.0
1,1.3858,883,10.0
1,1.8894,883,10.0
1,1.2747,883,10.0
1,2.3244,883,10.0
0,1.4496,883,10.0
0,2.5973,883,10.0
1,1.0617,883,10.0
0,1.3015,883,0.05
1,1.2138,883,0.05
1,2.8115,883,0.05
1,1.6434,883,0.05
0,1.4543,883,0.05
1,3.442,883,0.05
1,2.1084,883,0.05
1,2.771,883,0.05
1,1.9385,883,10.0
1,3.5324,883,10.0
1,1.6602,883,10.0
1,3.7791,883,10.0
1,2.0065,883,10.0
1,1.7601,883,10.0
1,1.8189,883,10.0
0,2.6063,883,10.0
1,1.153,883,10.0
1,1.5627,883,10.0
1,1.1959,883,10.0
1,2.3213,883,10.0
1,1.0741,883,10.0
1,1.2271,883,10.0
0,1.6525,883,0.05
0,2.7604,883,0.05
1,1.9458,883,0.05
1,1.0634,883,0.05
0,2.3426,883,0.05
1,1.0904,883,0.05
0,2.198,883,0.05
1,1.3779,883,0.05
0,1.4528,883,10.0
1,1.5877,883,10.0
1,1.2254,883,10.0
0,2.3964,883,10.0
1,1.5411,883,10.0
1,2.7972,883,10.0
1,1.1372,883,10.0
0,1.6014,883,10.0
0,2.5205,883,0.05
1,1.1076,883,0.05
0,1.094,883,0.05
1,3.2902,883,0.05
1,0.999,883,0.05
1,1.1246,883,0.05
1,1.1638,883,0.05
0,0.9047,883,0.05
1,1.5489,884,0.05
1,0.8313,884,0.05
1,1.0355,884,0.05
1,1.8876,884,0.05
0,2.0394,884,0.05
1,1.9749,884,0.05
1,1.4726,884,0.05
1,1.2118,884,0.05
1,1.3634,884,0.05
1,1.8195,884,0.05
1,1.1068,884,0.05
0,2.3754,884,0.05
1,1.0024,884,10.0
0,1.148,884,10.0
1,1.3245,884,10.0
1,1.5189,884,10.0
0,1.2135,884,10.0
1,0.9335,884,10.0
1,2.7056,884,10.0
1,1.0529,884,10.0
0,1.6524,884,0.05
1,0.994,884,0.05
1,1.3265,884,0.05
1,1.2088,884,0.05
0,1.7555,884,0.05
0,2.086,884,0.05
0,2.5222,884,0.05
1,1.8752,884,0.05
1,1.3391,884,0.05
1,1.3721,884,0.05
1,0.9929,884,0.05
1,1.2952,884,0.05
1,0.8567,884,0.05
0,0.7541,884,0.05
1,0.6254,884,0.05
1,1.4489,884,0.05
1,0.7083,884,0.05
1,1.1094,884,0.05
1,0.7734,884,0.05
1,1.0797,884,0.05
0,0.7108,884,0.05
1,1.5298,884,10.0
0,1.7217,884,10.0
1,1.1101,884,10.0
1,1.3066,884,10.0
1,1.4944,884,10.0
0,1.1841,884,10.0
1,0.7389,884,10.0
1,0.6263,884,10.0
1,1.792,884,10.0
1,0.8121,884,10.0
0,1.3051,884,10.0
0,1.5509,884,10.0
1,0.8075,884,10.0
1,0.8241,884,10.0
1,1.2514,885,0.05
1,1.564,885,0.05
1,1.0048,885,0.05
1,1.9997,885,0.05
1,1.2432,885,0.05
0,2.2006,885,0.05
1,1.4954,885,0.05
1,4.3442,885,0.05
1,1.2386,885,0.05
1,1.3885,885,0.05
0,1.6817,885,0.05
1,1.282,885,0.05
1,1.2662,885,0.05
1,1.0189,885,0.05
1,1.2239,885,0.05
1,2.2955,885,0.05
1,1.9233,885,10.0
1,1.7673,885,10.0
1,1.1326,885,10.0
1,2.1327,885,10.0
0,1.0779,885,10.0
1,1.3194,885,10.0
1,4.095,885,10.0
1,1.6291,885,10.0
1,1.3236,885,10.0
1,1.2493,885,10.0
1,2.1229,885,10.0
1,1.6655,885,10.0
1,2.2083,885,10.0
1,1.0305,885,10.0
1,1.996,885,10.0
1,2.7119,885,10.0
1,2.1824,885,0.05
1,1.6889,885,0.05
1,1.457,885,0.05
1,1.753,885,0.05
1,2.2096,885,0.05
0,2.1816,885,0.05
1,4.1068,885,0.05
1,4.7784,885,0.05
1,1.8253,885,10.0
1,1.7885,885,10.0
1,1.248,885,10.0
1,2.447,885,10.0
1,1.806,885,10.0
1,2.1889,885,10.0
1,1.3486,885,10.0
0,1.8665,885,10.0
0,1.5135,885,10.0
1,1.6034,885,10.0
1,1.7693,885,10.0
0,1.5463,885,10.0
1,3.6239,885,10.0
1,4.3282,885,10.0
1,4.0896,885,10.0
0,2.0188,885,0.05
1,2.6043,885,0.05
1,1.7652,885,0.05
1,2.6611,885,0.05
1,4.3805,885,0.05
1,3.359,885,0.05
0,2.3227,885,0.05
0,2.5829,885,0.05
0,1.4325,885,0.05
1,3.3823,885,0.05
0,3.6587,885,0.05
0,2.3102,885,0.05
1,1.5833,885,0.05
1,3.9225,885,0.05
1,4.2729,885,0.05
1,2.1686,885,0.05
1,0.9889,885,0.05
1,2.9245,885,0.05
1,3.755,885,0.05
1,3.8783,885,0.05
1,2.5819,885,0.05
0,2.321,885,0.05
1,2.3441,885,10.0
1,2.3333,885,10.0
1,2.0425,885,10.0
0,2.7971,885,10.0
1,1.5562,885,10.0
0,2.142,886,0.05
1,2.4462,886,0.05
1,2.9778,886,0.05
1,2.8452,886,0.05
1,1.2418,886,0.05
0,2.2991,886,0.05
1,1.1501,886,0.05
0,3.5661,886,0.05
1,1.9003,886,0.05
1,2.266,886,0.05
0,2.9501,886,0.05
1,1.7498,886,0.05
1,1.6838,886,0.05
1,3.5995,886,10.0
1,1.2998,886,10.0
1,1.1329,886,10.0
0,1.3174,886,10.0
1,2.4341,886,10.0
1,2.0502,886,10.0
1,1.5668,886,10.0
0,1.4664,886,10.0
1,1.1838,886,10.0
1,1.1166,886,10.0
0,1.9167,886,10.0
0,2.2169,886,10.0
1,2.217,886,10.0
1,1.6004,886,10.0
1,1.6339,886,0.05
0,1.5672,886,0.05
1,3.0683,886,0.05
1,1.403,886,0.05
1,2.7113,886,0.05
1,1.4142,886,0.05
1,2.6125,886,0.05
0,3.5257,886,10.0
1,2.7751,886,10.0
0,1.702,886,10.0
1,3.7813,886,10.0
1,1.7178,886,10.0
1,2.7833,886,10.0
1,2.184,886,10.0
1,2.2835,886,10.0
1,1.6672,886,0.05
1,1.7843,886,10.0
1,2.8168,886,10.0
1,1.3327,886,10.0
0,2.1669,886,10.0
0,2.9675,886,10.0
1,1.15,886,10.0
0,1.8998,886,10.0
1,2.0177,886,10.0
1,2.3,886,10.0
0,2.6336,886,10.0
1,1.3339,886,10.0
0,2.3834,886,10.0
1,4.2003,886,10.0
0,1.5169,886,10.0
0,2.0331,886,10.0
0,2.6171,886,10.0
1,1.5281,886,0.05
1,1.0994,886,0.05
1,1.2994,886,0.05
1,1.8813,886,0.05
0,1.4125,886,0.05
1,1.0692,886,0.05
1,1.7102,886,0.05
1,0.9462,886,0.05
1,1.5197,886,0.05
1,2.078,886,0.05
1,1.3994,886,0.05
1,0.9122,886,0.05
0,1.4028,886,0.05
0,1.8805,886,0.05
0,1.3711,886,0.05
0,1.9864,886,0.05
1,1.0761,887,0.05
0,1.973,887,0.05
0,1.301,887,0.05
1,1.362,887,0.05
0,2.8509,887,0.05
1,3.0413,887,0.05
1,2.1171,887,10.0
0,3.1821,887,10.0
0,1.9057,887,10.0
1,1.5695,887,10.0
1,1.6562,887,10.0
1,2.334,887,10.0
0,2.5016,887,10.0
0,1.6301,887,10.0
1,1.6995,887,0.05
1,1.6241,887,0.05
1,1.9867,887,0.05
0,2.5701,887,0.05
1,1.027,887,0.05
1,1.8663,887,0.05
1,1.6087,887,0.05
1,1.1703,887,10.0
1,1.4863,887,10.0
1,2.5758,887,10.0
1,2.3595,887,10.0
0,3.5627,887,10.0
1,1.3421,887,10.0
1,1.9386,887,10.0
1,1.2438,887,10.0
1,1.4956,887,10.0
0,3.0644,887,10.0
1,2.4339,887,10.0
0,2.797,887,10.0
0,2.3225,887,10.0
1,1.965,887,10.0
0,2.4677,887,10.0
1,1.5542,887,10.0
0,1.4991,887,0.05
1,1.2409,887,0.05
0,1.8468,887,0.05
0,3.7367,887,0.05
1,1.6293,887,0.05
1,1.6381,887,0.05
1,3.3184,887,0.05
1,1.5717,887,0.05
1,2.1175,887,10.0
1,1.6271,887,10.0
0,1.629,887,10.0
1,2.5166,887,10.0
0,1.8316,887,10.0
1,1.5942,887,10.0
1,3.1943,887,0.05
1,2.7908,887,0.05
1,1.2225,887,0.05
1,3.3982,887,0.05
1,1.4647,887,0.05
1,2.7338,887,0.05
1,2.2018,887,0.05
1,2.0225,887,0.05
1,1.1627,887,0.05
1,2.1209,887,0.05
1,1.5077,887,10.0
1,3.0928,887,10.0
1,1.7988,887,10.0
1,1.5855,887,10.0
1,1.5258,887,10.0
1,1.5928,887,10.0
0,1.6759,887,0.05
1,1.7598,887,0.05
0,2.7,888,10.0
0,1.7541,888,10.0
1,1.3122,888,10.0
1,2.5882,888,10.0
1,1.8075,888,10.0
1,1.4147,888,10.0
0,1.4247,888,10.0
1,1.5339,888,0.05
0,2.2773,888,0.05
1,1.1247,888,0.05
0,3.1045,888,0.05
1,1.396,888,0.05
1,2.4949,888,0.05
1,1.0919,888,0.05
0,1.2332,888,0.05
1,1.7043,888,0.05
1,2.9919,888,0.05
1,1.5979,888,0.05
0,0.7888,888,0.05
0,0.7318,888,0.05
1,1.8373,888,0.05
1,3.1891,888,0.05
1,1.2051,888,0.05
0,1.5834,888,10.0
1,1.3504,888,10.0
1,1.7713,888,10.0
0,1.896,888,10.0
1,1.2411,888,10.0
0,1.501,888,10.0
1,2.2129,888,10.0
1,1.3872,888,10.0
1,2.8629,888,0.05
1,1.6973,888,0.05
1,1.5498,888,0.05
0,2.8914,888,0.05
1,1.2099,888,0.05
1,1.5703,888,0.05
0,1.7389,888,0.05
1,1.2126,888,0.05
0,1.5858,888,0.05
1,2.3312,888,0.05
1,1.9231,888,0.05
1,1.9867,888,0.05
1,1.6973,888,0.05
1,1.69,888,0.05
1,1.7572,888,0.05
1,1.469,888,10.0
1,1.4206,888,10.0
1,3.0154,888,10.0
0,2.0604,888,10.0
1,2.0634,888,10.0
1,1.4148,888,10.0
1,1.3881,888,10.0
1,1.3167,888,10.0
1,3.1431,888,10.0
1,2.028,888,10.0
1,2.9577,888,10.0
1,1.3295,888,10.0
1,1.6636,888,10.0
1,1.7859,888,10.0
1,1.3059,888,10.0
1,1.5564,888,0.05
1,2.0547,888,0.05
1,2.5092,888,0.05
1,1.4452,888,0.05
1,2.3329,888,0.05
1,1.2234,888,0.05
1,1.6132,888,0.05
1,1.3008,888,0.05
1,1.5321,888,10.0
1,3.1648,888,10.0
0,1.8819,888,10.0
1,1.6193,888,10.0
0,2.4917,888,10.0
1,2.1339,888,10.0
1,1.2998,888,10.0
1,1.741,888,10.0
0,2.307,888,10.0
1,2.613,889,0.05
0,2.0507,889,0.05
1,1.9571,889,0.05
0,2.7126,889,0.05
1,1.7381,889,0.05
0,3.3422,889,0.05
0,1.5615,889,10.0
1,1.0803,889,10.0
1,2.3864,889,10.0
1,1.6814,889,10.0
1,1.2077,889,10.0
0,1.3109,889,10.0
1,1.6842,889,10.0
1,1.1802,889,0.05
1,1.7193,889,0.05
0,1.1686,889,0.05
1,1.5247,889,0.05
1,2.1215,889,0.05
1,2.1894,889,0.05
1,1.7764,889,0.05
1,2.5029,889,0.05
0,1.9453,889,10.0
1,1.2508,889,10.0
0,2.5433,889,10.0
0,3.8289,889,10.0
1,1.8013,889,10.0
1,3.0518,889,10.0
1,2.089,889,10.0
1,1.1947,889,10.0
1,2.2461,889,10.0
1,2.7701,889,10.0
1,1.8452,889,10.0
1,1.7866,889,10.0
0,4.2607,889,10.0
0,2.8703,889,10.0
1,2.7828,889,10.0
1,3.4756,889,10.0
1,2.0959,889,10.0
1,2.9481,889,10.0
1,2.3569,889,10.0
1,2.4759,889,10.0
1,1.8814,889,10.0
1,2.7771,889,10.0
1,1.2195,889,10.0
0,1.0481,889,0.05
0,1.3671,889,0.05
0,1.8708,889,0.05
1,2.2662,889,0.05
1,1.8369,889,0.05
1,2.0764,889,0.05
0,0.7486,889,0.05
1,1.7195,889,0.05
1,0.9949,889,0.05
0,0.7206,889,0.05
0,1.0057,889,0.05
0,1.9865,889,0.05
0,2.0757,889,0.05
1,1.7679,889,0.05
1,1.2129,889,0.05
1,1.8526,889,0.05
1,1.2836,889,0.05
1,1.3332,889,0.05
0,1.214,889,0.05
0,2.5887,889,0.05
1,1.5305,889,0.05
0,2.4075,889,0.05
1,1.2017,889,0.05
0,0.7879,889,0.05
0,2.5754,889,10.0
1,2.3986,889,10.0
1,2.252,889,10.0
0,1.5018,889,10.0
1,1.9088,889,10.0
0,1.3733,889,10.0
1,1.6382,889,10.0
1,1.1056,889,10.0
0,2.0256,889,0.05
1,1.4203,889,0.05
0,2.7388,889,0.05
0,4.0744,889,0.05
1,1.9359,890,0.05
1,1.8948,890,0.05
1,1.3639,890,0.05
1,1.8776,890,0.05
1,2.1308,890,0.05
1,1.1887,890,0.05
0,0.9727,890,0.05
1,1.5212,890,10.0
1,1.6828,890,10.0
1,1.0938,890,10.0
0,1.5071,890,10.0
1,1.4367,890,10.0
1,0.7963,890,10.0
1,2.0699,890,10.0
1,1.0908,890,10.0
1,0.9214,890,0.05
1,1.1918,890,0.05
1,1.3613,890,0.05
0,1.4007,890,0.05
1,1.5972,890,0.05
0,1.2213,890,0.05
1,1.2377,890,0.05
1,1.2474,890,10.0
0,1.0813,890,10.0
0,1.0761,890,0.05
1,0.8456,890,0.05
1,1.0297,890,0.05
1,0.8599,890,0.05
0,0.962,890,0.05
1,0.7988,890,0.05
1,1.0885,890,10.0
1,0.9379,890,10.0
0,0.8788,890,10.0
0,1.1274,890,10.0
1,0.9274,890,10.0
0,0.8542,890,10.0
0,0.8296,890,10.0
1,1.4713,890,10.0
1,1.1179,890,0.05
1,1.3755,890,0.05
0,1.1891,890,0.05
1,1.0448,890,0.05
1,0.9103,890,0.05
0,1.0999,890,10.0
1,0.7231,890,10.0
0,1.344,890,10.0
1,0.9845,890,10.0
0,1.6321,890,10.0
0,1.0968,890,10.0
1,1.0458,890,10.0
1,0.763,890,10.0
0,1.6478,890,10.0
1,0.7869,890,10.0
1,0.9454,890,10.0
1,0.9166,890,10.0
1,0.9999,890,10.0
0,0.9245,890,0.05
0,0.9832,890,0.05
1,0.8054,890,0.05
1,1.1803,890,0.05
1,0.8677,890,0.05
1,1.1652,890,0.05
1,1.2676,890,0.05
1,0.8077,890,0.05
1,0.7744,890,0.05
1,0.8115,890,0.05
1,1.1556,890,0.05
1,1.1806,890,0.05
1,0.8808,890,0.05
1,1.1472,890,0.05
1,1.8228,891,0.05
1,1.7042,891,0.05
1,1.8139,891,0.05
1,2.5298,891,0.05
0,2.3438,891,0.05
0,1.9419,891,0.05
0,1.5489,891,0.05
1,2.2827,891,0.05
0,1.5396,891,0.05
0,1.8085,891,0.05
1,1.778,891,0.05
1,1.7576,891,0.05
1,1.7721,891,0.05
1,1.4092,891,0.05
1,1.6459,891,0.05
1,2.2293,891,0.05
0,2.9239,891,10.0
1,1.599,891,10.0
1,1.7954,891,10.0
0,1.7312,891,10.0
0,1.5998,891,0.05
1,1.3945,891,0.05
1,1.7467,891,0.05
1,1.7093,891,0.05
1,2.3931,891,0.05
0,1.7788,891,0.05
0,2.8266,891,0.05
0,2.1951,891,0.05
1,1.9132,891,0.05
1,1.5959,891,0.05
1,3.1325,891,0.05
1,1.5812,891,0.05
1,2.4435,891,0.05
0,1.2926,891,10.0
1,2.6492,891,10.0
1,2.2782,891,10.0
1,1.2296,891,10.0
0,2.0489,891,10.0
1,1.2282,891,10.0
1,1.2858,891,10.0
1,1.714,891,10.0
0,1.0275,891,10.0
1,2.1973,891,10.0
1,1.2176,891,10.0
1,1.5305,891,10.0
1,2.144,891,10.0
0,2.828,891,10.0
1,1.2605,891,10.0
1,1.4366,891,0.05
0,1.5793,891,0.05
0,2.0218,891,0.05
1,1.3682,891,0.05
1,1.7926,891,0.05
1,1.3309,891,0.05
1,1.2819,891,0.05
1,1.2954,891,0.05
1,1.2049,891,10.0
1,2.229,891,10.0
1,1.8638,891,10.0
1,1.2991,891,10.0
1,1.812,891,10.0
1,1.5843,891,10.0
1,1.2655,891,10.0
0,1.4665,891,0.05
1,1.1682,891,0.05
1,2.2491,891,0.05
1,1.3348,891,0.05
1,1.5034,891,0.05
1,1.5636,891,0.05
1,1.2961,891,0.05
1,1.7927,891,0.05
0,1.3603,891,10.0
0,1.1621,891,10.0
1,1.6115,891,10.0
1,2.1469,891,10.0
1,1.1335,891,10.0
1,1.3286,891,10.0
1,1.3578,891,10.0
0,1.2808,891,10.0
1,2.1424,892,10.0
0,1.4447,892,10.0
1,2.3497,892,10.0
1,1.5295,892,10.0
1,1.668,892,10.0
1,1.0371,892,0.05
0,0.9582,892,0.05
1,1.8361,892,0.05
1,1.9667,892,0.05
1,1.3654,892,0.05
0,1.3788,892,0.05
1,1.45,892,0.05
1,1.8796,892,0.05
1,0.8461,892,0.05
1,1.4097,892,0.05
1,1.5903,892,0.05
1,2.7232,892,0.05
1,1.2306,892,0.05
0,1.4895,892,0.05
1,1.5558,892,10.0
1,1.806,892,10.0
1,1.2223,892,10.0
1,2.7418,892,10.0
1,1.9889,892,10.0
1,2.9389,892,10.0
1,1.7283,892,10.0
1,1.676,892,10.0
1,2.7648,892,10.0
1,2.8145,892,10.0
1,1.1613,892,10.0
1,1.3421,892,10.0
1,2.3612,892,10.0
1,1.1075,892,10.0
1,2.4259,892,0.05
1,1.0524,892,0.05
1,2.6618,892,0.05
1,1.111,892,0.05
0,1.5194,892,0.05
1,1.0457,892,0.05
1,1.2551,892,0.05
1,2.1209,892,0.05
0,1.2456,892,0.05
1,1.0706,892,0.05
1,1.447,892,0.05
0,1.339,892,0.05
0,1.8875,892,0.05
1,0.8334,892,0.05
1,1.325,892,0.05
1,1.7582,892,10.0
0,1.7149,892,10.0
1,2.1536,892,10.0
0,1.2548,892,10.0
0,1.0214,892,10.0
1,1.1201,892,10.0
1,1.4136,892,10.0
0,1.1525,892,10.0
1,1.2393,892,10.0
1,0.7799,892,10.0
1,0.9777,892,10.0
0,0.9756,892,10.0
1,1.0472,892,10.0
1,0.7757,892,10.0
1,1.1542,892,10.0
1,1.5295,892,0.05
1,0.9546,892,0.05
1,0.9499,892,0.05
1,2.4262,892,0.05
0,1.3472,892,0.05
1,1.2956,892,0.05
1,1.7947,892,0.05
1,0.9792,892,10.0
1,1.8575,892,10.0
1,1.2192,892,10.0
1,2.3745,892,10.0
1,1.0558,892,10.0
1,1.136,892,10.0
1,2.3596,892,10.0
0,0.9818,892,0.05
1,1.3108,892,0.05
0,1.9978,892,0.05
1,0.9428,892,0.05
1,1.328,892,0.05
1,0.7766,892,0.05
1,2.2737,893,10.0
0,1.0564,893,10.0
1,2.5915,893,10.0
1,1.3444,893,10.0
1,1.5657,893,10.0
1,1.1072,893,10.0
0,0.8876,893,10.0
1,1.0091,893,10.0
1,2.1271,893,10.0
1,0.852,893,10.0
1,1.706,893,10.0
1,1.1405,893,10.0
1,0.8964,893,10.0
1,1.6605,893,10.0
1,0.8567,893,10.0
1,0.8482,893,0.05
1,1.3233,893,0.05
1,0.604,893,0.05
1,1.8389,893,0.05
1,1.1212,893,0.05
0,0.8403,893,0.05
1,1.0543,893,0.05
1,1.1282,893,0.05
0,1.1601,893,0.05
0,1.6363,893,0.05
1,0.8492,893,0.05
1,0.6924,893,0.05
1,1.4275,893,0.05
0,2.1066,893,0.05
1,1.0438,893,0.05
1,1.5091,893,0.05
0,3.0693,893,0.05
1,0.7626,893,0.05
1,2.0414,893,0.05
1,1.2475,893,0.05
1,1.5863,893,0.05
0,1.1666,893,10.0
1,0.9599,893,10.0
0,1.4591,893,10.0
1,0.6324,893,10.0
1,1.1891,893,10.0
1,0.7947,893,10.0
1,2.815,893,10.0
0,1.023,893,10.0
1,0.7721,893,0.05
0,0.8515,893,0.05
0,2.262,893,0.05
1,0.9243,893,0.05
1,0.8623,893,0.05
0,0.8415,893,0.05
0,1.7984,893,0.05
1,1.8091,893,0.05
1,2.0254,893,10.0
0,1.6495,893,10.0
1,0.7785,893,10.0
1,0.9018,893,10.0
1,0.6715,893,10.0
1,1.3556,893,0.05
1,1.8931,893,0.05
1,1.6661,893,0.05
0,0.8319,893,0.05
1,1.3135,893,0.05
1,1.5134,893,0.05
1,1.9417,893,0.05
1,1.2803,893,0.05
1,1.3046,893,10.0
1,2.4566,893,10.0
1,1.763,893,10.0
0,0.8353,893,10.0
0,1.6949,893,10.0
1,1.3459,893,10.0
1,1.4964,893,10.0
1,1.9259,893,10.0
1,2.3349,893,0.05
1,1.035,893,0.05
0,2.4683,893,0.05
1,1.2252,893,0.05
0,1.3788,893,0.05
1,1.1938,893,0.05
1,2.4523,893,0.05
1,0.8881,893,0.05
1,1.1542,893,10.0
1,1.0876,893,10.0
1,1.0859,893,10.0
1,1.1016,893,10.0
1,0.9065,893,10.0
1,2.0156,893,10.0
1,2.7254,893,10.0
0,3.1132,893,10.0
1,1.5321,894,0.05
1,1.5308,894,0.05
0,2.8993,894,0.05
1,2.0845,894,0.05
0,1.5983,894,0.05
1,1.4325,894,0.05
0,1.4992,894,0.05
1,1.2871,894,0.05
1,2.7977,894,10.0
1,2.0021,894,10.0
1,1.9813,894,10.0
0,1.5351,894,10.0
1,1.4414,894,10.0
1,1.5332,894,10.0
0,2.5899,894,10.0
1,1.175,894,10.0
0,1.9336,894,10.0
0,1.5999,894,10.0
1,1.3512,894,10.0
1,1.1532,894,10.0
1,1.0685,894,10.0
0,1.0253,894,10.0
0,1.2829,894,10.0
1,2.3749,894,0.05
0,1.6261,894,0.05
1,2.4087,894,0.05
0,1.7391,894,0.05
0,1.3649,894,0.05
1,1.1704,894,0.05
0,1.0031,894,0.05
1,0.9712,894,0.05
1,1.1885,894,0.05
0,1.0323,894,0.05
1,0.8372,894,0.05
0,1.0158,894,0.05
0,0.9402,894,0.05
1,0.8873,894,0.05
0,1.0198,894,0.05
1,0.7586,894,0.05
1,1.0314,894,10.0
0,0.7828,894,10.0
0,0.8922,894,10.0
1,1.0179,894,10.0
0,0.6649,894,10.0
0,1.765,894,10.0
1,0.7557,894,10.0
1,0.7821,894,10.0
1,1.5825,894,0.05
1,1.6718,894,0.05
1,1.5414,894,0.05
1,1.2495,894,0.05
0,1.231,894,0.05
1,1.4319,894,0.05
0,1.6323,894,0.05
1,2.5805,894,0.05
1,1.3652,894,0.05
0,1.3806,894,0.05
0,1.7042,894,0.05
1,1.4418,894,0.05
1,2.7821,894,0.05
1,1.2483,894,0.05
1,1.0475,894,0.05
1,1.0483,894,10.0
0,0.8992,894,10.0
0,1.0723,894,10.0
1,0.9212,894,10.0
1,0.8165,894,10.0
1,1.4003,894,10.0
0,1.0386,894,10.0
0,0.7825,894,10.0
1,0.959,894,10.0
1,1.1698,894,10.0
1,0.7986,894,10.0
0,0.8755,894,10.0
0,1.0981,894,10.0
0,1.3257,894,10.0
0,0.816,894,10.0
1,0.9561,894,10.0
1,2.6506,895,10.0
1,1.1669,895,10.0
1,1.7338,895,10.0
0,1.7301,895,10.0
1,1.1677,895,10.0
1,1.6004,895,10.0
1,2.0339,895,10.0
1,1.5331,895,10.0
1,1.2809,895,10.0
1,0.9027,895,10.0
0,0.9413,895,10.0
1,0.927,895,10.0
0,1.77,895,10.0
1,1.1379,895,10.0
0,1.869,895,10.0
1,1.2252,895,0.05
1,1.1159,895,0.05
0,1.401,895,0.05
0,1.2286,895,0.05
0,1.9788,895,0.05
1,1.9182,895,0.05
0,1.183,895,0.05
1,1.034,895,0.05
1,1.0669,895,0.05
1,1.3159,895,0.05
1,0.7837,895,0.05
0,1.8006,895,0.05
1,0.9839,895,0.05
0,1.4841,895,0.05
1,0.8439,895,0.05
1,1.9434,895,0.05
0,1.4312,895,0.05
0,0.9841,895,0.05
1,1.2342,895,0.05
1,1.034,895,0.05
1,1.3839,895,0.05
0,1.4134,895,0.05
0,2.3124,895,0.05
1,1.3839,895,0.05
1,1.3468,895,10.0
1,1.8397,895,10.0
1,1.3528,895,10.0
1,1.8778,895,10.0
0,2.0398,895,10.0
1,1.5836,895,10.0
0,2.1187,895,10.0
1,1.0561,895,0.05
1,1.4798,895,0.05
0,1.7966,895,0.05
1,1.3339,895,0.05
1,2.7327,895,0.05
1,1.5283,895,0.05
0,1.6617,895,0.05
1,1.4469,895,0.05
1,1.6643,895,10.0
1,1.1838,895,10.0
1,1.6783,895,10.0
0,1.5005,895,10.0
1,1.8272,895,10.0
1,1.6813,895,10.0
1,2.1173,895,10.0
1,1.9487,895,0.05
1,1.3952,895,0.05
1,1.2779,895,0.05
0,1.4268,895,0.05
1,1.7333,895,0.05
1,2.036,895,0.05
1,1.9208,895,0.05
1,1.2011,895,10.0
1,1.3507,895,10.0
1,1.2174,895,10.0
0,2.0344,895,10.0
0,1.5823,895,10.0
0,1.4505,895,10.0
0,1.1171,895,10.0
1,1.5142,895,0.05
0,1.185,895,0.05
1,1.2789,895,0.05
0,1.4949,895,0.05
1,2.1457,895,0.05
1,1.5123,895,0.05
1,2.1795,895,0.05
1,1.891,895,0.05
1,1.4172,895,10.0
0,1.4444,895,10.0
0,1.5497,895,10.0
0,2.1259,895,10.0
1,1.8842,895,10.0
1,0.8434,895,10.0
1,1.0164,895,10.0
1,2.1483,895,10.0
1,1.915,897,10.0
1,2.245,897,10.0
0,1.504,897,10.0
0,3.62,897,10.0
1,1.123,897,10.0
1,0.973,897,10.0
1,2.806,897,10.0
1,1.641,897,10.0
1,2.013,897,0.05
1,0.957,897,0.05
1,2.172,897,0.05
1,2.007,897,0.05
1,2.062,897,0.05
1,1.938,897,0.05
1,2.972,897,0.05
0,2.988,897,0.05
0,3.217,897,0.05
1,2.644,897,0.05
1,2.456,897,0.05
0,4.64,897,0.05
1,2.455,897,0.05
1,2.956,897,0.05
1,1.705,897,0.05
1,3.956,897,0.05
1,2.074,897,10.0
1,2.234,897,10.0
1,2.172,897,10.0
1,1.774,897,10.0
1,2.623,897,10.0
0,2.397,897,10.0
1,1.805,897,10.0
0,2.572,897,10.0
1,2.845,897,10.0
0,3.219,897,10.0
0,4.058,897,10.0
1,2.198,897,10.0
0,1.119,897,10.0
1,1.233,897,10.0
1,1.917,897,10.0
1,4.489,897,10.0
1,3.71,897,0.05
1,3.181,897,0.05
1,2.619,897,0.05
1,1.596,897,0.05
0,4.769,897,0.05
1,2.607,897,0.05
1,3.334,897,0.05
1,1.628,897,0.05
0,4.087,897,10.0
1,5.628,897,10.0
1,1.921,897,10.0
1,3.994,897,10.0
0,5.812,897,10.0
1,1.854,897,10.0
1,3.019,897,10.0
1,1.939,897,0.05
0,5.828,897,0.05
1,1.718,897,0.05
1,1.18,897,0.05
0,4.713,897,0.05
1,2.913,897,0.05
0,2.912,897,0.05
0,5.56,897,0.05
1,3.653,897,0.05
1,1.807,897,0.05
1,2.617,897,0.05
1,3.358,897,10.0
0,4.262,897,10.0
0,3.667,897,10.0
1,2.059,897,10.0
1,1.67,897,10.0
0,5.073,897,10.0
1,1.552,897,10.0
1,4.604,897,10.0
1,2.097,897,10.0
0,4.042,897,10.0
0,2.342,897,10.0
1,2.902,897,10.0
1,2.135,897,10.0
0,4.795,897,10.0
1,2.965,897,10.0
1,2.562,897,0.05
1,1.304,897,0.05
1,3.139,897,0.05
0,3.1447,898,10.0
0,2.7016,898,10.0
1,0.9961,898,10.0
1,2.7173,898,10.0
1,0.8678,898,10.0
1,1.1948,898,10.0
1,1.279,898,10.0
1,1.62,898,0.05
0,1.0371,898,0.05
1,2.4836,898,0.05
1,1.4971,898,0.05
1,0.9626,898,0.05
1,1.3234,898,0.05
0,1.1113,898,0.05
1,0.8911,898,10.0
1,1.7885,898,10.0
0,2.0458,898,10.0
1,1.5113,898,10.0
0,1.2386,898,10.0
0,1.2474,898,10.0
1,3.2688,898,10.0
1,1.0296,898,10.0
1,1.5501,898,0.05
1,1.1348,898,0.05
1,1.0234,898,0.05
1,1.2134,898,0.05
1,1.2772,898,0.05
0,3.3319,898,0.05
0,1.3694,898,0.05
1,1.0354,898,0.05
0,1.9575,898,0.05
1,1.8855,898,0.05
1,1.5213,898,0.05
1,1.0273,898,0.05
0,1.3498,898,0.05
0,2.585,898,0.05
0,1.5597,898,0.05
1,2.9243,898,0.05
0,1.9469,898,0.05
0,1.1272,898,0.05
0,1.1266,898,0.05
1,0.8427,898,0.05
0,1.5049,898,0.05
1,0.8429,898,0.05
1,1.8256,898,0.05
1,3.412,898,0.05
1,2.384,898,10.0
0,1.2985,898,10.0
1,0.9993,898,10.0
0,1.9271,898,10.0
1,1.784,898,10.0
1,1.6909,898,10.0
1,1.4936,898,10.0
0,2.4486,898,10.0
1,1.3612,898,0.05
1,0.7928,898,0.05
1,1.5485,898,0.05
1,2.2981,898,0.05
0,2.4265,898,0.05
0,2.519,899,0.05
1,2.3321,899,0.05
0,1.0683,899,0.05
1,1.1796,899,0.05
1,1.6036,899,0.05
1,2.107,899,0.05
0,2.1422,899,0.05
1,1.8387,899,10.0
1,3.813,899,10.0
1,1.5168,899,10.0
1,1.0878,899,10.0
1,2.4285,899,10.0
1,1.5335,899,10.0
1,1.0552,899,10.0
1,1.123,899,10.0
1,1.4455,899,0.05
1,0.953,899,0.05
1,1.0237,899,0.05
1,1.4297,899,0.05
0,2.2864,899,0.05
1,0.9659,899,0.05
1,1.0508,899,0.05
1,0.8466,899,0.05
1,1.2696,899,10.0
1,0.752,899,10.0
1,0.7804,899,10.0
1,0.7769,899,10.0
1,1.0075,899,10.0
1,0.9973,899,10.0
1,0.8436,899,10.0
0,1.1549,899,10.0
1,1.2346,899,10.0
0,3.1894,899,10.0
0,3.056,899,10.0
1,2.4412,899,10.0
1,1.3897,899,10.0
1,3.799,899,10.0
0,2.8623,899,10.0
1,3.4403,899,10.0
1,1.2511,899,10.0
1,3.0245,899,10.0
1,2.9997,899,10.0
0,3.395,899,10.0
1,1.9247,899,10.0
1,1.795,899,0.05
1,0.9666,899,0.05
1,2.2966,899,0.05
1,1.5322,899,0.05
1,2.7161,899,0.05
1,2.9419,899,0.05
1,3.3326,899,0.05
1,1.0471,899,0.05
1,1.3649,899,0.05
1,0.9674,899,0.05
0,2.0681,899,0.05
1,1.5504,899,0.05
1,2.937,899,10.0
1,2.5232,899,10.0
0,2.2895,899,10.0
1,1.9101,899,10.0
0,3.1698,899,10.0
0,1.1959,899,10.0
1,3.2906,899,10.0
0,2.5595,899,10.0
0,1.5698,899,0.05
0,3.1043,899,0.05
0,1.9482,899,0.05
0,1.5137,899,0.05
1,1.1398,899,0.05
1,1.4981,899,0.05
1,1.4757,899,0.05
1,1.2705,899,0.05
1,1.3457,899,0.05
1,1.7682,899,0.05
1,1.536,899,0.05
0,4.6647,900,0.05
1,3.6919,900,0.05
1,4.2061,900,0.05
0,4.3627,900,0.05
1,5.4006,900,0.05
1,4.7028,900,0.05
1,2.0568,900,0.05
1,2.7267,900,0.05
1,3.8979,900,10.0
1,3.4189,900,10.0
1,2.8115,900,10.0
0,6.0434,900,10.0
1,6.7545,900,10.0
0,4.0829,900,10.0
0,5.1548,900,10.0
1,2.6521,900,10.0
0,3.7549,900,0.05
1,1.7535,900,0.05
1,2.2787,900,0.05
1,3.5642,900,0.05
1,1.7647,900,0.05
1,1.7123,900,0.05
1,2.1015,900,0.05
1,4.0808,900,10.0
1,2.6773,900,10.0
1,3.1873,900,10.0
1,2.0845,900,0.05
1,2.5594,900,0.05
1,1.8824,900,0.05
1,2.1565,900,0.05
0,3.9594,900,0.05
1,3.4674,900,0.05
1,1.784,900,0.05
1,2.3514,900,0.05
1,3.0689,900,0.05
1,1.7036,900,0.05
0,1.3708,900,0.05
1,2.8201,900,0.05
1,1.359,900,0.05
1,3.5304,900,0.05
1,2.0835,900,0.05
0,2.9228,900,0.05
0,2.7011,900,10.0
1,2.3748,900,10.0
1,2.2933,900,10.0
1,2.8315,900,10.0
1,1.7777,900,10.0
1,2.5092,900,0.05
1,0.6476,900,0.05
1,0.3463,900,0.05
1,0.7015,900,0.05
1,0.7442,900,0.05
1,0.3434,900,0.05
1,0.2949,900,0.05
0,0.2769,900,0.05
0,1.6868,900,10.0
1,0.5179,900,10.0
0,0.3511,900,10.0
0,0.3007,900,10.0
1,0.3194,900,10.0
0,0.2834,900,10.0
0,0.2676,900,10.0
0,0.5013,900,10.0
0,0.7593,900,10.0
0,0.5692,900,10.0
1,0.2457,900,10.0
1,0.2788,900,10.0
0,0.5259,900,10.0
1,0.3141,900,10.0
1,0.3166,900,10.0
0,0.259,900,10.0
1,0.4892,900,0.05
0,0.2739,900,0.05
1,0.2644,900,0.05
0,0.2784,900,0.05
1,0.5585,900,0.05
0,0.2944,900,0.05
0,0.2909,900,0.05
1,1.0519,900,0.05
0,1.76,902,0.05
1,2.685,902,0.05
1,1.963,902,0.05
0,3.316,902,0.05
1,1.536,902,0.05
0,2.264,902,10.0
1,1.352,902,10.0
1,1.542,902,10.0
0,1.671,902,10.0
1,1.666,902,10.0
0,1.279,902,10.0
0,1.62,902,10.0
1,1.514,902,10.0
1,2.117,902,10.0
1,3.835,902,10.0
1,2.219,902,10.0
0,3.294,902,0.05
1,2.807,902,0.05
1,0.992,902,0.05
1,2.698,902,0.05
1,2.119,902,0.05
1,1.964,902,0.05
0,1.993,902,0.05
1,1.517,902,0.05
1,2.143,902,0.05
1,4.084,902,0.05
1,1.276,902,0.05
1,1.317,902,0.05
1,3.45,902,0.05
0,2.389,902,0.05
0,2.814,902,0.05
1,1.207,902,0.05
1,2.408,902,0.05
1,1.103,902,0.05
1,1.241,902,10.0
1,1.446,902,10.0
1,2.615,902,10.0
1,1.249,902,10.0
0,2.3,902,10.0
0,1.323,902,10.0
0,1.183,902,10.0
0,0.961,902,10.0
1,1.426,902,10.0
1,1.135,902,10.0
0,0.91,902,0.05
0,0.708,902,0.05
0,0.642,902,0.05
1,1.251,902,0.05
0,1.574,902,0.05
1,1.238,902,0.05
1,1.197,902,0.05
1,1.193,902,0.05
1,0.974,902,0.05
1,1.193,902,0.05
1,0.883,902,0.05
1,2.503,902,0.05
1,1.208,902,0.05
0,1.705,902,0.05
1,2.494,902,0.05
0,1.245,902,0.05
0,1.37,902,10.0
1,2.511,902,10.0
0,1.914,902,10.0
0,0.997,902,10.0
1,1.39,902,10.0
1,1.305,902,10.0
1,1.507,902,10.0
1,1.245,902,10.0
1,1.492,903,10.0
0,3.093,903,10.0
1,2.322,903,10.0
1,1.569,903,10.0
1,1.147,903,10.0
1,1.433,903,10.0
1,1.459,903,10.0
0,1.355,903,0.05
0,0.731,903,0.05
1,0.946,903,0.05
1,0.638,903,0.05
1,1.286,903,0.05
1,1.142,903,0.05
0,0.925,903,0.05
1,0.803,903,0.05
1,0.964,903,10.0
1,1.2,903,10.0
1,1.109,903,10.0
1,1.759,903,10.0
0,0.862,903,10.0
1,0.87,903,10.0
1,0.922,903,10.0
1,1.317,903,0.05
1,1.067,903,0.05
0,0.8,903,0.05
1,1.023,903,0.05
1,1.097,903,0.05
1,2.934,903,0.05
1,1.088,903,0.05
1,1.136,903,0.05
1,1.562,903,0.05
1,1.305,903,0.05
0,2.774,903,0.05
1,1.731,903,0.05
1,2.268,903,0.05
0,3.331,903,0.05
1,1.463,903,0.05
1,3.477,903,0.05
1,2.38,903,10.0
1,2.305,903,10.0
1,2.149,903,10.0
1,2.403,903,10.0
1,1.448,903,10.0
1,1.571,903,10.0
1,1.118,903,10.0
1,1.364,903,10.0
0,2.406,903,10.0
0,1.777,903,10.0
0,3.42,903,10.0
1,1.127,903,10.0
1,1.134,903,10.0
0,1.917,903,0.05
0,1.709,903,0.05
1,2.014,903,0.05
1,1.431,903,0.05
1,3.287,903,0.05
1,2.363,903,0.05
0,1.448,903,0.05
0,1.813,903,0.05
1,2.311,903,10.0
1,1.283,903,10.0
1,2.599,903,10.0
1,1.032,903,10.0
0,2.585,903,10.0
1,1.935,903,10.0
1,1.68,903,10.0
0,1.275,903,10.0
1,1.681,903,10.0
0,1.348,903,10.0
1,2.24,903,10.0
1,1.855,903,10.0
0,2.197,903,10.0
1,1.431,903,10.0
1,3.43,903,10.0
1,1.152,903,0.05
1,0.901,903,0.05
0,1.206,903,0.05
1,1.551,903,0.05
1,2.298,903,0.05
1,1.055,903,0.05
1,1.537,903,0.05
1,1.223,903,0.05
1,2.158,906,0.05
0,2.515,906,0.05
1,2.545,906,0.05
1,3.866,906,0.05
1,1.775,906,0.05
1,1.521,906,0.05
1,2.094,906,0.05
0,3.512,906,0.05
1,1.772,906,10.0
1,1.644,906,10.0
0,3.223,906,10.0
1,3.203,906,10.0
1,2.006,906,10.0
1,3.869,906,10.0
1,2.604,906,0.05
0,4.144,906,0.05
0,1.46,906,0.05
1,1.934,906,0.05
0,1.612,906,0.05
1,3.15,906,0.05
1,1.921,906,0.05
1,2.371,906,0.05
1,2.422,906,10.0
0,3.666,906,10.0
0,4.029,906,10.0
0,4.8,906,10.0
0,2.209,906,10.0
1,1.844,906,10.0
1,2.5,906,10.0
1,2.774,906,10.0
1,2.685,906,0.05
1,2.467,906,0.05
1,2.399,906,0.05
1,3.732,906,0.05
1,3.556,906,0.05
1,4.232,906,0.05
1,5.51,906,0.05
1,3.872,906,0.05
1,2.87,906,10.0
1,4.896,906,10.0
1,2.05,906,10.0
1,2.441,906,10.0
1,2.181,906,10.0
1,1.491,906,0.05
1,5.025,906,0.05
1,5.05,906,0.05
1,3.017,906,0.05
1,2.029,906,0.05
1,3.021,906,0.05
1,4.015,906,10.0
1,3.124,906,10.0
1,2.103,906,10.0
1,2.031,906,10.0
1,2.228,906,10.0
1,1.45,906,0.05
1,2.401,906,0.05
1,1.853,906,0.05
1,2.217,906,0.05
1,3.169,906,0.05
1,2.095,906,0.05
1,4.324,906,0.05
1,2.629,906,0.05
1,5.176,906,0.05
1,1.977,906,0.05
1,2.494,906,0.05
1,2.783,906,0.05
1,2.678,906,0.05
1,5.107,906,0.05
1,2.7,906,0.05
1,2.202,906,0.05
0,3.295,906,10.0
0,3.651,906,10.0
1,2.426,906,10.0
1,1.916,906,10.0
1,2.021,906,10.0
1,2.252,906,10.0
1,2.459,906,10.0
1,4.653,906,10.0
1,2.231,906,10.0
1,1.784,906,10.0
1,1.94,906,10.0
1,1.7705,907,10.0
0,4.3793,907,10.0
1,1.2653,907,10.0
0,3.7456,907,10.0
1,1.3054,907,10.0
0,3.4654,907,10.0
1,1.0158,907,10.0
1,1.3734,907,10.0
0,2.1908,907,10.0
1,1.8962,907,10.0
0,3.1122,907,10.0
1,1.1922,907,10.0
1,3.3282,907,10.0
1,1.5428,907,10.0
0,1.0521,907,10.0
1,3.2047,907,10.0
1,2.7744,907,0.05
0,3.0402,907,0.05
1,1.9089,907,0.05
1,1.182,907,0.05
1,1.1409,907,0.05
1,1.2392,907,0.05
0,3.3502,907,0.05
0,3.4286,907,0.05
1,0.9065,907,0.05
1,3.5032,907,0.05
1,2.5971,907,0.05
1,0.9804,907,0.05
1,1.1345,907,0.05
0,2.5762,907,0.05
0,3.7053,907,0.05
1,1.2038,907,0.05
0,2.6716,907,10.0
1,2.5609,907,10.0
0,1.302,907,10.0
1,2.5231,907,10.0
1,2.154,907,10.0
1,1.665,907,10.0
0,4.3027,907,10.0
1,1.24,907,10.0
1,3.0581,907,10.0
1,1.4329,907,10.0
0,6.3019,907,10.0
1,1.2573,907,10.0
1,5.4177,907,10.0
1,2.0537,907,10.0
1,0.9995,907,10.0
1,6.5298,907,10.0
1,2.9139,907,0.05
1,1.3815,907,0.05
0,5.1449,907,0.05
1,3.3365,907,0.05
1,1.0556,907,0.05
1,5.5873,907,0.05
1,2.7615,907,0.05
1,1.2059,907,0.05
1,1.9987,907,0.05
1,2.6709,907,0.05
1,5.2033,907,0.05
0,2.2841,907,0.05
1,3.7491,907,0.05
0,3.8309,907,0.05
1,1.5232,907,0.05
1,5.1492,907,0.05
1,3.099,907,10.0
1,2.9262,907,10.0
1,3.376,907,10.0
0,5.2902,907,10.0
1,2.8679,907,10.0
0,1.8975,907,10.0
1,1.4396,907,10.0
0,3.1456,907,10.0
1,0.9796,907,0.05
1,2.1919,907,0.05
1,3.6231,907,0.05
1,1.6584,907,0.05
1,5.9195,907,0.05
1,1.8796,907,0.05
1,3.2499,907,0.05
0,6.306,907,0.05
1,2.103,910,0.05
1,2.239,910,0.05
1,2.848,910,0.05
0,3.521,910,0.05
0,2.371,910,0.05
0,1.626,910,0.05
0,2.151,910,0.05
1,2.151,910,0.05
1,1.939,910,10.0
0,2.0,910,10.0
1,1.582,910,10.0
1,3.404,910,10.0
1,1.982,910,10.0
1,2.872,910,10.0
1,1.431,910,10.0
0,3.525,910,10.0
0,3.214,910,10.0
1,1.342,910,10.0
1,3.158,910,10.0
1,1.43,910,10.0
0,3.026,910,10.0
1,1.308,910,10.0
1,1.56,910,10.0
0,3.816,910,10.0
1,2.105,910,0.05
1,3.433,910,0.05
1,1.885,910,0.05
0,3.146,910,0.05
0,3.339,910,0.05
0,3.604,910,0.05
1,2.197,910,0.05
1,1.573,910,0.05
1,2.501,910,0.05
1,2.581,910,0.05
1,3.423,910,0.05
1,3.501,910,0.05
1,2.102,910,0.05
0,4.82,910,0.05
1,2.602,910,0.05
1,3.222,910,0.05
1,4.044,910,0.05
0,5.358,910,0.05
1,1.891,910,0.05
1,2.058,910,0.05
1,2.461,910,0.05
1,3.818,910,10.0
0,4.691,910,10.0
1,3.296,910,10.0
1,2.572,910,10.0
1,2.566,910,10.0
1,2.776,910,10.0
1,2.685,910,10.0
1,4.64,910,10.0
0,4.91,910,10.0
1,3.766,910,10.0
0,3.157,910,10.0
1,5.595,910,10.0
0,5.152,910,10.0
1,2.899,910,10.0
0,4.859,910,0.05
0,6.19,910,0.05
0,3.502,910,0.05
1,2.322,910,0.05
1,3.487,910,0.05
0,2.883,910,0.05
1,2.688,910,0.05
1,3.749,910,0.05
1,1.9,910,10.0
0,3.331,910,10.0
0,3.897,910,10.0
1,2.95,910,10.0
0,2.705,910,10.0
1,4.85,910,10.0
0,3.265,910,10.0
1,4.146,910,10.0
1,4.293,910,10.0
0,3.76,910,10.0
1,4.24,910,10.0
1,2.965,910,10.0
1,4.234,910,10.0
1,1.813,910,10.0
1,2.238,910,10.0
0,3.112,910,10.0
1,2.4355,911,0.05
1,9.8707,911,0.05
1,6.2958,911,0.05
1,5.8856,911,0.05
0,3.2707,911,0.05
0,2.1547,911,0.05
0,5.937,911,10.0
1,2.3759,911,10.0
1,6.0861,911,10.0
0,8.8598,911,0.05
1,1.1924,911,0.05
1,6.9516,911,0.05
1,6.3638,911,0.05
1,4.3382,911,0.05
0,3.0335,911,0.05
1,3.0432,911,10.0
1,2.0244,911,10.0
1,5.5598,911,10.0
1,4.1229,911,10.0
1,2.4517,911,10.0
1,1.0346,911,10.0
0,3.4043,911,0.05
1,9.1575,911,0.05
1,1.2891,911,0.05
1,0.7415,911,0.05
1,0.7913,911,0.05
1,1.8798,911,0.05
1,1.4462,911,0.05
1,1.438,911,0.05
0,4.1118,911,0.05
1,3.6266,911,0.05
1,1.05,911,0.05
1,2.4715,911,0.05
1,3.6415,911,10.0
1,1.2014,911,10.0
1,4.675,911,10.0
1,2.1365,911,10.0
1,2.2348,911,10.0
0,1.0104,911,0.05
1,4.1489,911,0.05
1,1.3832,911,0.05
1,1.3668,911,0.05
1,1.0223,911,0.05
1,1.4384,911,0.05
0,3.6887,911,0.05
1,0.9399,911,0.05
0,2.3287,911,0.05
1,2.0203,911,0.05
1,1.0046,911,0.05
1,5.8389,911,0.05
0,1.2887,911,0.05
1,1.296,911,0.05
1,1.1881,911,0.05
0,2.1559,911,0.05
0,1.3768,911,10.0
1,1.2922,911,10.0
0,1.989,911,10.0
1,1.6056,911,10.0
1,2.5514,911,10.0
1,1.0555,911,10.0
1,3.8804,911,10.0
1,0.9548,911,10.0
1,1.6362,912,0.05
0,1.4012,912,0.05
1,2.8448,912,0.05
1,1.7321,912,0.05
0,1.2862,912,0.05
1,2.1654,912,0.05
1,0.9894,912,0.05
1,3.2101,912,0.05
1,1.6791,912,0.05
1,1.8386,912,0.05
0,2.078,912,0.05
0,2.7647,912,0.05
0,1.3011,912,0.05
1,2.0187,912,0.05
1,2.7417,912,0.05
1,1.1017,912,0.05
1,1.7097,912,10.0
0,1.3339,912,10.0
0,1.1906,912,10.0
0,1.2537,912,10.0
1,1.0612,912,10.0
1,0.825,912,10.0
1,2.1367,912,10.0
0,1.5513,912,10.0
1,0.9394,912,10.0
1,1.4318,912,10.0
1,2.4838,912,10.0
1,1.081,912,10.0
1,1.1281,912,10.0
0,1.9476,912,10.0
0,1.9408,912,10.0
1,3.0876,912,10.0
0,2.2929,912,0.05
0,5.8986,912,0.05
1,1.9256,912,0.05
1,2.6934,912,0.05
1,1.585,912,0.05
1,2.4621,912,0.05
0,4.9325,912,0.05
0,2.9917,912,0.05
1,2.6856,912,0.05
0,3.0618,912,0.05
1,2.0594,912,0.05
1,2.8846,912,0.05
0,5.1282,912,0.05
1,2.9581,912,0.05
1,1.6909,912,0.05
1,2.0104,912,0.05
1,3.506,912,10.0
1,3.5976,912,10.0
1,1.3682,912,10.0
1,1.4581,912,10.0
1,2.3639,912,10.0
1,1.3419,912,10.0
1,1.7694,912,10.0
1,5.0853,912,10.0
1,4.0071,912,10.0
1,1.4763,912,10.0
0,7.2557,912,0.05
1,1.6407,912,0.05
1,1.4902,912,0.05
1,3.6903,912,0.05
1,1.143,912,0.05
1,1.3879,912,0.05
1,1.8166,912,0.05
1,4.3319,915,10.0
0,2.3929,915,10.0
1,1.426,915,10.0
1,1.8395,915,10.0
1,2.3899,915,10.0
1,5.111,915,10.0
1,1.3721,915,10.0
1,2.8451,915,10.0
1,3.048,915,0.05
1,2.504,915,0.05
1,2.4134,915,0.05
1,1.5222,915,0.05
1,3.3841,915,0.05
1,1.7747,915,0.05
1,2.1648,915,0.05
0,1.4592,915,0.05
0,1.2826,915,0.05
1,2.4542,915,0.05
1,1.4894,915,0.05
1,2.0244,915,0.05
0,1.7601,915,0.05
0,1.8639,915,0.05
1,7.1673,915,0.05
1,5.2226,915,10.0
1,7.3874,915,10.0
0,1.2807,915,10.0
1,2.4579,915,10.0
0,3.8906,915,10.0
1,2.4759,915,10.0
1,1.1989,915,10.0
1,6.0444,915,10.0
0,3.3048,915,10.0
1,10.2438,915,10.0
1,11.744,915,10.0
1,4.7733,915,10.0
1,10.5147,915,10.0
1,6.2392,915,10.0
0,6.3064,915,10.0
1,5.1619,915,0.05
1,7.0215,915,0.05
1,11.2082,915,0.05
1,7.8353,915,0.05
0,9.306,915,0.05
1,6.0233,915,0.05
0,8.6893,915,0.05
1,3.5201,915,0.05
0,9.0045,915,10.0
1,4.9744,915,10.0
1,6.813,915,10.0
1,2.1564,915,10.0
1,6.3711,915,10.0
1,3.9565,915,10.0
1,3.5402,915,10.0
1,4.4221,915,10.0
1,3.9051,915,0.05
1,3.7247,915,0.05
1,4.8963,915,0.05
0,6.5915,915,0.05
0,7.3414,915,0.05
1,1.2203,915,0.05
1,2.3791,915,0.05
1,7.887,915,10.0
1,6.2579,915,10.0
1,2.17,915,10.0
1,5.573,915,10.0
1,6.4969,915,10.0
1,7.8396,915,10.0
0,4.8016,915,10.0
0,8.5789,915,10.0
1,2.0198,915,10.0
1,0.9908,915,10.0
1,2.3279,915,10.0
0,8.2891,915,10.0
1,7.605,915,10.0
1,3.5385,915,10.0
1,1.3591,915,10.0
1,4.6752,915,10.0
1,7.7598,915,0.05
1,7.9725,915,0.05
0,12.5251,915,0.05
1,7.8087,915,0.05
1,2.918,915,0.05
1,7.1214,915,0.05
1,2.3558,915,0.05
1,3.4871,915,0.05
1,2.5935,915,0.05
1,3.9741,915,0.05
1,4.306,915,0.05
0,2.5882,915,0.05
1,4.5211,915,0.05
1,3.3891,915,0.05
1,2.3084,915,0.05
1,5.6867,915,0.05
1,1.1204,917,0.05
1,1.6575,917,0.05
1,1.1715,917,0.05
1,1.5522,917,0.05
1,1.4866,917,0.05
1,2.4979,917,0.05
0,1.0718,917,0.05
1,1.649,917,0.05
0,3.3645,917,10.0
1,2.5198,917,10.0
1,3.0395,917,10.0
1,2.1496,917,10.0
1,1.7712,917,10.0
1,1.7689,917,10.0
1,1.3509,917,10.0
1,4.0508,917,10.0
1,2.9681,917,0.05
1,1.7591,917,0.05
1,2.7206,917,0.05
0,1.3679,917,0.05
1,2.1791,917,0.05
1,1.3125,917,0.05
1,2.5272,917,0.05
1,2.0763,917,10.0
0,1.2353,917,10.0
1,1.1668,917,10.0
1,1.0019,917,10.0
0,2.048,917,10.0
1,1.0988,917,10.0
1,1.004,917,10.0
1,1.8157,917,10.0
0,1.8884,917,10.0
1,2.5337,917,10.0
0,1.2007,917,10.0
1,1.2708,917,10.0
1,1.9967,917,10.0
1,1.4984,917,10.0
0,1.7791,917,10.0
1,1.7495,917,10.0
1,1.9968,917,0.05
1,1.1143,917,0.05
0,2.1935,917,0.05
0,1.0473,917,0.05
1,2.5701,917,0.05
1,2.0473,917,0.05
1,4.1638,917,0.05
1,2.0873,917,0.05
1,1.9238,917,0.05
1,1.2563,917,0.05
1,1.0242,917,0.05
0,1.2132,917,0.05
1,1.2016,917,0.05
1,1.3472,917,0.05
1,1.6513,917,10.0
1,1.3105,917,10.0
1,1.2539,917,10.0
1,2.176,917,10.0
1,2.5874,917,10.0
0,1.8957,917,10.0
0,1.2061,917,10.0
0,2.9299,917,10.0
1,2.3359,917,10.0
0,1.1835,917,10.0
1,2.0186,918,0.05
0,1.4778,918,0.05
1,2.1271,918,0.05
1,1.9308,918,0.05
1,4.088,918,0.05
1,2.6229,918,0.05
0,2.5496,918,10.0
1,3.8766,918,10.0
1,1.6678,918,10.0
1,1.4734,918,10.0
0,3.2494,918,10.0
1,2.4588,918,10.0
1,1.4599,918,10.0
0,2.1454,918,10.0
1,1.3956,918,10.0
1,2.887,918,10.0
1,1.5204,918,10.0
1,1.3899,918,10.0
0,2.2826,918,10.0
1,1.4025,918,10.0
1,1.2224,918,10.0
1,3.4131,918,10.0
1,2.9677,918,10.0
0,1.3755,918,10.0
1,3.3488,918,10.0
1,3.9502,918,10.0
1,1.2556,918,10.0
1,1.1735,918,10.0
0,5.0757,918,10.0
1,2.6538,918,0.05
1,1.9416,918,0.05
0,1.3045,918,0.05
0,2.7159,918,0.05
1,2.3196,918,0.05
0,2.2769,918,0.05
1,1.782,918,0.05
1,1.4023,918,0.05
0,1.5034,918,0.05
1,2.4147,918,0.05
0,3.4162,918,0.05
1,2.1823,918,0.05
1,1.7432,918,0.05
1,1.3613,918,0.05
1,1.5451,918,10.0
1,2.1112,918,10.0
0,3.8657,918,10.0
1,2.1174,918,10.0
1,1.6823,918,10.0
1,5.3884,918,10.0
0,3.0049,918,0.05
1,0.9975,918,0.05
1,2.5094,918,0.05
1,1.1147,918,0.05
0,1.0737,918,0.05
0,1.7397,918,0.05
0,2.2037,918,0.05
0,1.4754,918,0.05
0,0.9836,918,0.05
0,0.6846,918,0.05
1,1.0379,918,0.05
1,1.0338,918,0.05
0,2.2109,918,0.05
1,0.9873,918,0.05
1,1.7202,918,0.05
1,2.8983,918,0.05
1,0.9219,918,10.0
1,1.3785,918,10.0
0,2.3836,918,10.0
1,2.3917,918,10.0
1,1.4617,918,10.0
1,3.6603,918,10.0
1,3.3848,920,0.05
0,2.7532,920,0.05
1,1.4592,920,0.05
1,1.5088,920,0.05
1,2.4998,920,0.05
1,2.6164,920,0.05
0,3.3091,920,0.05
1,1.6276,920,0.05
0,3.5016,920,0.05
1,4.9499,920,0.05
1,2.9442,920,0.05
1,4.6454,920,0.05
0,3.5332,920,0.05
1,1.5633,920,0.05
1,5.3581,920,0.05
0,2.8685,920,0.05
1,1.6108,920,0.05
1,1.8758,920,0.05
1,2.3597,920,0.05
1,2.0608,920,0.05
1,1.8089,920,0.05
0,2.09,920,0.05
1,1.6811,920,0.05
1,2.8928,920,10.0
1,2.9901,920,10.0
1,1.9498,920,0.05
0,1.7579,920,0.05
1,2.1743,920,0.05
1,1.4852,920,0.05
1,4.3909,920,0.05
0,1.9249,920,0.05
1,1.691,920,0.05
1,1.6339,920,0.05
1,2.3579,920,10.0
0,2.3249,920,0.05
0,0.9626,920,0.05
1,1.6758,920,0.05
0,1.0963,920,0.05
1,1.777,920,0.05
1,1.9401,920,0.05
1,1.6475,920,0.05
1,1.7001,920,0.05
0,2.2847,920,0.05
1,2.0103,920,0.05
0,1.5954,920,0.05
1,1.7798,920,0.05
1,1.6945,920,0.05
1,1.7085,920,0.05
1,1.9295,920,0.05
1,1.6461,920,0.05
1,2.7451,920,10.0
1,2.865,920,10.0
1,2.263,920,10.0
1,2.3103,920,10.0
1,3.1942,920,10.0
1,2.416,920,10.0
1,2.0397,920,10.0
1,2.1048,920,10.0
0,4.397,921,0.05
0,3.799,921,0.05
1,6.195,921,0.05
1,3.736,921,0.05
1,2.76,921,0.05
1,2.013,921,0.05
0,5.414,921,0.05
1,2.428,921,0.05
0,6.42,921,10.0
0,7.13,921,10.0
1,6.678,921,10.0
1,3.266,921,10.0
1,3.495,921,10.0
1,2.286,921,0.05
0,2.363,921,0.05
0,1.118,921,0.05
1,6.733,921,0.05
1,1.171,921,0.05
1,4.845,921,0.05
1,5.239,921,10.0
0,3.13,921,10.0
0,2.935,921,10.0
0,2.342,921,10.0
1,6.432,921,10.0
0,2.856,921,10.0
1,2.598,921,10.0
0,5.293,921,10.0
1,2.78,921,10.0
0,1.786,921,10.0
1,4.42,921,10.0
1,8.065,921,10.0
1,1.983,921,10.0
1,2.889,921,10.0
1,1.952,921,10.0
1,2.543,921,0.05
1,1.712,921,0.05
0,1.453,921,0.05
0,2.968,921,0.05
1,2.54,921,0.05
1,2.52,921,0.05
1,1.495,921,0.05
0,2.483,921,0.05
1,2.755,921,0.05
1,2.27,921,0.05
1,1.485,921,0.05
1,4.759,921,0.05
1,2.272,921,0.05
1,1.775,921,0.05
1,5.104,921,0.05
0,3.095,921,0.05
0,1.74,921,0.05
1,1.059,921,0.05
1,1.467,921,0.05
0,1.352,921,0.05
0,1.268,921,0.05
0,1.435,921,0.05
1,2.189,921,0.05
1,1.911,921,10.0
1,1.073,921,10.0
0,0.806,921,10.0
0,1.526,921,10.0
1,1.153,921,10.0
1,4.242,921,10.0
0,1.159,921,10.0
0,1.278,921,10.0
1,1.101,921,10.0
1,0.809,921,10.0
0,1.418,921,10.0
0,1.022,921,10.0
0,0.821,921,10.0
0,0.995,921,10.0
1,1.062,921,10.0
0,1.051,921,10.0
1,1.084,921,0.05
1,0.879,921,0.05
1,1.303,921,0.05
0,0.896,921,0.05
1,0.808,921,0.05
1,1.06,921,0.05
1,2.263,921,0.05
1,2.31,921,0.05
0,2.56,922,0.05
1,2.258,922,0.05
0,3.8172,922,0.05
1,3.9456,922,0.05
1,3.5943,922,0.05
1,5.806,922,0.05
1,1.491,922,0.05
1,2.1065,922,0.05
1,2.9767,922,0.05
1,1.4828,922,0.05
0,1.4665,922,0.05
1,1.4322,922,0.05
1,5.3613,922,0.05
1,1.829,922,0.05
1,3.2434,922,0.05
1,1.6334,922,0.05
1,2.7401,922,10.0
1,2.8672,922,10.0
1,2.1163,922,10.0
1,1.5022,922,10.0
1,2.1225,922,10.0
1,5.3914,922,10.0
1,2.0943,922,10.0
1,4.472,922,10.0
1,2.4621,922,10.0
0,1.351,922,10.0
1,1.5409,922,10.0
1,1.5597,922,10.0
1,2.0173,922,10.0
1,2.6689,922,10.0
1,2.0833,922,10.0
1,1.5154,922,10.0
1,3.5439,922,10.0
1,2.8823,922,10.0
1,3.9117,922,10.0
0,3.0929,922,10.0
1,3.9355,922,10.0
1,3.9254,922,10.0
1,1.982,922,10.0
1,2.2787,922,10.0
1,3.0795,922,10.0
1,2.4818,922,10.0
1,4.2858,922,10.0
1,4.6279,922,10.0
1,3.232,922,10.0
1,3.8586,922,10.0
0,3.2221,922,0.05
0,2.0925,922,0.05
1,2.7543,922,0.05
1,3.4782,922,0.05
0,2.2422,922,0.05
1,2.8993,922,0.05
1,1.3935,922,0.05
0,1.8251,922,0.05
1,2.1246,922,0.05
1,3.8402,922,0.05
1,3.5058,922,0.05
0,5.399,922,0.05
1,2.7806,922,10.0
0,2.2405,922,10.0
0,3.8697,922,10.0
1,2.5829,922,10.0
1,2.5014,922,10.0
1,4.2806,922,10.0
1,3.0545,922,10.0
1,2.1967,922,10.0
0,2.4008,922,0.05
1,2.0509,922,0.05
1,1.8335,922,0.05
1,2.1534,922,0.05
0,4.1108,922,0.05
0,1.7116,922,0.05
1,3.5163,922,0.05
1,1.7291,922,0.05
1,1.6443,922,0.05
1,2.5863,922,0.05
1,2.1225,922,0.05
0,3.3251,922,0.05
1,2.3811,922,0.05
1,2.6153,922,0.05
1,2.9411,922,0.05
1,1.7948,922,10.0
1,2.8275,922,10.0
1,2.1954,922,10.0
1,1.7071,922,10.0
1,2.2007,922,10.0
0,2.6167,922,10.0
1,3.5019,923,10.0
0,4.5283,923,10.0
1,4.3136,923,10.0
1,3.0349,923,10.0
1,2.6529,923,10.0
1,5.1913,923,10.0
1,3.531,923,10.0
0,6.6366,923,10.0
0,5.4924,923,10.0
1,3.1669,923,10.0
0,3.9334,923,10.0
1,7.2838,923,10.0
1,1.4622,923,10.0
1,5.9002,923,10.0
0,5.9828,923,10.0
1,1.6667,923,10.0
1,2.945,923,0.05
0,3.1342,923,0.05
1,4.2335,923,0.05
1,2.2505,923,0.05
1,3.3008,923,0.05
1,4.2003,923,0.05
1,3.3828,923,0.05
1,4.2337,923,0.05
0,4.617,923,0.05
1,1.1015,923,0.05
1,3.8499,923,0.05
1,5.9846,923,0.05
0,5.5836,923,0.05
0,2.067,923,0.05
1,4.3008,923,0.05
0,3.6005,923,0.05
1,3.9672,923,0.05
1,4.4674,923,0.05
1,5.184,923,0.05
1,6.4506,923,0.05
0,4.2173,923,0.05
1,4.3667,923,0.05
0,2.684,923,0.05
0,2.4006,923,0.05
0,4.1503,923,10.0
0,4.8669,923,10.0
1,3.2504,923,10.0
0,3.0334,923,10.0
0,3.367,923,10.0
1,3.5505,923,10.0
1,3.9337,923,10.0
1,3.2503,923,10.0
1,2.8504,923,10.0
0,3.3507,923,10.0
0,2.6507,923,10.0
1,4.3832,923,10.0
1,2.9336,923,10.0
1,4.5838,923,10.0
0,3.0675,923,10.0
0,2.9501,923,10.0
1,5.7838,923,0.05
1,1.7834,923,0.05
0,2.7499,923,0.05
0,4.7503,923,0.05
1,0.967,923,0.05
0,3.284,923,0.05
0,2.3506,923,0.05
1,3.0003,923,0.05
1,4.567,923,10.0
1,2.2005,923,10.0
0,2.3499,923,10.0
0,2.8835,923,10.0
1,2.5169,923,10.0
0,2.3666,923,10.0
0,1.5667,923,10.0
0,2.0166,923,10.0
0,3.6002,923,0.05
1,1.6004,923,0.05
1,2.7003,923,0.05
0,1.6173,923,0.05
1,1.8844,923,0.05
1,5.2668,923,0.05
1,2.9004,923,0.05
0,4.5668,923,0.05
1,3.3667,923,10.0
0,2.3499,923,10.0
0,2.6007,923,10.0
1,2.0703,924,10.0
1,2.5741,924,10.0
1,1.7102,924,10.0
1,2.1781,924,10.0
1,1.2079,924,10.0
0,3.4461,924,10.0
1,4.0579,924,10.0
1,1.2572,924,10.0
1,1.1896,924,10.0
1,2.1756,924,10.0
0,3.7567,924,10.0
0,3.4569,924,10.0
1,2.82,924,10.0
1,1.1207,924,10.0
1,1.8618,924,10.0
1,1.3124,924,10.0
1,2.1881,924,0.05
1,2.939,924,0.05
1,2.7932,924,0.05
1,1.7435,924,0.05
1,1.8957,924,0.05
1,1.2246,924,0.05
0,1.8259,924,0.05
1,1.426,924,0.05
1,1.1914,924,0.05
1,2.4231,924,0.05
1,1.3764,924,0.05
1,1.0732,924,10.0
1,2.506,924,10.0
0,4.3401,924,10.0
1,1.707,924,10.0
1,1.9971,924,10.0
1,1.6577,924,10.0
1,1.9636,924,10.0
1,1.4094,924,10.0
0,1.3892,924,10.0
0,1.4386,924,10.0
1,2.3125,924,10.0
1,1.3112,924,10.0
1,2.6453,924,10.0
1,1.706,924,10.0
1,1.2231,924,10.0
0,1.1252,924,0.05
1,2.1724,924,0.05
1,1.9253,924,10.0
1,1.8115,924,10.0
0,2.6605,924,10.0
0,2.4604,924,10.0
1,1.1976,924,10.0
1,1.046,924,10.0
1,1.0975,924,10.0
1,3.0467,924,10.0
1,1.4295,924,0.05
1,2.542,924,0.05
1,1.2916,924,0.05
1,1.9927,924,0.05
1,2.0416,924,0.05
0,1.6575,924,0.05
1,1.1418,924,0.05
0,1.7255,924,0.05
1,1.4566,924,10.0
1,2.1919,924,10.0
0,2.7303,924,10.0
1,1.3119,924,10.0
1,1.0304,924,10.0
1,1.0772,924,10.0
1,3.1277,924,10.0
1,0.9423,924,10.0
1,2.076,924,0.05
0,2.1763,924,0.05
1,2.0278,924,0.05
1,1.8775,924,0.05
1,0.8647,924,0.05
0,1.6639,924,0.05
1,1.9144,924,0.05
1,1.1756,924,0.05
1,5.1472,925,10.0
1,2.6213,925,10.0
1,4.2806,925,10.0
1,1.7556,925,10.0
1,4.0363,925,10.0
1,4.4556,925,10.0
1,1.7839,925,10.0
1,3.5442,925,10.0
1,4.861,925,0.05
0,2.8097,925,0.05
1,1.6661,925,0.05
1,2.4444,925,0.05
1,5.1772,925,0.05
1,2.4773,925,0.05
1,4.8363,925,0.05
1,1.9767,925,0.05
1,3.5076,925,0.05
1,1.9194,925,0.05
1,1.6567,925,0.05
1,2.3786,925,0.05
1,2.1751,925,0.05
1,1.7088,925,0.05
0,2.7749,925,0.05
1,1.6576,925,0.05
1,1.4395,925,10.0
1,1.5993,925,10.0
1,2.9837,925,10.0
1,2.9927,925,10.0
1,2.48,925,10.0
0,3.2744,925,10.0
0,2.7771,925,10.0
1,2.8653,925,10.0
1,3.8635,925,10.0
1,6.2565,925,10.0
1,1.7266,925,10.0
1,3.1584,925,10.0
1,3.2319,925,10.0
1,2.1584,925,10.0
1,3.5151,925,0.05
1,1.8169,925,0.05
1,3.6175,925,0.05
0,3.1008,925,0.05
1,3.2695,925,0.05
1,3.1743,925,0.05
1,3.9244,925,0.05
1,6.4447,925,10.0
1,2.4938,925,10.0
1,3.4845,925,10.0
0,6.2683,925,10.0
1,2.9274,925,10.0
0,4.6758,925,10.0
1,3.0335,925,10.0
1,2.0558,925,10.0
1,5.2689,925,0.05
1,3.0389,925,0.05
0,4.5543,925,0.05
1,3.052,925,0.05
1,1.7077,925,0.05
1,6.9833,925,0.05
1,6.6999,925,0.05
1,2.5247,925,0.05
0,3.0755,925,0.05
1,3.3356,925,0.05
1,3.6857,925,0.05
1,3.1608,925,0.05
0,3.4881,925,0.05
1,2.4283,925,0.05
0,7.2052,925,0.05
1,2.7234,925,0.05
1,5.9069,925,10.0
1,3.0226,925,10.0
1,4.4224,925,10.0
0,6.9668,925,10.0
1,6.0164,925,10.0
1,3.8841,925,10.0
1,2.2269,925,10.0
1,2.6767,925,10.0
1,6.1372,925,10.0
0,2.0735,925,10.0
1,6.0945,925,10.0
1,4.4376,925,10.0
1,6.167,927,0.05
1,6.2513,927,0.05
0,7.8619,927,0.05
1,5.3044,927,0.05
1,6.4703,927,0.05
0,3.4558,927,0.05
1,4.0296,927,0.05
0,4.6235,927,0.05
0,2.6568,927,0.05
0,2.6775,927,0.05
0,2.8132,927,0.05
1,2.6375,927,0.05
1,3.4163,927,0.05
1,3.5552,927,0.05
1,2.8316,927,0.05
1,5.1442,927,10.0
1,3.5622,927,10.0
1,2.7569,927,10.0
1,8.0093,927,10.0
0,6.4865,927,10.0
0,2.3302,927,10.0
0,4.2706,927,10.0
0,5.4607,927,10.0
1,4.7427,927,10.0
1,8.0356,927,10.0
0,4.7695,927,10.0
1,3.956,927,10.0
1,2.7776,927,0.05
0,6.6599,927,0.05
0,7.0678,927,0.05
1,2.6221,927,0.05
1,2.4605,927,0.05
1,3.2608,927,10.0
1,7.1396,927,10.0
1,3.2105,927,10.0
1,4.7266,927,10.0
1,2.8754,927,10.0
0,2.052,927,10.0
1,2.8071,927,10.0
1,2.1745,927,10.0
1,2.2675,927,0.05
1,4.6066,927,0.05
0,3.508,927,0.05
1,5.5255,927,0.05
1,2.91,927,0.05
1,2.4581,927,0.05
1,2.5047,927,0.05
1,2.909,927,10.0
1,2.9522,927,10.0
1,3.7452,927,10.0
1,2.996,927,10.0
1,4.0399,927,10.0
1,4.1221,927,10.0
0,2.1963,927,10.0
0,2.2146,927,10.0
1,3.045,927,0.05
1,1.7683,927,0.05
1,3.1826,927,0.05
1,2.1603,927,0.05
0,3.4616,927,0.05
1,1.9044,927,0.05
1,2.8251,927,0.05
1,2.2629,927,10.0
1,3.6793,927,10.0
1,1.7086,927,10.0
1,1.9754,927,10.0
0,2.7571,927,10.0
1,2.0673,927,10.0
0,3.8763,927,10.0
1,6.3092,927,10.0
0,3.3608,927,0.05
0,3.1734,927,0.05
0,2.6321,927,0.05
0,2.4193,927,0.05
1,2.2337,927,0.05
1,5.5449,927,0.05
1,2.3451,927,0.05
1,2.2824,927,0.05
1,4.448,928,10.0
1,2.538,928,10.0
1,1.612,928,10.0
1,2.312,928,10.0
1,1.921,928,10.0
1,5.355,928,10.0
1,2.748,928,10.0
1,1.565,928,0.05
1,1.157,928,0.05
1,1.632,928,0.05
1,1.403,928,0.05
1,1.817,928,0.05
1,1.896,928,0.05
1,1.419,928,0.05
1,2.848,928,0.05
1,3.668,928,10.0
1,1.644,928,10.0
0,1.877,928,10.0
1,3.413,928,10.0
1,3.455,928,10.0
1,1.47,928,10.0
1,1.509,928,10.0
0,3.495,928,10.0
1,5.308,928,0.05
1,1.753,928,0.05
1,1.58,928,0.05
1,2.086,928,0.05
1,2.549,928,0.05
1,3.816,928,0.05
1,1.852,928,0.05
1,6.195,928,0.05
1,6.058,928,0.05
0,3.831,928,0.05
1,3.209,928,0.05
1,1.813,928,0.05
1,1.765,928,0.05
1,1.954,928,0.05
1,1.519,928,0.05
1,2.141,928,0.05
0,5.977,928,0.05
1,3.431,928,0.05
1,2.344,928,0.05
1,4.245,928,0.05
1,1.431,928,0.05
1,2.247,928,0.05
0,2.421,928,0.05
1,2.609,928,0.05
1,5.245,928,10.0
1,5.073,928,10.0
1,5.093,928,10.0
1,5.237,928,10.0
1,2.841,928,10.0
1,4.339,928,10.0
1,3.439,928,10.0
1,4.751,928,10.0
1,2.727,928,10.0
1,1.834,928,10.0
1,1.564,928,10.0
1,1.56,928,10.0
1,1.92,928,10.0
1,2.487,928,10.0
1,5.136,928,10.0
1,3.643,928,10.0
0,1.0857,929,10.0
1,1.4494,929,10.0
1,1.2418,929,10.0
1,1.2116,929,10.0
1,1.1348,929,10.0
0,1.6105,929,10.0
1,0.8682,929,10.0
1,1.1437,929,0.05
1,1.6118,929,0.05
1,0.8919,929,0.05
1,1.1747,929,0.05
1,1.6225,929,0.05
1,0.7763,929,0.05
0,0.9251,929,0.05
1,1.4747,929,0.05
1,0.9095,929,0.05
1,1.1185,929,0.05
0,1.0613,929,0.05
1,1.3322,929,0.05
1,1.1282,929,0.05
1,1.5425,929,0.05
1,1.0076,929,0.05
1,0.7651,929,0.05
1,1.0785,929,0.05
1,0.9401,929,0.05
1,1.036,929,0.05
1,1.2468,929,0.05
1,0.8831,929,0.05
1,0.6451,929,0.05
0,0.8736,929,0.05
1,1.0743,929,10.0
0,0.8153,929,10.0
1,0.7814,929,10.0
1,0.9187,929,10.0
1,0.7341,929,10.0
1,0.8311,929,10.0
1,0.7324,929,10.0
1,1.3616,929,10.0
1,0.8502,929,10.0
1,1.0209,929,10.0
1,0.9418,929,10.0
1,0.7718,929,10.0
1,1.713,929,10.0
0,0.8126,929,10.0
1,0.7784,929,10.0
0,1.2887,929,10.0
0,1.0585,929,0.05
1,0.6594,929,0.05
0,0.8764,929,0.05
1,0.8425,929,0.05
0,1.6475,929,0.05
1,1.1107,929,0.05
0,1.1641,929,0.05
1,1.3664,929,0.05
0,1.1673,929,10.0
0,0.668,929,10.0
1,0.7507,929,10.0
1,0.7827,929,10.0
0,0.9566,929,10.0
0,1.0524,929,10.0
1,0.7763,929,10.0
1,1.0555,929,10.0
1,0.9035,929,0.05
1,0.8678,929,0.05
0,0.7891,929,0.05
1,1.119,929,0.05
1,0.8694,929,0.05
1,0.7102,929,0.05
1,1.0012,929,0.05
1,0.9385,929,0.05
1,0.8481,929,10.0
1,1.0733,929,10.0
0,0.7955,929,10.0
1,0.7024,929,10.0
0,0.8415,929,10.0
1,1.3284,929,10.0
0,1.013,929,10.0
1,0.9862,929,10.0
1,1.9447,930,0.05
1,1.1948,930,0.05
0,2.7134,930,0.05
1,1.8458,930,0.05
1,1.4805,930,0.05
0,2.0791,930,0.05
0,2.8325,930,0.05
0,1.9317,930,0.05
0,1.3321,930,10.0
1,1.237,930,10.0
1,1.7061,930,10.0
0,1.2059,930,10.0
1,1.1469,930,10.0
0,2.0509,930,10.0
1,1.4691,930,10.0
1,1.9,930,10.0
0,1.1186,930,0.05
0,1.7773,930,0.05
0,2.0504,930,0.05
1,1.3726,930,0.05
0,1.677,930,0.05
1,1.5826,930,0.05
1,2.5682,930,0.05
1,1.8359,930,0.05
1,2.2877,930,10.0
1,0.8741,930,10.0
0,1.5655,930,10.0
1,1.0474,930,10.0
1,1.7637,930,10.0
0,1.829,930,10.0
1,1.4016,930,10.0
1,1.2624,930,10.0
1,1.0464,930,0.05
1,1.0505,930,0.05
1,1.1979,930,0.05
1,1.4126,930,0.05
0,2.2602,930,0.05
0,1.3805,930,0.05
1,1.8107,930,0.05
0,1.8658,930,0.05
1,0.7955,930,10.0
1,1.2583,930,10.0
0,1.9778,930,10.0
1,1.73,930,10.0
1,1.2043,930,10.0
1,1.2394,930,10.0
0,1.1173,930,10.0
1,1.1321,930,10.0
1,1.0298,930,0.05
1,0.8267,930,0.05
1,0.9892,930,0.05
1,0.9402,930,0.05
1,1.1176,930,0.05
1,0.896,930,0.05
1,1.2946,930,0.05
1,0.9622,930,0.05
0,2.833,930,10.0
1,1.1233,930,10.0
0,1.7797,930,10.0
1,1.3448,930,10.0
1,1.1185,930,10.0
1,1.5645,930,10.0
1,1.8838,930,10.0
1,1.1805,930,10.0
0,1.5168,930,0.05
1,1.0487,930,0.05
0,1.1033,930,0.05
0,1.3794,930,0.05
1,1.0365,930,0.05
1,0.8799,930,0.05
0,1.6098,930,0.05
1,0.8448,930,0.05
1,0.904,930,10.0
1,1.1159,930,10.0
1,0.7523,930,10.0
0,1.1645,930,10.0
0,0.8194,930,10.0
1,0.7507,930,10.0
1,1.6493,930,10.0
1,1.5679,930,10.0
1,0.8132,930,10.0
1,0.8993,930,10.0
0,1.3042,930,10.0
0,1.7933,930,10.0
1,1.3309,930,10.0
1,0.8537,930,10.0
0,1.0514,930,10.0
0,1.744,930,10.0
0,1.7807,930,0.05
1,2.2475,930,0.05
1,1.9089,930,0.05
1,0.9819,930,0.05
0,1.3955,930,0.05
0,1.6025,930,0.05
1,0.6733,930,0.05
0,0.9067,930,0.05
1,1.406,931,10.0
1,1.442,931,10.0
1,2.369,931,10.0
0,2.437,931,10.0
0,1.123,931,10.0
0,1.141,931,10.0
1,1.45,931,10.0
1,2.282,931,10.0
0,3.585,931,10.0
1,1.583,931,10.0
1,1.783,931,10.0
1,0.966,931,10.0
1,1.328,931,10.0
1,1.112,931,10.0
0,1.931,931,10.0
1,1.416,931,10.0
1,1.038,931,0.05
1,1.034,931,0.05
0,0.891,931,0.05
1,1.178,931,0.05
0,0.895,931,0.05
1,3.373,931,0.05
0,1.391,931,0.05
0,1.411,931,0.05
0,1.681,931,0.05
0,3.371,931,0.05
1,1.413,931,0.05
0,1.759,931,0.05
1,1.389,931,0.05
0,1.214,931,0.05
1,1.376,931,0.05
1,1.185,931,0.05
1,1.674,931,0.05
1,1.295,931,0.05
0,1.48,931,0.05
1,1.108,931,0.05
1,1.633,931,0.05
1,2.042,931,0.05
0,3.668,931,0.05
1,2.719,931,0.05
0,1.591,931,0.05
0,1.534,931,0.05
1,2.016,931,0.05
1,1.39,931,0.05
1,2.123,931,0.05
1,2.076,931,0.05
0,2.186,931,0.05
1,1.863,931,0.05
1,1.599,931,10.0
1,1.198,931,10.0
0,3.131,931,10.0
1,1.794,931,10.0
0,2.284,931,10.0
1,2.238,931,10.0
0,1.934,931,0.05
1,1.426,931,0.05
0,2.362,931,0.05
1,1.565,931,0.05
1,3.247,931,0.05
0,2.033,931,0.05
1,1.317,931,0.05
0,1.089,931,0.05
1,2.049,931,10.0
0,2.812,931,10.0
1,1.785,931,10.0
0,2.218,931,10.0
0,1.567,931,10.0
1,2.176,931,10.0
1,2.411,931,10.0
0,1.851,931,10.0
0,2.528,931,10.0
1,1.273,931,10.0
1,3.234,931,10.0
1,2.877,931,10.0
0,2.487,931,10.0
1,2.547,931,10.0
1,1.884,931,10.0
1,1.208,931,0.05
1,2.002,931,0.05
1,2.378,931,0.05
1,1.712,931,0.05
1,6.0086,932,10.0
1,7.2045,932,10.0
1,7.5463,932,10.0
1,4.0112,932,10.0
1,3.9648,932,10.0
0,6.4375,932,10.0
0,5.2376,932,0.05
1,4.6948,932,0.05
0,5.366,932,0.05
0,4.9025,932,0.05
1,3.2989,932,0.05
1,4.2535,932,0.05
1,4.2018,932,0.05
1,3.8845,932,0.05
0,4.823,932,0.05
1,4.7371,932,0.05
1,5.5714,932,0.05
0,5.6308,932,0.05
0,2.5276,932,0.05
1,2.774,932,0.05
1,3.6317,932,0.05
0,3.7251,932,0.05
1,4.7451,932,10.0
0,4.9641,932,10.0
1,3.5631,932,10.0
1,3.4161,932,10.0
0,6.7581,932,10.0
1,4.5767,932,10.0
1,4.8956,932,10.0
1,4.0071,932,10.0
1,4.8853,932,0.05
0,4.115,932,0.05
1,3.1651,932,0.05
1,4.6717,932,0.05
1,2.8516,932,0.05
0,3.0224,932,0.05
1,3.89,932,0.05
1,5.5392,932,0.05
1,2.8318,932,10.0
1,4.8692,932,10.0
1,7.4146,932,10.0
1,6.0275,932,10.0
1,5.4902,932,10.0
1,3.7651,932,10.0
1,3.6917,932,10.0
1,3.0749,932,10.0
1,3.7301,932,0.05
1,3.2727,932,0.05
0,3.9372,932,0.05
1,3.8696,932,0.05
1,3.564,932,0.05
1,3.7043,932,0.05
1,4.181,932,0.05
0,5.3728,932,0.05
0,4.3847,932,10.0
1,4.0442,932,10.0
1,5.4567,932,10.0
1,4.8968,932,10.0
1,4.0184,932,10.0
0,4.2545,932,0.05
1,2.5998,932,0.05
1,3.0316,932,0.05
1,3.1199,932,0.05
1,3.4503,932,0.05
0,3.765,932,0.05
0,7.0081,932,0.05
1,3.3491,932,0.05
0,6.9485,932,10.0
1,3.1749,932,10.0
1,4.4373,932,10.0
1,2.0443,932,10.0
1,3.4917,932,10.0
1,3.2218,932,10.0
1,3.8919,932,10.0
1,3.5297,932,10.0
1,5.5902,932,0.05
1,2.0605,932,0.05
1,3.232,932,0.05
1,1.8082,932,0.05
0,3.9946,932,0.05
1,4.0156,932,0.05
0,2.1723,932,0.05
1,1.6918,932,0.05
1,2.6786,932,10.0
1,2.5561,932,10.0
1,3.002,932,10.0
1,1.987,932,10.0
1,2.88,932,10.0
1,4.909,932,10.0
1,5.5642,932,10.0
0,2.4543,932,10.0
1,4.9559,933,0.05
0,3.3824,933,0.05
0,4.469,933,0.05
1,2.2505,933,0.05
1,1.3164,933,0.05
1,3.4533,933,0.05
1,2.4267,933,0.05
1,2.9005,933,0.05
1,2.8782,933,0.05
1,1.2249,933,0.05
1,1.3059,933,0.05
1,2.6973,933,0.05
1,1.1574,933,0.05
1,3.1464,933,0.05
1,1.6053,933,0.05
1,3.4406,933,0.05
1,4.0785,933,10.0
1,1.8763,933,10.0
1,1.2406,933,10.0
1,3.04,933,10.0
0,1.9563,933,10.0
1,2.282,933,10.0
1,1.9434,933,10.0
0,3.8207,933,10.0
0,3.4001,933,10.0
0,1.933,933,10.0
1,1.2602,933,10.0
1,3.1228,933,10.0
1,2.4739,933,10.0
0,4.0495,933,10.0
1,2.7798,933,10.0
1,3.196,933,10.0
1,5.1557,933,10.0
0,4.6623,933,10.0
1,4.4512,933,10.0
1,3.97,933,10.0
1,2.7037,933,10.0
0,0.6984,933,10.0
1,2.7214,933,10.0
0,3.4599,933,10.0
1,4.2379,933,0.05
1,2.5727,933,0.05
0,3.0548,933,0.05
1,1.9172,933,0.05
0,3.5607,933,0.05
0,4.0099,933,0.05
1,1.1326,933,0.05
0,2.4471,933,0.05
1,2.701,933,0.05
0,2.0346,933,0.05
1,4.551,933,0.05
0,5.9666,933,0.05
0,2.2339,933,0.05
1,3.0344,933,0.05
1,1.6515,933,0.05
1,5.2508,933,0.05
1,4.235,933,0.05
1,1.1139,933,0.05
1,4.4804,933,0.05
1,6.6849,933,0.05
1,4.0509,933,0.05
1,2.8506,933,0.05
1,4.2681,933,0.05
1,4.784,933,0.05
1,4.2679,933,10.0
1,2.1677,933,10.0
1,7.1007,933,10.0
1,5.535,933,10.0
1,5.0506,933,10.0
1,3.6172,933,10.0
1,6.5679,933,10.0
1,4.5681,933,10.0
1,4.7683,933,10.0
0,4.2009,933,10.0
1,7.9015,933,10.0
0,4.884,933,10.0
1,4.198,934,10.0
0,3.814,934,10.0
1,2.631,934,10.0
1,5.015,934,10.0
0,5.594,934,10.0
1,1.537,934,10.0
1,3.314,934,10.0
0,2.407,934,10.0
1,3.166,934,10.0
0,1.983,934,10.0
1,3.167,934,10.0
0,6.907,934,10.0
1,6.75,934,10.0
1,2.004,934,10.0
1,1.82,934,10.0
1,2.141,934,0.05
1,4.427,934,0.05
1,7.775,934,0.05
1,4.119,934,0.05
1,3.642,934,0.05
1,3.85,934,0.05
1,6.36,934,0.05
1,3.038,934,0.05
1,6.399,934,0.05
1,2.369,934,0.05
1,2.359,934,0.05
1,5.626,934,0.05
1,1.66,934,10.0
1,4.472,934,10.0
1,1.764,934,10.0
1,3.046,934,10.0
0,3.848,934,10.0
0,4.137,934,10.0
1,4.399,934,10.0
1,7.998,934,0.05
1,2.666,934,0.05
0,4.41,934,0.05
1,2.07,934,0.05
1,2.321,934,0.05
1,3.106,934,0.05
1,5.222,934,0.05
1,2.183,934,0.05
0,2.022,934,0.05
1,2.132,934,0.05
1,2.527,934,0.05
0,3.919,934,0.05
0,4.021,934,0.05
1,3.809,934,0.05
0,4.807,934,0.05
1,6.31,934,0.05
1,4.717,934,10.0
1,4.521,934,10.0
1,7.417,934,10.0
1,5.738,934,10.0
1,3.769,934,10.0
1,4.279,934,10.0
1,3.785,934,10.0
0,2.296,934,10.0
1,1.301,934,10.0
1,2.015,934,10.0
1,2.048,934,10.0
1,2.055,934,10.0
1,1.834,934,10.0
1,1.233,934,10.0
0,3.81,934,0.05
0,3.514,934,0.05
1,2.516,934,0.05
0,1.241,934,0.05
1,4.438,934,0.05
0,3.71,934,0.05
1,2.219,934,0.05
1,1.047,934,0.05
1,3.606,934,0.05
1,2.017,934,0.05
0,0.854,934,0.05
1,3.658,934,0.05
0,1.218,934,0.05
0,1.238,934,0.05
1,1.258,934,0.05
1,1.494,934,0.05
1,2.903,934,10.0
0,1.331,934,10.0
1,1.156,934,10.0
0,1.336,934,10.0
1,1.508,934,10.0
1,4.248,934,10.0
1,1.063,934,10.0
1,2.144,934,10.0
0,2.1363,935,0.05
1,1.0911,935,0.05
1,1.1764,935,0.05
1,1.049,935,0.05
1,1.4659,935,0.05
1,0.8112,935,0.05
1,1.6449,935,0.05
1,2.1593,935,0.05
1,1.7274,935,0.05
1,3.2091,935,0.05
1,0.6247,935,0.05
1,2.3864,935,0.05
0,1.3997,935,0.05
0,0.8102,935,0.05
0,1.1744,935,0.05
1,1.9302,935,10.0
0,1.9097,935,10.0
1,1.0783,935,10.0
1,2.1307,935,10.0
1,1.0372,935,10.0
1,1.6067,935,10.0
1,1.4461,935,10.0
1,0.9446,935,10.0
1,1.2213,935,10.0
0,1.3592,935,10.0
0,1.0618,935,10.0
1,0.8628,935,10.0
0,1.1273,935,10.0
1,1.0342,935,10.0
1,0.9645,935,10.0
1,0.9991,935,10.0
0,2.9348,935,0.05
1,1.9227,935,0.05
1,3.2751,935,0.05
0,1.3564,935,0.05
1,2.3048,935,0.05
1,1.347,935,0.05
1,1.0106,935,0.05
1,1.626,935,0.05
1,1.4398,935,0.05
1,1.5566,935,0.05
1,1.2953,935,0.05
1,1.5071,935,0.05
0,0.8812,935,0.05
1,1.4547,935,0.05
1,1.0041,935,10.0
0,2.4315,935,10.0
1,3.3547,935,10.0
1,2.4244,935,10.0
1,0.8236,935,0.05
1,1.0348,935,0.05
1,1.8943,935,0.05
1,0.7867,935,0.05
1,1.3818,935,0.05
0,1.4132,935,0.05
0,1.4779,935,0.05
0,1.1929,935,0.05
0,1.6422,935,0.05
1,2.0425,935,0.05
1,0.9779,935,0.05
1,2.3774,935,0.05
1,3.804,936,0.05
0,1.7561,936,0.05
0,2.8917,936,0.05
1,1.5329,936,0.05
1,2.9535,936,0.05
1,1.7465,936,0.05
1,3.0347,936,0.05
1,3.4424,936,0.05
0,2.426,936,10.0
1,1.8537,936,10.0
1,2.0688,936,10.0
1,1.6529,936,10.0
1,2.4108,936,10.0
1,1.502,936,10.0
1,1.6658,936,10.0
1,2.2719,936,10.0
1,1.8656,936,10.0
1,1.7274,936,10.0
0,1.7559,936,10.0
0,1.6987,936,10.0
1,1.2618,936,10.0
1,1.8242,936,10.0
1,1.4642,936,10.0
1,2.8126,936,10.0
1,1.6884,936,0.05
1,2.5224,936,0.05
0,2.5212,936,0.05
1,1.6689,936,0.05
1,3.7379,936,0.05
1,1.286,936,0.05
1,1.4518,936,0.05
1,2.0523,936,0.05
1,1.7034,936,0.05
1,1.8391,936,0.05
1,3.0779,936,0.05
1,1.6874,936,0.05
1,3.1383,936,0.05
0,3.647,936,0.05
1,1.3892,936,0.05
1,1.4837,936,0.05
1,2.3586,936,10.0
1,1.1254,936,10.0
1,1.7386,936,10.0
1,0.9912,936,10.0
1,1.2061,936,10.0
1,2.8423,936,10.0
1,1.5582,936,10.0
0,3.0872,936,10.0
1,1.3312,936,10.0
1,0.9134,936,10.0
0,1.1354,936,10.0
1,1.5196,936,10.0
1,1.3354,936,10.0
1,1.0678,936,10.0
0,0.976,936,10.0
0,0.8682,936,10.0
0,1.4035,936,0.05
1,2.2195,936,0.05
1,1.9967,936,0.05
0,3.9621,936,0.05
1,0.8348,936,0.05
1,1.1859,936,0.05
1,1.1052,936,0.05
1,0.7257,936,0.05
0,2.9761,936,10.0
0,3.3236,936,10.0
0,2.9035,936,10.0
1,2.0192,936,10.0
1,1.1016,936,10.0
1,1.1188,936,10.0
1,1.9193,936,10.0
0,3.5034,936,10.0
1,1.1691,936,0.05
0,3.0202,936,0.05
1,1.3688,936,0.05
1,2.5866,936,0.05
0,1.1188,936,0.05
0,3.7714,936,0.05
1,2.2373,936,0.05
1,1.0014,936,0.05
1,1.5729,936,10.0
1,1.876,936,10.0
1,1.4131,936,10.0
0,3.2636,936,10.0
1,1.4186,936,10.0
1,4.7317,937,10.0
1,4.5616,937,10.0
0,4.7615,937,10.0
1,2.3614,937,10.0
1,3.4573,937,10.0
1,6.6782,937,10.0
1,4.894,937,10.0
1,3.111,937,10.0
0,6.3585,937,0.05
1,3.7795,937,0.05
1,5.1067,937,0.05
1,3.6455,937,0.05
1,6.17,937,0.05
0,9.1282,937,0.05
0,3.1433,937,0.05
1,5.1139,937,0.05
0,5.536,937,0.05
1,2.4627,937,0.05
1,3.7459,937,0.05
0,4.1431,937,0.05
1,2.0863,937,0.05
1,2.4075,937,0.05
1,2.3105,937,0.05
1,2.1973,937,0.05
1,7.345,937,10.0
1,2.4114,937,10.0
0,7.8591,937,10.0
1,5.0586,937,10.0
1,2.1728,937,10.0
1,5.6321,937,10.0
1,3.5404,937,10.0
1,2.2616,937,10.0
1,4.4707,937,10.0
0,5.7449,937,10.0
1,4.4183,937,10.0
1,4.5426,937,10.0
1,8.2998,937,10.0
1,5.058,937,10.0
1,4.9775,937,10.0
1,5.4261,937,10.0
1,5.0582,937,0.05
1,2.5288,937,0.05
1,4.4049,937,0.05
1,3.0811,937,0.05
1,4.4924,937,0.05
0,5.8004,937,0.05
1,2.8339,937,0.05
1,6.5073,937,0.05
0,3.4384,937,0.05
1,3.7773,937,0.05
0,4.1404,937,0.05
1,4.371,937,0.05
1,4.9763,937,0.05
0,6.7226,937,0.05
1,4.1695,937,0.05
1,6.0903,937,0.05
1,5.4476,937,10.0
1,2.5593,937,10.0
1,3.9758,937,10.0
1,7.1789,937,10.0
1,3.4097,937,10.0
1,5.2634,937,10.0
1,5.7816,937,10.0
0,7.7431,937,10.0
1,8.1664,937,10.0
1,4.026,937,10.0
1,3.8852,937,10.0
1,3.7611,937,10.0
1,6.2429,937,10.0
1,5.667,937,10.0
1,4.7227,937,10.0
0,7.0508,937,10.0
1,3.8231,937,10.0
1,5.7379,937,10.0
1,9.0873,937,10.0
1,4.1714,937,10.0
1,6.7287,937,10.0
1,4.1598,937,10.0
1,3.9348,937,10.0
0,4.8048,937,10.0
0,4.26,937,0.05
1,2.2766,937,0.05
1,3.656,937,0.05
1,7.2901,937,0.05
0,4.3981,937,0.05
1,2.1634,937,0.05
0,3.2632,937,0.05
1,6.459,937,0.05
1,3.9302,937,0.05
1,2.2974,937,0.05
1,2.592,937,0.05
1,4.3285,937,0.05
1,4.3915,937,0.05
1,2.5758,937,0.05
1,8.8365,938,10.0
1,6.6057,938,10.0
0,2.782,938,10.0
1,6.0997,938,10.0
1,1.6788,938,10.0
1,5.7214,938,10.0
1,10.1637,938,10.0
1,2.0416,938,10.0
1,3.8173,938,0.05
1,2.6631,938,0.05
0,2.4374,938,0.05
1,2.8112,938,0.05
1,7.3359,938,0.05
1,5.0737,938,0.05
1,5.2645,938,0.05
1,9.5017,938,0.05
1,9.8932,938,10.0
1,8.7532,938,0.05
1,11.6606,938,0.05
1,7.4139,938,0.05
0,5.6297,938,0.05
1,3.3824,938,0.05
1,5.1195,938,0.05
1,9.3648,938,0.05
1,5.2423,938,0.05
0,3.4278,938,0.05
1,2.6604,938,0.05
1,7.0619,938,0.05
1,3.0858,938,0.05
1,1.8542,938,10.0
1,2.2434,938,10.0
1,2.8818,938,10.0
1,2.7317,938,10.0
1,6.2703,938,10.0
0,9.368,938,10.0
1,2.3915,938,10.0
0,3.5212,938,10.0
1,3.723,938,0.05
1,2.1715,938,0.05
0,1.8728,938,0.05
1,1.575,938,0.05
1,1.3434,938,0.05
1,1.5609,938,0.05
0,1.1557,938,0.05
1,2.0491,938,0.05
1,2.4501,938,0.05
1,2.8311,938,0.05
0,3.3015,938,0.05
1,2.176,938,0.05
1,1.3261,938,0.05
0,1.4512,938,0.05
1,0.9658,938,0.05
1,5.3514,938,0.05
1,2.8102,938,10.0
0,4.2537,938,10.0
0,4.1856,938,10.0
0,1.1013,938,10.0
1,6.8849,938,10.0
1,4.7785,938,10.0
1,1.6814,938,10.0
0,7.5963,938,10.0
0,1.5411,939,0.05
1,1.1292,939,0.05
1,1.9308,939,0.05
1,3.7509,939,0.05
1,1.2151,939,0.05
1,2.4473,939,0.05
0,2.6175,939,0.05
0,1.8185,939,0.05
1,3.5183,939,0.05
1,2.8,939,0.05
1,4.1829,939,0.05
0,3.4125,939,0.05
1,4.1596,939,0.05
1,3.62,939,0.05
1,4.4183,939,0.05
1,8.219,939,10.0
1,1.6215,939,10.0
1,1.8206,939,10.0
1,4.151,939,10.0
1,1.8124,939,10.0
1,4.6656,939,10.0
0,4.2463,939,10.0
0,2.4567,939,10.0
0,1.7487,939,10.0
1,1.1665,939,10.0
0,1.7673,939,10.0
1,2.4,939,10.0
1,6.7729,939,10.0
1,4.6095,939,10.0
1,4.6786,939,0.05
1,2.0874,939,0.05
1,3.9554,939,0.05
1,4.1455,939,0.05
1,1.7502,939,0.05
1,2.2423,939,0.05
1,3.6241,939,0.05
1,3.0383,939,10.0
1,2.9792,939,10.0
0,3.0765,939,10.0
1,2.4863,939,10.0
1,1.8865,939,10.0
1,4.2886,939,10.0
1,5.6038,939,10.0
1,3.9305,939,10.0
1,3.5996,939,10.0
1,2.4855,939,10.0
1,3.3666,939,10.0
1,3.3786,939,10.0
1,6.29,939,10.0
1,4.1362,939,10.0
1,6.5525,939,10.0
1,2.7686,939,10.0
1,2.7841,939,0.05
1,2.3355,939,0.05
1,5.5512,939,0.05
1,1.6625,939,0.05
1,3.8662,939,0.05
1,5.6745,939,0.05
1,1.1821,939,0.05
0,3.2737,939,0.05
1,4.0514,939,10.0
1,2.1703,939,10.0
1,4.1094,939,10.0
1,1.5439,939,10.0
1,2.9292,939,10.0
0,2.6696,939,10.0
1,3.3028,939,10.0
1,2.0588,939,10.0
1,7.0433,939,0.05
1,3.8183,939,0.05
1,3.0826,939,0.05
1,3.4485,939,0.05
1,5.7872,939,0.05
1,7.558,939,0.05
1,2.945,939,0.05
0,4.6997,939,0.05
1,2.8164,939,0.05
0,2.6037,939,0.05
1,3.511,939,0.05
1,4.2464,939,0.05
1,5.7081,939,0.05
0,3.5584,939,10.0
1,4.4781,939,10.0
1,2.3336,939,10.0
1,5.7058,939,10.0
1,4.8954,939,10.0
0,3.2886,941,0.05
1,3.1157,941,0.05
1,1.7285,941,0.05
1,3.4338,941,0.05
1,2.7624,941,0.05
0,3.2341,941,0.05
1,2.3301,941,0.05
0,2.4628,941,0.05
0,1.7637,941,0.05
1,2.1623,941,0.05
0,3.7322,941,0.05
1,3.8522,941,0.05
1,1.6056,941,0.05
0,3.5748,941,0.05
0,0.7624,941,0.05
0,1.8768,941,10.0
1,1.7672,941,10.0
1,2.5322,941,10.0
0,1.8928,941,10.0
1,1.6788,941,10.0
0,3.6155,941,10.0
1,2.1142,941,0.05
0,2.1177,941,0.05
1,2.8665,941,0.05
1,1.5626,941,0.05
1,3.181,941,0.05
0,1.2169,941,0.05
1,0.8816,941,0.05
0,1.0997,941,0.05
1,1.1654,941,0.05
0,0.8114,941,0.05
1,1.2511,941,0.05
0,1.0,941,0.05
0,0.8956,941,0.05
1,1.2341,941,0.05
1,1.001,941,0.05
0,2.201,941,0.05
1,1.334,941,0.05
1,1.1994,941,0.05
1,1.3668,941,0.05
1,1.3999,941,0.05
1,2.8878,941,0.05
1,1.1636,941,0.05
1,2.1411,941,0.05
0,1.2671,941,0.05
1,1.2511,941,0.05
1,1.0344,941,0.05
1,1.0504,941,0.05
1,0.9839,941,0.05
1,1.4573,941,10.0
0,1.5985,941,10.0
1,1.2297,941,10.0
0,1.8833,941,10.0
1,1.6174,941,10.0
1,1.4338,941,10.0
1,1.184,941,10.0
1,1.334,941,10.0
0,1.0327,941,10.0
0,1.9,941,10.0
0,1.333,941,10.0
1,1.4837,941,10.0
1,1.167,941,10.0
1,1.4175,941,10.0
1,1.8835,941,10.0
0,2.3508,941,10.0
1,1.6653,943,0.05
0,2.7218,943,0.05
1,2.9723,943,0.05
1,1.1374,943,0.05
1,2.7153,943,0.05
1,1.123,943,0.05
1,2.0435,943,0.05
0,1.3589,943,0.05
0,5.2923,943,10.0
1,1.9257,943,10.0
1,2.2194,943,10.0
1,4.7869,943,10.0
1,1.1478,943,10.0
0,3.9816,943,10.0
0,2.1086,943,10.0
1,1.2066,943,10.0
0,2.4076,943,0.05
1,1.5122,943,0.05
1,2.2117,943,0.05
0,1.2285,943,0.05
0,1.3492,943,0.05
1,2.217,943,0.05
1,1.3932,943,0.05
1,1.0429,943,0.05
1,3.3305,943,10.0
1,1.641,943,10.0
1,1.577,943,10.0
1,1.1972,943,10.0
0,4.6052,943,10.0
0,1.7503,943,10.0
1,2.8625,943,10.0
1,1.6749,943,10.0
1,1.2813,943,10.0
1,0.9922,943,10.0
1,3.4475,943,10.0
0,2.7236,943,10.0
0,2.389,943,10.0
0,1.8149,943,10.0
1,1.1093,943,10.0
1,0.968,943,0.05
1,1.9099,943,0.05
1,2.0453,943,0.05
0,1.6052,943,0.05
1,2.1943,943,0.05
1,1.5205,943,0.05
0,4.4098,943,10.0
1,3.7153,943,10.0
1,2.7126,943,10.0
1,3.2419,943,10.0
1,1.7674,943,10.0
0,4.9575,943,10.0
1,1.5864,943,10.0
0,3.5045,943,0.05
0,3.0544,943,0.05
0,4.3939,943,0.05
1,2.4438,943,0.05
1,5.6549,943,0.05
1,1.3097,943,0.05
1,2.6771,943,0.05
1,3.7614,943,10.0
1,1.5698,944,10.0
1,1.4455,944,10.0
0,2.8676,944,10.0
1,1.8499,944,10.0
1,1.1488,944,10.0
0,1.6287,944,10.0
1,1.2644,944,10.0
0,2.6343,944,10.0
1,2.0993,944,10.0
1,1.5665,944,10.0
0,3.7513,944,10.0
0,1.1315,944,10.0
1,0.9954,944,10.0
1,1.8983,944,10.0
1,2.1961,944,0.05
1,3.2622,944,0.05
1,1.2004,944,0.05
1,2.9736,944,0.05
1,2.2316,944,0.05
1,1.6717,944,0.05
1,2.1467,944,0.05
1,0.9624,944,0.05
1,2.0995,944,0.05
1,2.9667,944,0.05
0,1.8779,944,0.05
1,2.0326,944,0.05
1,2.3118,944,10.0
1,1.0659,944,10.0
1,2.9153,944,10.0
0,3.1426,944,10.0
1,0.9659,944,10.0
1,1.1318,944,10.0
0,1.4831,944,10.0
1,4.117,944,10.0
1,0.8801,944,0.05
1,1.1163,944,0.05
0,1.0155,944,0.05
1,3.93,944,0.05
1,0.8999,944,0.05
0,1.1514,944,0.05
1,4.2174,944,0.05
1,1.2152,944,10.0
1,1.5019,944,10.0
1,2.9315,944,10.0
1,1.6651,944,10.0
1,2.175,944,10.0
1,1.4985,944,10.0
1,1.0626,944,10.0
1,1.0162,944,0.05
1,0.8976,944,0.05
1,1.0998,944,0.05
1,1.001,944,10.0
1,2.0597,944,10.0
1,1.4968,944,10.0
0,3.14,944,10.0
1,0.8677,944,10.0
1,1.9322,944,10.0
1,2.671,944,10.0
1,2.0519,944,0.05
0,1.732,944,0.05
1,2.1162,944,0.05
1,1.6055,944,0.05
0,2.065,944,0.05
0,3.0897,944,0.05
1,1.6709,944,0.05
1,0.8837,944,0.05
0,2.3355,944,0.05
1,1.8463,944,0.05
1,1.2687,944,0.05
1,2.1315,944,0.05
1,2.8955,944,0.05
1,3.8502,944,0.05
0,3.8666,944,10.0
0,1.596,944,10.0
1,1.6665,944,10.0
1,1.9159,944,10.0
1,2.2152,944,10.0
1,1.3483,944,10.0
1,2.4171,944,10.0
1,1.913,944,10.0
0,2.675,945,0.05
1,2.002,945,0.05
1,1.292,945,0.05
1,1.435,945,0.05
1,1.249,945,0.05
1,1.835,945,0.05
1,2.917,945,0.05
0,2.648,945,0.05
1,3.73,945,0.05
1,1.231,945,0.05
1,1.685,945,0.05
0,2.148,945,0.05
1,0.858,945,0.05
1,3.184,945,0.05
0,3.138,945,0.05
1,3.103,945,10.0
1,1.281,945,10.0
0,1.213,945,10.0
1,2.785,945,10.0
0,1.51,945,10.0
1,1.049,945,10.0
1,4.466,945,10.0
1,1.807,945,10.0
1,1.812,945,10.0
1,3.964,945,10.0
1,1.716,945,10.0
1,2.671,945,10.0
1,2.56,945,10.0
1,1.399,945,10.0
1,1.653,945,10.0
1,1.523,945,10.0
1,1.048,945,10.0
0,1.85,945,10.0
1,1.229,945,10.0
0,2.614,945,10.0
1,1.692,945,10.0
1,2.556,945,10.0
1,1.461,945,10.0
1,1.816,945,10.0
1,1.555,945,10.0
1,1.148,945,10.0
1,3.109,945,10.0
1,3.24,945,10.0
1,1.739,945,10.0
0,2.28,945,10.0
1,1.353,945,0.05
1,0.881,945,0.05
1,1.44,945,0.05
1,3.194,945,0.05
1,2.803,945,0.05
1,1.249,945,0.05
1,1.43,945,0.05
1,1.786,945,0.05
0,1.326,945,0.05
1,0.947,945,0.05
1,1.116,945,0.05
1,0.982,945,0.05
0,1.851,945,0.05
1,2.633,945,0.05
0,1.841,945,0.05
1,2.368,945,10.0
1,1.168,945,10.0
1,2.359,945,10.0
1,1.437,945,10.0
1,0.751,945,10.0
0,0.993,945,10.0
1,0.728,945,10.0
1,3.367,945,0.05
1,4.146,945,0.05
1,2.439,945,0.05
1,1.192,945,0.05
1,1.337,945,0.05
1,2.312,945,0.05
1,0.932,945,0.05
1,0.8,945,0.05
1,0.791,945,10.0
1,0.784,945,10.0
1,2.966,945,10.0
0,0.999,945,10.0
1,2.127,945,10.0
0,1.105,945,10.0
1,1.52,945,10.0
1,1.162,945,10.0
1,1.289,945,0.05
1,2.602,945,0.05
1,1.851,945,0.05
1,2.186,945,0.05
1,0.753,945,0.05
0,2.438,945,0.05
1,1.546,945,0.05
1,1.888,945,0.05
0,4.8772,946,10.0
1,5.964,946,10.0
1,5.0125,946,10.0
1,7.6178,946,10.0
1,9.027,946,10.0
1,1.7324,946,10.0
1,2.0296,946,10.0
0,2.4571,946,10.0
0,2.478,946,0.05
1,1.2063,946,0.05
1,3.721,946,0.05
0,5.0689,946,0.05
1,6.5293,946,0.05
0,0.8667,946,0.05
0,1.8311,946,0.05
1,2.6938,946,0.05
0,4.9434,946,10.0
1,2.4918,946,10.0
1,1.6664,946,10.0
0,4.284,946,10.0
0,4.6161,946,10.0
1,5.2943,946,10.0
1,4.2423,946,10.0
0,6.4796,946,10.0
1,3.068,946,0.05
1,0.9853,946,0.05
1,4.1644,946,0.05
0,0.9746,946,0.05
1,2.4585,946,0.05
1,3.7781,946,0.05
1,2.1261,946,0.05
1,1.5504,946,0.05
1,3.0,946,10.0
1,4.0001,946,10.0
1,8.4003,946,10.0
1,6.0009,946,10.0
0,5.367,946,10.0
0,7.8668,946,10.0
1,4.6501,946,10.0
1,4.3837,946,10.0
0,2.717,946,0.05
0,6.5505,946,0.05
1,4.867,946,0.05
1,4.2337,946,0.05
1,4.467,946,0.05
0,6.1837,946,0.05
0,7.1003,946,0.05
1,6.6003,946,0.05
0,2.7003,946,0.05
1,1.2838,946,0.05
1,2.9697,946,0.05
1,3.0335,946,0.05
1,1.7003,946,0.05
0,8.1834,946,0.05
1,2.5002,946,0.05
1,6.584,946,0.05
1,2.5005,946,10.0
0,2.267,946,10.0
1,2.7172,946,10.0
1,3.6502,946,10.0
1,2.0504,946,10.0
0,6.1671,946,10.0
0,7.467,946,10.0
1,6.3503,946,10.0
1,2.1507,946,10.0
1,3.567,946,0.05
1,2.317,946,0.05
1,3.7502,946,0.05
1,2.2839,946,0.05
0,6.1669,946,0.05
1,6.0506,946,0.05
1,4.1743,946,0.05
1,3.4337,946,0.05
1,2.5171,946,0.05
1,4.2504,946,0.05
1,2.9504,946,0.05
0,6.3334,946,0.05
1,3.3508,946,0.05
1,5.3169,946,0.05
0,3.1837,946,0.05
1,4.7673,946,0.05
0,6.7838,946,10.0
1,7.3839,946,10.0
1,2.8673,946,10.0
0,2.8166,946,10.0
1,2.9503,946,10.0
0,3.3839,946,10.0
1,5.834,946,10.0
1,6.0173,946,10.0
1,3.6841,948,0.05
1,3.8029,948,0.05
1,4.1167,948,0.05
1,4.0997,948,0.05
1,3.4869,948,0.05
1,4.7987,948,0.05
1,4.287,948,0.05
1,5.2377,948,10.0
1,3.8559,948,10.0
1,5.2437,948,10.0
1,5.5076,948,10.0
1,3.05,948,10.0
1,3.9578,948,10.0
1,3.0949,948,10.0
1,4.1796,948,10.0
1,1.8876,948,0.05
1,2.742,948,0.05
1,3.793,948,0.05
0,4.8963,948,0.05
1,2.0016,948,0.05
1,3.1622,948,0.05
1,2.808,948,0.05
1,4.4147,948,0.05
1,3.9798,948,10.0
1,6.7435,948,10.0
1,6.4287,948,10.0
1,2.7841,948,10.0
1,2.3141,948,10.0
1,3.2452,948,10.0
1,3.0359,948,10.0
1,2.0512,948,10.0
1,2.7776,948,10.0
0,5.0535,948,10.0
1,4.3974,948,10.0
1,4.9966,948,10.0
1,3.8549,948,10.0
0,4.3776,948,10.0
1,4.9982,948,10.0
1,6.2305,948,0.05
1,2.6415,948,0.05
0,3.0618,948,0.05
1,4.6229,948,0.05
1,3.5593,948,0.05
1,3.33,948,0.05
1,2.3253,948,0.05
1,1.8623,948,0.05
1,3.7978,948,10.0
1,3.3305,948,10.0
1,3.3021,948,10.0
1,3.3496,948,10.0
1,3.1047,948,10.0
1,2.3187,948,10.0
1,2.4974,948,10.0
1,2.3531,948,10.0
1,3.3464,948,0.05
1,4.3625,948,0.05
1,3.6249,948,0.05
1,1.9742,948,10.0
1,7.0181,948,10.0
0,2.4208,948,10.0
1,2.8946,948,10.0
1,2.6703,948,10.0
1,2.0716,948,10.0
1,3.3244,948,10.0
1,1.7111,948,0.05
1,2.3175,948,0.05
1,3.4805,948,0.05
1,2.6575,948,0.05
1,2.496,948,0.05
1,2.9027,948,0.05
1,2.0769,948,0.05
1,2.7409,948,0.05
1,2.6656,948,0.05
1,6.4031,948,0.05
1,2.6862,948,0.05
1,1.7358,948,0.05
1,2.2862,948,0.05
1,1.8192,948,0.05
0,2.6003,948,0.05
1,3.0869,948,0.05
1,2.6926,948,10.0
1,5.2983,948,10.0
0,6.6758,948,10.0
0,4.3098,948,10.0
1,1.658,948,10.0
1,3.8975,948,10.0
0,3.842,948,10.0
0,2.4473,948,10.0
1,1.485,949,0.05
0,3.064,949,0.05
0,3.595,949,0.05
1,4.071,949,0.05
0,2.677,949,0.05
1,3.399,949,0.05
1,3.078,949,0.05
1,2.395,949,0.05
1,4.411,949,10.0
1,2.359,949,10.0
1,1.917,949,10.0
1,2.047,949,10.0
1,2.751,949,10.0
1,3.607,949,10.0
1,6.089,949,10.0
1,1.899,949,10.0
1,4.007,949,0.05
1,5.23,949,0.05
1,1.646,949,0.05
1,1.763,949,0.05
1,2.439,949,0.05
1,4.012,949,0.05
0,3.546,949,0.05
0,5.457,949,0.05
1,4.704,949,10.0
0,4.171,949,10.0
1,2.424,949,10.0
1,6.942,949,10.0
1,3.2,949,10.0
1,1.588,949,10.0
1,4.274,949,10.0
1,5.09,949,10.0
1,3.159,949,0.05
1,3.598,949,0.05
0,4.579,949,0.05
1,3.741,949,0.05
0,5.812,949,0.05
1,4.495,949,0.05
0,5.62,949,0.05
1,4.271,949,0.05
1,2.572,949,0.05
0,3.877,949,0.05
1,4.209,949,0.05
1,4.806,949,0.05
1,3.484,949,0.05
1,3.11,949,0.05
0,4.387,949,0.05
1,2.463,949,0.05
1,5.938,949,0.05
1,3.644,949,0.05
1,2.99,949,0.05
1,3.88,949,0.05
1,2.003,949,0.05
1,5.351,949,0.05
0,5.954,949,0.05
1,2.182,949,0.05
0,6.687,949,10.0
1,2.292,949,10.0
1,5.13,949,10.0
1,2.602,949,10.0
1,3.582,949,10.0
1,1.629,949,10.0
1,2.055,949,10.0
1,2.247,949,10.0
0,3.959,949,10.0
1,3.393,949,10.0
1,4.849,949,10.0
1,5.636,949,10.0
1,1.568,949,10.0
1,1.317,949,10.0
1,2.146,949,10.0
1,2.39,949,10.0
1,3.166,949,0.05
1,5.072,949,0.05
1,3.109,949,0.05
1,3.332,949,0.05
1,2.224,949,0.05
1,2.49,949,0.05
1,4.59,949,0.05
1,1.97,949,0.05
0,1.721,950,10.0
1,1.009,950,10.0
1,0.839,950,10.0
0,0.876,950,10.0
1,1.333,950,10.0
1,1.659,950,10.0
0,1.608,950,10.0
1,2.015,950,10.0
0,1.46,950,10.0
1,1.534,950,10.0
1,1.139,950,10.0
0,1.84,950,10.0
0,1.361,950,10.0
1,1.221,950,10.0
1,1.028,950,10.0
1,1.345,950,10.0
1,2.06,950,0.05
1,1.469,950,0.05
1,1.823,950,0.05
0,1.526,950,0.05
1,0.989,950,0.05
0,1.122,950,0.05
1,1.007,950,0.05
0,1.537,950,0.05
1,1.122,950,0.05
1,1.373,950,0.05
0,1.641,950,0.05
0,1.939,950,0.05
1,1.909,950,0.05
0,1.763,950,0.05
1,1.758,950,0.05
0,1.442,950,0.05
1,2.724,950,10.0
0,1.907,950,10.0
1,1.736,950,10.0
1,2.337,950,10.0
1,1.838,950,10.0
1,1.75,950,10.0
1,1.626,950,10.0
1,1.169,950,10.0
0,1.822,950,0.05
0,1.785,950,0.05
0,1.683,950,0.05
0,1.688,950,0.05
0,2.679,950,0.05
1,1.69,950,0.05
1,2.277,950,0.05
1,1.494,950,0.05
0,1.922,950,10.0
1,1.405,950,10.0
1,2.11,950,10.0
0,2.125,950,10.0
0,1.904,950,10.0
0,1.755,950,10.0
1,1.921,950,10.0
1,2.286,950,10.0
1,1.739,950,0.05
0,2.371,950,0.05
1,1.496,950,0.05
1,2.218,950,0.05
1,2.186,950,0.05
1,1.743,950,0.05
0,1.628,950,0.05
1,1.566,950,0.05
1,1.858,950,0.05
1,1.588,950,0.05
1,1.271,950,0.05
0,1.568,950,0.05
0,1.637,950,0.05
1,2.592,950,0.05
1,2.121,950,0.05
0,1.257,950,0.05
1,2.02,950,0.05
1,2.838,950,0.05
1,1.541,950,10.0
0,1.969,950,10.0
0,1.344,950,10.0
0,1.806,950,10.0
1,1.426,950,10.0
1,1.955,950,10.0
1,1.627,950,10.0
1,2.294,950,10.0
1,2.077,950,10.0
0,2.807,950,10.0
1,1.731,950,10.0
1,2.266,950,10.0
1,2.855,950,10.0
1,1.385,950,10.0
1,1.0452,951,0.05
1,1.1041,951,0.05
1,0.8643,951,0.05
1,0.5714,951,0.05
0,1.6089,951,0.05
1,0.6242,951,0.05
0,1.6509,951,0.05
0,0.8093,951,0.05
1,2.0943,951,10.0
0,2.3063,951,10.0
1,0.8014,951,10.0
1,1.2843,951,10.0
0,1.7121,951,10.0
1,1.4913,951,10.0
1,1.8001,951,10.0
1,0.7357,951,10.0
1,1.1993,951,10.0
1,1.4054,951,10.0
0,0.6645,951,10.0
0,2.0898,951,10.0
1,0.6217,951,10.0
0,1.8048,951,10.0
1,0.7637,951,10.0
1,1.0224,951,10.0
0,1.5252,951,0.05
0,1.0365,951,0.05
1,0.8196,951,0.05
1,0.8127,951,0.05
1,0.8624,951,0.05
0,2.0823,951,0.05
0,1.4628,951,0.05
0,1.0194,951,0.05
1,1.443,951,0.05
1,2.0281,951,0.05
0,1.9946,951,0.05
1,1.2743,951,0.05
1,1.7721,951,0.05
1,1.9764,951,0.05
0,2.0021,951,0.05
1,1.4569,951,0.05
1,1.7482,951,0.05
1,1.5229,951,10.0
0,1.3001,951,10.0
1,1.0789,951,10.0
1,1.0729,951,10.0
1,1.1244,951,10.0
0,1.5019,951,10.0
1,0.8846,951,10.0
1,2.0128,951,0.05
0,1.5729,951,0.05
1,1.5124,951,0.05
1,2.1478,951,0.05
1,2.2759,951,0.05
0,1.5721,951,0.05
1,1.0318,951,0.05
1,1.3581,951,0.05
1,3.0824,951,0.05
1,0.8801,951,0.05
1,2.0115,951,0.05
1,0.8189,951,0.05
1,1.4031,951,0.05
1,2.2395,951,0.05
1,1.1385,951,0.05
1,2.1801,951,0.05
0,1.7917,951,10.0
0,1.2323,951,10.0
1,2.2327,951,10.0
1,1.1615,951,10.0
1,1.7289,951,10.0
1,0.8371,951,10.0
1,1.995,953,10.0
0,1.6177,953,10.0
1,1.5958,953,10.0
1,1.0025,953,10.0
0,0.8626,953,10.0
0,1.3315,953,10.0
1,1.3478,953,10.0
0,0.8577,953,10.0
1,1.3491,953,0.05
1,1.3473,953,0.05
0,0.7475,953,0.05
1,1.0978,953,0.05
1,1.3509,953,0.05
1,0.6298,953,0.05
1,0.8822,953,0.05
1,1.5306,953,0.05
0,1.1167,953,0.05
0,2.2847,953,0.05
1,0.8326,953,0.05
0,0.7635,953,0.05
0,1.1017,953,0.05
1,1.3314,953,0.05
1,0.6815,953,0.05
1,0.8497,953,0.05
1,1.2797,953,10.0
1,0.8185,953,10.0
1,1.2846,953,10.0
1,0.8004,953,10.0
0,0.934,953,10.0
0,1.5674,953,10.0
0,1.4337,953,10.0
0,0.8852,953,10.0
0,1.7281,953,0.05
1,1.0184,953,0.05
1,2.2196,953,0.05
1,0.8027,953,0.05
1,1.7303,953,0.05
0,1.285,953,0.05
0,2.4989,953,0.05
1,1.3145,953,0.05
0,1.3654,953,10.0
1,1.6976,953,10.0
1,2.0658,953,10.0
1,1.7244,953,10.0
1,1.5153,953,10.0
0,2.4959,953,10.0
1,1.4353,953,10.0
1,1.5904,953,10.0
1,1.3309,953,0.05
1,1.9697,953,0.05
0,1.0404,953,0.05
1,1.6022,953,0.05
1,0.8199,953,0.05
1,1.4029,953,0.05
1,1.5633,953,0.05
0,1.6824,953,10.0
1,2.6651,953,10.0
0,1.6326,953,10.0
1,0.9152,953,10.0
0,1.3137,953,10.0
1,0.9575,953,10.0
0,1.5319,953,10.0
1,1.8654,953,10.0
1,1.2475,953,10.0
1,1.4938,953,0.05
1,1.0929,953,0.05
1,1.4959,953,0.05
1,1.6636,953,0.05
1,2.6964,953,0.05
1,1.3185,953,0.05
1,1.0137,953,0.05
0,2.0265,953,0.05
1,1.88,953,0.05
1,1.182,953,0.05
0,1.662,953,0.05
1,1.1626,953,0.05
1,1.2967,953,0.05
1,1.1279,953,0.05
0,1.8336,953,0.05
0,0.9906,953,0.05
1,0.8885,953,10.0
1,1.4928,953,10.0
1,1.4524,953,10.0
1,1.3657,953,10.0
1,1.4991,953,10.0
0,1.1032,953,10.0
1,0.9888,953,10.0
0,0.9933,954,0.05
1,0.874,954,0.05
0,1.3544,954,0.05
1,2.3912,954,0.05
1,1.7892,954,0.05
1,0.9124,954,0.05
1,0.9977,954,0.05
0,1.6294,954,0.05
0,1.4578,954,0.05
1,1.9508,954,0.05
1,0.8885,954,0.05
1,1.3995,954,0.05
1,0.9568,954,0.05
0,2.6029,954,0.05
1,1.6473,954,0.05
1,2.3985,954,0.05
0,2.4683,954,10.0
1,1.196,954,10.0
1,1.0072,954,10.0
1,1.5612,954,10.0
0,1.449,954,10.0
1,1.0019,954,10.0
1,1.2168,954,10.0
1,2.0364,954,10.0
0,2.2918,954,10.0
1,2.417,954,10.0
1,2.2106,954,10.0
1,1.0792,954,10.0
0,1.3375,954,10.0
1,1.2701,954,10.0
0,1.5113,954,10.0
1,1.8694,954,0.05
1,1.4342,954,0.05
0,1.3342,954,0.05
1,1.1703,954,0.05
1,1.4718,954,0.05
1,2.0551,954,0.05
0,1.4879,954,0.05
1,1.5121,954,10.0
0,1.4997,954,10.0
1,1.3167,954,10.0
1,1.1669,954,10.0
1,1.1168,954,10.0
0,1.928,954,10.0
1,1.5175,954,10.0
1,2.3689,954,10.0
0,0.956,954,10.0
1,1.1405,954,10.0
0,2.1452,954,10.0
0,1.2728,954,10.0
1,2.673,954,10.0
1,1.0676,954,10.0
1,1.3872,954,10.0
1,1.3341,954,10.0
1,2.0175,954,0.05
1,0.8572,954,0.05
0,2.17,954,0.05
1,1.373,954,0.05
1,0.9326,954,0.05
1,1.3684,954,0.05
0,0.9537,954,0.05
0,0.9892,954,0.05
1,1.7733,954,10.0
0,2.5863,954,10.0
1,1.2086,954,10.0
0,1.1261,954,10.0
1,0.8434,954,10.0
1,1.3474,954,10.0
1,1.0793,954,10.0
1,0.8198,954,0.05
0,1.8901,954,0.05
0,1.0244,954,0.05
1,1.6434,954,0.05
1,0.9085,954,0.05
1,1.6929,954,0.05
1,1.3096,954,0.05
1,0.9219,954,0.05
1,0.8374,954,10.0
1,1.2752,954,10.0
1,0.824,954,10.0
1,1.2401,954,10.0
0,0.9478,954,10.0
0,1.1476,954,10.0
1,1.3479,954,10.0
1,1.1976,954,10.0
0,1.7432,954,0.05
1,0.8092,954,0.05
1,0.809,954,0.05
0,1.0618,954,0.05
1,1.3297,954,0.05
1,1.4242,954,0.05
1,0.9658,954,0.05
1,0.8896,954,0.05
0,0.736,955,0.05
1,0.6735,955,0.05
1,0.6771,955,0.05
1,0.9924,955,0.05
1,0.7515,955,0.05
0,0.8661,955,0.05
1,0.8543,955,0.05
1,0.7528,955,0.05
0,1.3611,955,10.0
1,1.048,955,10.0
1,0.824,955,10.0
1,1.4143,955,10.0
1,0.8598,955,10.0
0,1.0866,955,10.0
1,0.9153,955,10.0
1,0.6715,955,10.0
1,1.0481,955,10.0
1,0.9728,955,10.0
1,1.3023,955,10.0
1,0.7467,955,10.0
1,1.306,955,10.0
1,0.9058,955,10.0
1,1.0954,955,10.0
1,0.7293,955,10.0
0,1.2778,955,0.05
0,0.7046,955,0.05
1,0.5394,955,0.05
1,0.706,955,0.05
0,0.5686,955,0.05
1,0.8355,955,0.05
1,1.3562,955,0.05
0,0.8813,955,0.05
0,1.5187,955,10.0
1,2.2653,955,10.0
1,2.4575,955,10.0
1,1.1657,955,10.0
0,2.416,955,10.0
1,1.295,955,10.0
1,1.7556,955,10.0
1,1.3887,955,10.0
1,2.2042,955,10.0
1,2.454,955,10.0
1,1.7213,955,10.0
1,1.5963,955,10.0
0,1.8129,955,10.0
1,1.9603,955,0.05
1,1.4621,955,0.05
1,2.8567,955,0.05
1,1.0674,955,0.05
0,2.122,955,0.05
1,1.3621,955,0.05
0,1.4712,955,0.05
1,2.1304,955,0.05
1,1.2901,955,0.05
1,1.5008,955,0.05
1,2.4416,955,0.05
1,1.5911,955,0.05
1,1.7302,955,0.05
1,1.3612,955,0.05
1,1.0197,955,0.05
1,1.941,955,0.05
1,1.8947,955,0.05
1,1.2369,955,0.05
1,1.0998,955,0.05
1,1.1709,955,0.05
1,0.7208,955,0.05
1,1.8963,955,0.05
1,2.7107,955,0.05
1,1.1948,955,10.0
0,1.6414,955,10.0
1,1.8915,955,10.0
0,1.9072,955,10.0
1,1.2484,955,10.0
1,1.0282,955,10.0
1,1.9901,955,10.0
1,0.9903,955,10.0
1,1.5935,955,0.05
1,2.0414,955,0.05
0,1.8592,955,0.05
1,1.7765,955,0.05
1,1.5859,955,0.05
1,1.3745,955,10.0
1,2.6451,955,10.0
1,1.384,955,10.0
1,4.6332,956,0.05
0,4.2258,956,0.05
0,5.8714,956,0.05
1,1.185,956,0.05
1,2.2018,956,0.05
1,1.5448,956,0.05
1,1.0797,956,0.05
1,3.0191,956,0.05
1,1.7168,956,10.0
0,1.06,956,10.0
0,2.5062,956,10.0
0,1.3496,956,10.0
1,1.6653,956,10.0
1,1.0126,956,10.0
1,1.0995,956,10.0
1,1.9843,956,10.0
1,1.8161,956,10.0
1,1.8511,956,10.0
0,1.6143,956,10.0
1,2.1825,956,10.0
0,3.2345,956,10.0
1,1.3839,956,10.0
1,1.4463,956,10.0
1,4.5172,956,10.0
0,2.5865,956,0.05
0,3.9038,956,0.05
0,5.4192,956,0.05
1,1.3473,956,0.05
1,1.2069,956,0.05
1,1.1965,956,0.05
0,2.134,956,0.05
1,1.1165,956,0.05
0,1.4082,956,0.05
1,2.8841,956,0.05
1,4.2595,956,0.05
1,4.4177,956,0.05
1,3.7329,956,0.05
1,3.7536,956,0.05
1,2.2004,956,0.05
1,5.0996,956,10.0
1,1.5318,956,10.0
1,4.2716,956,10.0
1,3.14,956,10.0
1,2.5343,956,10.0
1,3.4369,956,10.0
1,1.4636,956,10.0
1,4.9539,956,10.0
0,2.5722,956,0.05
1,1.1766,956,0.05
1,2.4506,956,0.05
0,2.1174,956,0.05
1,1.4686,956,0.05
0,1.6993,956,0.05
1,1.4961,956,10.0
1,4.7571,956,10.0
1,2.4853,956,10.0
1,2.2985,956,10.0
1,4.9334,956,10.0
1,2.5355,956,10.0
0,3.5512,956,10.0
1,2.6706,956,10.0
1,0.9519,956,0.05
0,2.0188,956,0.05
1,2.4546,956,0.05
1,2.3362,956,0.05
1,2.9691,956,0.05
1,2.068,956,0.05
1,4.4361,956,0.05
1,4.5887,956,0.05
0,2.3375,956,10.0
1,2.4066,956,10.0
0,2.2648,956,10.0
1,1.9051,956,10.0
1,1.7558,956,10.0
1,1.3402,956,10.0
1,1.8823,956,10.0
1,2.0496,956,10.0
1,3.1712,957,0.05
0,3.2766,957,0.05
1,2.4229,957,0.05
0,2.095,957,0.05
1,2.2288,957,0.05
1,1.6479,957,0.05
1,2.6012,957,0.05
0,1.8871,957,0.05
1,1.8651,957,10.0
0,2.9067,957,10.0
1,2.9844,957,10.0
1,3.7082,957,10.0
1,3.6566,957,10.0
1,2.8837,957,10.0
0,4.0562,957,10.0
1,2.0641,957,10.0
1,3.625,957,10.0
1,2.5607,957,10.0
1,6.7391,957,10.0
1,6.1595,957,10.0
0,5.759,957,10.0
1,3.8175,957,10.0
0,2.8007,957,10.0
1,2.1751,957,10.0
1,4.3061,957,0.05
1,1.6616,957,0.05
1,4.7256,957,0.05
1,7.7442,957,0.05
1,2.2421,957,0.05
1,6.4905,957,0.05
1,8.1627,957,0.05
0,3.8471,957,0.05
1,6.4605,957,10.0
0,6.7273,957,10.0
1,3.5602,957,10.0
1,6.3468,957,10.0
0,3.5858,957,10.0
1,3.9395,957,10.0
0,4.5178,957,10.0
1,5.4128,957,10.0
1,1.7725,957,10.0
0,4.9587,957,10.0
1,1.5342,957,10.0
1,5.4069,957,10.0
1,4.9237,957,10.0
0,7.5787,957,10.0
1,6.3114,957,0.05
1,1.235,957,0.05
1,2.9955,957,0.05
1,3.4079,957,0.05
1,1.3778,957,0.05
1,2.5175,957,0.05
0,4.5133,957,0.05
1,3.4341,957,0.05
0,1.1612,957,0.05
1,2.2124,957,0.05
1,6.841,957,0.05
1,2.6075,957,0.05
0,4.2077,957,0.05
0,8.8424,957,0.05
0,4.2927,957,0.05
1,6.1243,957,0.05
1,4.8626,957,0.05
1,1.7968,957,0.05
1,2.2651,957,0.05
1,2.0444,957,0.05
1,1.9973,957,0.05
0,3.3761,957,0.05
1,3.387,957,0.05
1,3.872,957,0.05
1,1.534,957,0.05
0,1.6795,957,0.05
0,1.8964,957,0.05
1,1.3073,957,0.05
1,1.1956,957,0.05
1,1.4173,957,0.05
1,3.19,957,10.0
1,1.2857,957,10.0
1,2.1677,957,10.0
1,1.867,957,10.0
1,3.2301,957,10.0
0,2.4278,957,10.0
1,3.137,957,10.0
0,2.3054,957,10.0
1,4.1289,957,10.0
1,3.0077,957,10.0
1,1.4148,957,10.0
0,1.8153,957,10.0
1,3.4508,957,10.0
1,1.368,957,10.0
1,1.4754,957,10.0
1,1.3397,957,10.0
0,2.444,958,10.0
0,2.3243,958,10.0
1,2.4124,958,10.0
1,2.3668,958,10.0
0,3.312,958,10.0
1,3.0752,958,10.0
1,2.095,958,10.0
1,3.9764,958,10.0
1,2.0521,958,10.0
1,1.7298,958,10.0
1,1.9518,958,10.0
1,2.4459,958,10.0
1,3.0287,958,10.0
0,2.5355,958,10.0
1,2.6085,958,10.0
1,2.0248,958,0.05
1,1.6258,958,0.05
1,1.7299,958,0.05
0,3.63,958,0.05
0,3.1731,958,0.05
0,2.0088,958,0.05
1,1.4622,958,0.05
1,2.0052,958,0.05
1,1.4482,958,0.05
1,2.0945,958,0.05
1,1.7446,958,0.05
1,2.5994,958,0.05
1,2.0341,958,0.05
0,1.6426,958,0.05
1,1.5978,958,0.05
0,3.545,958,0.05
1,4.0954,958,0.05
1,3.5233,958,0.05
1,3.7985,958,0.05
0,1.9588,958,0.05
1,1.714,958,0.05
1,3.5274,958,10.0
1,2.4145,958,10.0
1,1.9028,958,10.0
0,2.5276,958,10.0
1,3.1765,958,10.0
0,2.3594,958,10.0
1,1.6567,958,10.0
0,2.6669,958,10.0
0,1.633,958,10.0
1,1.6672,958,10.0
1,2.768,958,10.0
1,2.0333,958,10.0
1,1.7173,958,10.0
1,1.7836,958,10.0
1,1.6835,958,10.0
0,1.9337,958,10.0
1,2.8167,958,0.05
1,1.201,958,0.05
1,2.6677,958,0.05
0,2.3847,958,0.05
1,1.6839,958,0.05
1,1.6165,958,0.05
1,2.2672,958,0.05
0,1.8172,958,0.05
0,2.8842,958,0.05
1,1.7337,958,0.05
1,3.9842,958,0.05
1,1.4504,958,0.05
1,2.4004,958,0.05
1,1.334,958,0.05
1,2.2005,958,0.05
1,1.901,958,0.05
1,2.134,958,0.05
1,1.4677,958,0.05
1,2.0843,958,0.05
0,2.6675,958,0.05
1,2.9509,958,0.05
1,2.0007,958,0.05
0,3.7002,958,0.05
1,2.7841,958,0.05
1,1.4512,958,10.0
0,1.8671,958,10.0
1,2.1341,958,10.0
1,2.2344,958,10.0
1,2.9838,958,10.0
1,3.5341,958,10.0
1,1.6507,958,10.0
1,1.267,958,10.0
0,1.7001,958,10.0
1,2.9178,958,10.0
1,2.117,958,10.0
1,1.6836,958,10.0
1,2.4505,958,10.0
0,2.8329,959,10.0
1,1.7269,959,10.0
0,1.2211,959,10.0
1,4.6003,959,10.0
0,1.6183,959,10.0
0,2.0626,959,10.0
1,2.3049,959,10.0
1,2.1788,959,0.05
1,2.0252,959,0.05
1,2.7428,959,0.05
0,2.3877,959,0.05
0,1.6586,959,0.05
1,4.2147,959,0.05
0,2.3929,959,0.05
1,2.4478,959,0.05
1,3.9621,959,0.05
1,2.3416,959,0.05
0,2.2123,959,0.05
1,3.9124,959,0.05
1,2.017,959,10.0
0,3.3624,959,10.0
0,2.5263,959,0.05
1,0.8033,959,0.05
0,3.0013,959,0.05
1,1.7868,959,0.05
1,1.4137,959,0.05
1,1.4787,959,0.05
1,1.6839,959,0.05
1,1.7044,959,0.05
0,2.14,959,0.05
1,2.0538,959,0.05
1,1.6081,959,0.05
1,1.5996,959,0.05
1,1.879,959,0.05
1,1.6021,959,10.0
1,1.912,959,10.0
1,3.8137,959,10.0
0,3.4775,959,10.0
1,1.3267,959,10.0
0,1.0001,959,10.0
1,1.9364,959,10.0
1,1.5799,959,10.0
1,3.5459,959,10.0
1,2.1726,959,10.0
1,1.2355,959,10.0
1,1.0841,959,10.0
1,1.4424,959,10.0
1,3.5983,959,10.0
1,1.4811,959,10.0
1,2.1737,959,10.0
0,1.4189,959,0.05
1,1.4254,959,0.05
1,1.0377,959,0.05
0,0.9501,959,0.05
1,1.855,959,0.05
0,1.7497,959,0.05
1,1.2401,959,0.05
1,2.2987,959,0.05
1,2.1075,959,0.05
1,0.7714,959,0.05
0,0.9882,959,0.05
1,1.8265,959,0.05
1,2.2227,959,0.05
0,4.1562,959,0.05
0,2.4605,959,0.05
1,2.6718,959,0.05
1,1.0752,960,0.05
0,1.2429,960,0.05
1,2.4175,960,0.05
1,3.2189,960,0.05
1,1.5311,960,0.05
0,3.587,960,0.05
1,1.5455,960,0.05
0,1.0768,960,0.05
1,1.1978,960,10.0
1,1.1367,960,10.0
0,2.6371,960,10.0
1,1.9621,960,10.0
1,2.3064,960,10.0
1,3.643,960,10.0
0,1.4602,960,10.0
1,3.2718,960,0.05
1,1.8949,960,0.05
1,2.9748,960,0.05
1,1.7662,960,0.05
1,2.1519,960,0.05
1,1.7795,960,0.05
1,2.5195,960,0.05
1,1.0081,960,0.05
1,2.1099,960,0.05
1,1.1819,960,10.0
1,1.7945,960,10.0
1,1.3645,960,10.0
1,1.8938,960,10.0
1,1.4908,960,10.0
1,2.3593,960,10.0
1,1.5693,960,10.0
1,1.2137,960,10.0
1,1.1248,960,10.0
1,1.5956,960,10.0
1,2.1278,960,10.0
1,1.8242,960,10.0
0,0.8312,960,10.0
1,1.4629,960,10.0
1,1.3122,960,10.0
1,1.2167,960,10.0
1,2.5278,960,10.0
0,1.0613,960,10.0
1,1.3258,960,10.0
0,1.1411,960,0.05
1,1.5276,960,0.05
1,1.2113,960,0.05
1,1.0504,960,0.05
0,1.0121,960,0.05
1,1.0688,960,0.05
1,0.8293,960,0.05
1,1.276,960,0.05
1,0.994,960,0.05
1,1.7317,960,0.05
1,1.1684,960,0.05
0,1.0684,960,0.05
1,3.0141,960,0.05
1,1.0027,960,0.05
1,1.3283,960,0.05
0,5.390925,961,0.05
1,1.968125,961,0.05
0,2.078195,961,0.05
1,1.293105,961,0.05
1,2.9581,961,0.05
1,5.690435,961,0.05
0,3.894185,961,0.05
1,4.59652,961,0.05
0,2.79129,961,0.05
1,3.742195,961,0.05
1,3.58902,961,0.05
1,2.53064,961,0.05
1,2.903935,961,0.05
1,1.141675,961,0.05
1,7.99092,961,0.05
1,5.91008,961,10.0
1,5.593955,961,10.0
1,5.83848,961,10.0
0,4.000815,961,10.0
1,3.053525,961,10.0
1,1.582695,961,10.0
1,6.64463,961,10.0
1,3.39694,961,0.05
1,2.19378,961,0.05
1,3.04043,961,0.05
0,2.315485,961,0.05
0,4.02939,961,0.05
1,1.66196,961,0.05
1,5.1448,961,0.05
1,5.293665,961,0.05
1,1.708815,961,0.05
0,2.96161,961,0.05
1,1.8099,961,0.05
1,1.242925,961,0.05
1,3.95766,961,0.05
1,4.71531,961,0.05
1,1.442435,961,0.05
1,3.876135,961,0.05
1,3.5144,961,10.0
1,1.62914,961,10.0
1,1.50289,961,10.0
1,2.409705,961,10.0
0,1.42849,961,10.0
1,4.602495,961,10.0
1,2.067355,961,10.0
0,3.30872,961,10.0
1,1.30217,961,10.0
1,5.528005,961,10.0
1,2.13316,961,10.0
0,6.587685,961,0.05
1,2.69085,961,0.05
1,1.73312,961,0.05
1,1.58823,961,0.05
1,2.727245,961,0.05
1,1.10004,961,0.05
1,1.614865,961,0.05
1,1.36768,961,0.05
1,2.772825,961,10.0
1,3.9293,961,10.0
1,1.678075,961,10.0
0,6.26069,961,10.0
1,1.659335,961,10.0
1,5.39543,961,10.0
1,1.82294,961,10.0
1,2.7264,961,10.0
1,1.612275,961,0.05
1,2.64844,961,0.05
1,0.836785,961,0.05
0,3.2901,961,0.05
1,1.251775,961,0.05
1,1.79544,961,0.05
0,6.155015,961,0.05
1,2.90898,961,0.05
1,1.3874,962,10.0
1,1.6412,962,10.0
0,3.1705,962,10.0
0,3.5054,962,10.0
1,2.8235,962,10.0
1,1.6154,962,10.0
1,3.2735,962,10.0
0,3.0732,962,10.0
0,2.0908,962,0.05
0,3.2905,962,0.05
0,4.0337,962,0.05
1,1.727,962,0.05
1,2.0791,962,0.05
1,6.2141,962,0.05
0,4.442,962,0.05
1,1.9039,962,0.05
1,5.3064,962,0.05
1,1.156,962,0.05
1,1.1524,962,0.05
1,2.0045,962,0.05
1,3.6499,962,0.05
1,1.3702,962,0.05
1,3.9692,962,0.05
1,1.9061,962,0.05
0,10.0404,962,10.0
0,7.3503,962,10.0
1,2.2608,962,10.0
1,2.7497,962,10.0
1,6.0434,962,10.0
0,4.0533,962,10.0
1,2.5925,962,10.0
1,6.6713,962,10.0
1,6.3135,962,10.0
1,9.0844,962,10.0
1,7.984,962,0.05
1,2.4784,962,0.05
1,2.3027,962,0.05
1,5.2804,962,0.05
0,5.9627,962,0.05
1,0.991,962,0.05
0,1.1712,962,0.05
1,10.3514,962,0.05
0,2.6276,962,0.05
0,3.7494,962,0.05
1,3.2421,962,0.05
1,3.395,962,10.0
1,2.4399,962,10.0
1,2.2686,962,10.0
1,2.1701,962,10.0
1,7.2365,962,10.0
1,2.3581,962,10.0
0,5.9861,962,10.0
1,2.747,962,10.0
0,1.4743,962,10.0
1,2.7277,962,10.0
1,1.7717,962,0.05
1,3.9674,962,0.05
1,2.8605,962,0.05
1,1.318,962,0.05
1,1.3871,962,0.05
1,7.0242,962,0.05
1,3.1299,962,0.05
1,5.8002,962,0.05
1,4.1202,962,0.05
0,10.7358,962,0.05
1,2.2886,962,0.05
1,2.3436,962,0.05
1,2.2275,962,0.05
1,5.8866,962,10.0
1,2.0944,962,10.0
1,2.4808,962,10.0
1,4.3826,962,10.0
1,1.7534,963,10.0
1,0.8842,963,10.0
1,1.1657,963,10.0
0,2.2975,963,10.0
1,1.4483,963,10.0
1,1.0711,963,10.0
0,1.7134,963,0.05
1,1.8292,963,0.05
1,0.847,963,0.05
0,1.5458,963,0.05
1,1.306,963,0.05
1,1.2651,963,0.05
1,1.3035,963,10.0
1,1.5981,963,10.0
0,1.4869,963,10.0
0,1.4515,963,10.0
1,1.2757,963,10.0
1,1.0481,963,10.0
1,2.5646,963,10.0
0,1.4341,963,10.0
0,1.4232,963,0.05
1,0.943,963,0.05
1,0.9999,963,0.05
0,0.9205,963,0.05
1,1.2324,963,0.05
1,0.8211,963,0.05
1,0.8803,963,0.05
1,1.2378,963,0.05
1,1.2781,963,10.0
1,1.211,963,10.0
1,1.713,963,10.0
0,2.1485,963,10.0
1,2.2982,963,10.0
1,1.7163,963,10.0
0,1.7647,963,10.0
1,1.3357,963,10.0
0,1.2124,963,0.05
1,1.0981,963,0.05
1,1.0653,963,0.05
1,2.3158,963,0.05
1,2.1367,963,0.05
1,1.214,963,0.05
1,2.1973,963,0.05
1,1.0812,963,0.05
0,1.867,963,0.05
0,2.831,963,0.05
0,1.912,963,0.05
1,1.5453,963,0.05
1,1.9022,963,0.05
1,1.7799,963,0.05
1,1.4836,963,0.05
0,0.946,963,0.05
0,2.3335,963,10.0
1,1.7473,963,10.0
1,1.4011,963,10.0
1,1.6628,963,10.0
1,1.378,963,10.0
0,1.2812,963,10.0
0,1.3585,963,10.0
1,2.1665,963,10.0
1,1.9807,963,10.0
1,1.7951,963,0.05
1,1.3813,963,0.05
0,1.9987,963,0.05
1,1.6572,963,0.05
1,1.7779,963,0.05
0,1.5852,963,0.05
0,1.4989,964,0.05
1,0.9502,964,0.05
1,1.7174,964,0.05
0,1.4838,964,0.05
1,1.6332,964,0.05
1,1.8669,964,0.05
1,1.6005,964,0.05
0,2.517,964,0.05
1,1.5748,964,10.0
1,1.473,964,10.0
1,1.6696,964,10.0
0,2.3026,964,10.0
1,1.2964,964,10.0
1,1.9079,964,10.0
1,2.9233,964,10.0
0,3.2495,964,10.0
1,1.4902,964,0.05
0,2.5367,964,0.05
1,1.1905,964,0.05
1,1.4425,964,0.05
0,3.2968,964,0.05
1,1.0797,964,0.05
1,1.3927,964,0.05
1,1.0125,964,0.05
0,1.4131,964,10.0
0,2.6082,964,10.0
1,1.1006,964,10.0
1,0.8573,964,10.0
0,0.5787,964,10.0
1,0.7783,964,10.0
1,0.9744,964,10.0
1,0.6379,964,10.0
1,3.4543,964,10.0
1,1.8968,964,10.0
0,2.5283,964,10.0
1,2.199,964,10.0
1,3.2905,964,10.0
1,2.4599,964,10.0
1,3.1171,964,10.0
0,3.35,964,10.0
1,4.4005,964,10.0
1,1.2001,964,10.0
1,2.1335,964,10.0
1,3.6335,964,10.0
1,1.4132,964,10.0
0,2.1847,964,10.0
0,1.6457,964,0.05
1,2.8423,964,0.05
1,2.1576,964,0.05
1,3.7964,964,0.05
0,1.0414,964,0.05
1,3.8541,964,0.05
1,2.5759,964,0.05
0,1.6638,964,0.05
1,1.6179,964,0.05
1,2.1763,964,0.05
1,1.6597,964,0.05
1,1.707,964,0.05
1,2.9811,965,0.05
1,2.7103,965,0.05
1,1.843,965,0.05
1,1.7567,965,0.05
1,1.784,965,0.05
1,2.252,965,0.05
1,3.0337,965,0.05
0,1.5615,965,0.05
1,1.9428,965,10.0
0,3.4616,965,10.0
1,1.6314,965,10.0
0,1.9109,965,10.0
1,1.5926,965,10.0
1,2.6423,965,10.0
1,1.9332,965,10.0
1,1.8369,965,10.0
0,2.1092,965,10.0
0,3.1137,965,10.0
1,1.5582,965,10.0
0,5.1079,965,10.0
1,1.5426,965,10.0
1,1.6048,965,10.0
1,1.4396,965,10.0
1,5.5602,965,10.0
1,1.7589,965,0.05
1,3.0701,965,0.05
1,1.7175,965,0.05
1,2.9615,965,0.05
1,2.5445,965,0.05
1,1.6868,965,0.05
1,1.5691,965,0.05
1,1.2601,965,0.05
0,3.8363,965,0.05
1,5.8752,965,0.05
1,4.6157,965,0.05
0,6.0954,965,0.05
1,4.1164,965,0.05
1,3.8871,965,10.0
1,4.3331,965,10.0
1,1.6171,965,10.0
1,2.3346,965,10.0
1,2.6645,965,10.0
1,1.8464,965,10.0
1,1.9951,965,10.0
1,1.6848,965,0.05
1,5.4129,965,0.05
1,1.2251,965,0.05
1,1.4763,965,0.05
1,5.5995,965,0.05
1,1.8259,965,0.05
1,3.2371,965,0.05
1,2.8111,965,0.05
0,1.7847,965,0.05
1,1.5797,965,0.05
1,3.1489,965,0.05
0,2.1843,965,0.05
0,5.1412,965,0.05
1,2.1754,965,0.05
1,2.3466,965,0.05
0,2.1055,965,0.05
0,0.811,966,0.05
0,2.078,966,0.05
1,1.631,966,0.05
1,1.14,966,0.05
0,1.23,966,0.05
0,0.677,966,0.05
1,1.156,966,0.05
0,2.023,966,0.05
1,0.839,966,10.0
1,0.957,966,10.0
0,1.63,966,10.0
1,1.157,966,10.0
1,0.907,966,10.0
1,1.356,966,10.0
0,1.858,966,10.0
1,0.908,966,10.0
0,1.276,966,10.0
0,1.446,966,10.0
1,1.697,966,10.0
0,1.192,966,10.0
1,1.998,966,10.0
1,1.856,966,10.0
1,3.33,966,10.0
1,0.972,966,10.0
1,1.047,966,0.05
1,1.63,966,0.05
1,0.891,966,0.05
1,0.947,966,0.05
0,1.757,966,0.05
1,0.94,966,0.05
1,2.64,966,0.05
0,1.424,966,10.0
0,1.259,966,10.0
1,1.106,966,10.0
1,1.258,966,10.0
1,2.86,966,10.0
1,1.242,966,10.0
1,1.2,966,10.0
0,0.923,966,10.0
1,1.264,966,0.05
1,2.807,966,0.05
1,2.064,966,0.05
1,4.192,966,0.05
1,2.78,966,0.05
1,3.481,966,0.05
1,1.694,966,0.05
0,2.894,966,0.05
1,1.159,966,0.05
1,1.692,966,0.05
1,4.577,966,0.05
1,1.057,966,0.05
0,2.058,966,0.05
0,2.156,966,10.0
1,1.708,966,10.0
1,1.172,966,10.0
1,3.247,966,10.0
1,2.207,966,10.0
0,3.207,966,10.0
1,2.244,966,10.0
1,2.442,966,10.0
0,1.564,966,0.05
1,1.779,966,0.05
1,1.541,966,0.05
0,4.109,966,0.05
1,1.792,966,0.05
1,1.364,966,0.05
1,2.608,966,0.05
1,1.45,966,0.05
1,1.097,966,0.05
1,4.341,966,0.05
1,1.643,966,0.05
1,2.525,966,0.05
1,3.258,966,0.05
1,1.523,966,10.0
1,3.045,966,10.0
1,3.592,966,10.0
1,4.642,966,10.0
1,3.496,966,10.0
1,3.56,966,10.0
1,2.491,966,10.0
1,2.642,966,10.0
0,1.393,966,10.0
1,2.882,966,10.0
1,2.262,966,10.0
1,1.146,966,10.0
1,1.643,966,10.0
1,5.4824,967,0.05
0,4.8088,967,0.05
1,4.0821,967,0.05
1,3.3585,967,0.05
1,3.1003,967,0.05
1,3.6694,967,0.05
1,8.9936,967,0.05
1,7.7504,967,0.05
1,4.1043,967,10.0
1,5.4849,967,10.0
1,2.3735,967,10.0
1,1.9039,967,10.0
1,2.2975,967,10.0
1,11.1429,967,10.0
1,1.965,967,10.0
1,4.1667,967,0.05
1,6.88,967,0.05
1,9.696,967,0.05
1,6.6968,967,0.05
1,1.7317,967,0.05
1,10.0472,967,0.05
1,13.0151,967,0.05
1,11.5978,967,0.05
1,3.0808,967,0.05
1,2.2659,967,0.05
1,3.1207,967,0.05
0,9.8032,967,10.0
1,4.5866,967,10.0
0,12.7063,967,10.0
1,2.0288,967,10.0
1,2.6168,967,10.0
1,6.7413,967,10.0
1,2.8661,967,10.0
1,4.2175,967,10.0
1,2.0025,967,10.0
0,3.597,967,10.0
1,6.8469,967,10.0
1,2.0336,967,10.0
1,7.9261,967,10.0
0,1.8611,967,10.0
1,2.153,967,10.0
1,4.5181,967,10.0
1,1.7026,967,10.0
1,1.3808,967,10.0
1,7.5036,967,10.0
0,8.3115,967,10.0
1,4.106,967,0.05
0,3.9692,967,0.05
1,7.5881,967,0.05
1,2.0971,967,0.05
1,2.6971,967,0.05
1,3.1053,967,0.05
1,5.7977,967,0.05
1,7.5318,967,0.05
1,2.9451,967,0.05
1,2.8992,967,0.05
1,7.1505,967,0.05
0,1.3011,967,0.05
1,3.2661,967,0.05
0,3.8315,967,0.05
0,7.7474,967,0.05
1,2.8159,967,0.05
0,0.8051,968,10.0
1,1.1657,968,10.0
1,1.3012,968,10.0
1,0.7442,968,10.0
1,1.0174,968,10.0
0,1.2508,968,10.0
1,1.2043,968,10.0
1,0.9501,968,10.0
1,1.4572,968,10.0
1,1.1969,968,10.0
0,1.986,968,10.0
1,1.2577,968,10.0
1,1.5368,968,10.0
1,1.8305,968,10.0
1,0.9955,968,10.0
1,1.9509,968,10.0
0,1.331,968,0.05
1,1.2856,968,0.05
1,1.1721,968,0.05
1,1.0403,968,0.05
1,1.3921,968,0.05
0,1.6632,968,0.05
0,1.2048,968,0.05
0,0.7518,968,0.05
1,0.942,968,0.05
1,1.1199,968,0.05
0,0.6912,968,0.05
0,1.0936,968,0.05
0,0.8215,968,0.05
1,1.6725,968,0.05
1,1.4673,968,0.05
1,1.7694,968,0.05
1,2.0643,968,0.05
0,0.8778,968,0.05
1,0.862,968,0.05
1,1.3197,968,0.05
1,1.0241,968,0.05
1,1.432,968,0.05
1,1.279,968,0.05
0,1.2792,968,0.05
1,0.6674,968,0.05
0,1.063,968,0.05
0,0.988,968,0.05
1,0.9509,968,0.05
1,1.4511,968,0.05
0,1.5666,968,0.05
1,1.1675,968,10.0
1,0.9341,968,10.0
1,0.9676,968,10.0
1,1.9472,968,10.0
1,0.9968,968,10.0
1,0.93,968,10.0
1,1.0852,968,10.0
0,1.1181,968,10.0
0,1.1176,968,10.0
1,1.1506,968,10.0
1,1.2215,968,10.0
0,0.9037,968,10.0
1,0.9074,968,10.0
0,1.405,968,10.0
1,0.9019,968,10.0
1,1.3734,968,10.0
1,0.7709,968,10.0
1,0.9387,968,10.0
1,0.7441,968,0.05
1,0.7343,968,0.05
1,0.7322,968,0.05
0,1.0843,968,0.05
1,0.6073,968,0.05
0,0.6746,968,0.05
0,0.5669,968,0.05
0,1.072,968,0.05
0,0.6341,968,0.05
0,0.7698,968,0.05
0,0.5741,968,0.05
0,0.9887,968,0.05
1,0.8722,968,0.05
1,0.993,968,0.05
1,0.7686,968,0.05
1,0.8029,968,0.05
0,1.0009,968,10.0
0,0.7706,968,10.0
1,0.6731,968,10.0
1,1.982,968,10.0
1,0.8875,968,10.0
1,1.7019,968,10.0
1,0.8225,968,10.0
1,2.0516,968,10.0
1,1.9844,969,10.0
1,1.6598,969,10.0
1,1.4302,969,10.0
1,0.8462,969,10.0
1,1.5845,969,10.0
1,1.0293,969,10.0
0,0.9465,969,10.0
1,1.1296,969,10.0
1,1.6831,969,0.05
0,1.8447,969,0.05
1,1.0593,969,0.05
1,1.0609,969,0.05
0,1.4517,969,0.05
1,2.2721,969,0.05
1,1.3353,969,0.05
1,1.5287,969,0.05
1,1.1099,969,10.0
1,2.2651,969,10.0
1,0.8843,969,10.0
1,1.2489,969,10.0
1,1.1291,969,10.0
1,0.9466,969,10.0
1,1.1296,969,10.0
1,1.3995,969,0.05
0,0.8958,969,0.05
1,1.4969,969,0.05
0,1.9666,969,0.05
1,1.0317,969,0.05
1,0.9655,969,0.05
1,1.8693,969,0.05
1,1.6214,969,0.05
1,1.536,969,0.05
1,1.5776,969,0.05
1,1.8327,969,0.05
0,1.606,969,0.05
1,1.9521,969,0.05
1,1.5915,969,0.05
1,2.0628,969,10.0
1,0.9443,969,10.0
1,2.9946,969,10.0
1,1.7005,969,10.0
1,1.5827,969,10.0
1,1.6124,969,10.0
1,1.8741,969,10.0
0,2.1673,969,10.0
1,1.8498,969,0.05
1,0.9767,969,0.05
1,1.3691,969,0.05
1,1.9309,969,0.05
1,1.1431,969,0.05
0,1.4743,969,0.05
1,1.6323,969,0.05
1,1.4965,969,0.05
0,1.3618,969,0.05
1,1.5963,969,10.0
1,2.5279,969,10.0
1,1.2936,969,10.0
1,2.2589,969,10.0
1,2.3955,969,10.0
1,1.0768,969,10.0
1,1.3721,969,10.0
1,1.6613,969,10.0
1,1.3481,969,10.0
0,1.8474,969,10.0
0,1.6913,969,10.0
1,2.7435,969,10.0
1,1.0945,969,0.05
1,1.5695,969,0.05
0,1.3213,969,0.05
1,1.6534,969,0.05
0,1.1016,969,0.05
0,1.3042,969,0.05
1,1.4922,969,0.05
1,2.3692,969,0.05
1,3.2128,971,10.0
0,2.3978,971,10.0
0,2.1518,971,10.0
1,2.1692,971,10.0
1,1.6707,971,10.0
1,1.3096,971,10.0
1,2.6944,971,10.0
0,2.8317,971,10.0
1,2.203,971,0.05
1,5.1658,971,0.05
1,5.706,971,0.05
1,2.6823,971,0.05
0,3.2103,971,0.05
1,2.4979,971,0.05
1,3.9961,971,0.05
0,5.5199,971,0.05
1,5.3646,971,0.05
0,4.6869,971,0.05
1,1.6711,971,0.05
1,1.6428,971,0.05
1,1.7217,971,0.05
0,6.4504,971,0.05
1,1.8048,971,0.05
1,4.6011,971,10.0
1,1.7877,971,10.0
1,5.6188,971,10.0
1,2.1547,971,10.0
1,1.7077,971,10.0
1,2.9611,971,10.0
1,1.572,971,10.0
1,4.0929,971,10.0
1,4.2846,971,10.0
1,5.8362,971,10.0
0,4.9536,971,10.0
1,4.3139,971,10.0
1,1.6221,971,10.0
1,5.568,971,10.0
0,2.8846,971,10.0
0,4.6839,971,10.0
1,1.8979,971,10.0
0,1.9492,971,10.0
1,5.507,971,10.0
1,2.7769,971,10.0
1,2.652,971,10.0
1,5.3393,971,10.0
1,4.5924,971,10.0
1,1.4855,971,10.0
1,4.0838,971,0.05
1,1.8336,971,0.05
1,1.5225,971,0.05
0,1.8696,971,0.05
0,3.4703,971,0.05
1,1.7353,971,0.05
0,3.5045,971,0.05
1,1.4026,971,0.05
1,3.3353,971,0.05
1,1.3847,971,0.05
1,1.7736,971,0.05
1,2.839,971,0.05
0,1.3759,971,0.05
1,1.0907,971,0.05
1,1.656,971,0.05
1,1.1761,971,0.05
1,2.2715,971,0.05
1,4.4467,971,0.05
1,3.519,971,0.05
1,1.7093,971,10.0
1,2.869,971,10.0
0,5.6325,971,10.0
1,2.0315,971,10.0
1,6.5714,971,10.0
0,1.4797,971,10.0
1,1.1541,971,10.0
1,2.0102,971,10.0
0,3.896,971,10.0
1,2.327,971,10.0
1,1.7005,971,10.0
0,2.001,971,10.0
1,1.4494,971,10.0
1,4.1271,971,10.0
1,1.3076,971,10.0
1,1.2814,971,10.0
1,1.5926,972,10.0
1,0.8361,972,10.0
1,0.8374,972,10.0
1,1.4997,972,10.0
1,0.7927,972,10.0
1,1.2603,972,10.0
1,1.4266,972,10.0
1,1.0123,972,10.0
1,1.0219,972,0.05
0,0.9174,972,0.05
1,1.125,972,0.05
1,1.3916,972,0.05
0,1.1331,972,0.05
0,1.2244,972,0.05
1,1.1264,972,0.05
0,1.5645,972,0.05
1,0.997,972,10.0
1,0.9822,972,10.0
1,1.1297,972,10.0
1,0.8578,972,10.0
0,0.9848,972,10.0
1,0.8702,972,10.0
0,1.2454,972,10.0
0,0.9636,972,10.0
1,0.9527,972,0.05
0,1.2275,972,0.05
0,0.9761,972,0.05
1,0.9335,972,0.05
1,0.7604,972,0.05
0,0.9567,972,0.05
0,0.8783,972,0.05
0,1.1584,972,0.05
1,1.6541,972,10.0
1,1.1372,972,10.0
1,0.9122,972,10.0
1,1.3044,972,10.0
1,1.0375,972,10.0
0,1.5042,972,10.0
1,1.1696,972,10.0
1,1.7609,972,10.0
1,1.5738,972,10.0
1,1.0798,972,10.0
0,1.2281,972,10.0
1,0.884,972,10.0
1,1.051,972,10.0
0,1.5266,972,10.0
1,1.3331,972,10.0
0,1.8553,972,10.0
1,0.8598,972,0.05
1,0.8189,972,0.05
1,1.572,972,0.05
1,1.9663,972,0.05
1,1.4249,972,0.05
1,0.7474,972,0.05
1,0.9914,972,10.0
1,1.1129,972,10.0
0,1.0154,972,10.0
1,1.258,972,10.0
0,1.387,972,10.0
1,2.2147,972,10.0
0,1.94,972,10.0
0,1.8959,972,0.05
1,1.6776,972,0.05
1,0.8498,972,0.05
0,1.5069,972,0.05
1,1.5573,972,0.05
0,1.0726,972,0.05
1,1.442,972,0.05
1,1.2114,972,0.05
0,1.7857,972,10.0
1,0.8594,972,10.0
1,1.7627,972,10.0
1,0.9576,972,10.0
1,2.198,972,10.0
1,1.1379,972,10.0
1,0.7487,972,10.0
1,1.1723,972,10.0
1,0.8418,972,0.05
1,1.505,972,0.05
1,1.3185,972,0.05
1,1.3123,972,0.05
1,0.9358,972,0.05
0,1.5201,972,0.05
1,1.1395,974,0.05
1,1.1998,974,0.05
0,0.7954,974,0.05
1,0.9804,974,0.05
1,1.6098,974,0.05
0,1.1072,974,0.05
1,1.2964,974,10.0
1,1.6285,974,10.0
1,1.3913,974,10.0
1,1.0435,974,10.0
0,1.8934,974,10.0
1,1.2308,974,10.0
1,1.3623,974,10.0
1,1.5455,974,10.0
0,1.0415,974,10.0
1,1.162,974,10.0
1,1.1504,974,0.05
1,1.6852,974,0.05
1,1.4664,974,0.05
1,0.9344,974,0.05
1,0.9761,974,0.05
1,1.3598,974,0.05
0,1.5172,974,0.05
0,1.5796,974,0.05
1,1.4306,974,0.05
1,2.0685,974,0.05
1,1.5132,974,0.05
0,1.2806,974,0.05
1,1.912,974,0.05
1,0.7861,974,10.0
1,0.8872,974,10.0
1,2.4507,974,10.0
0,1.3842,974,10.0
1,1.3841,974,10.0
1,0.8759,974,10.0
1,0.9307,974,0.05
1,1.5584,974,0.05
1,2.2038,974,0.05
0,1.2699,974,0.05
1,1.1196,974,0.05
1,1.7393,974,0.05
1,1.3085,974,0.05
0,0.7427,974,0.05
1,0.7403,974,0.05
1,0.8893,974,0.05
1,2.466,974,0.05
1,0.7602,974,0.05
1,0.8821,974,0.05
1,0.983,974,0.05
1,1.6375,974,0.05
1,0.6457,974,10.0
1,2.1873,974,10.0
1,0.5788,974,10.0
1,1.1451,974,10.0
1,0.6552,974,10.0
0,0.7666,974,10.0
1,0.6353,974,10.0
0,1.2346,974,10.0
0,1.2769,974,0.05
1,0.7638,974,0.05
1,0.9675,974,0.05
1,0.567,974,0.05
1,0.6312,974,0.05
1,0.7829,974,0.05
1,1.0666,974,0.05
0,0.8012,974,0.05
0,1.6015,974,10.0
1,0.8666,974,10.0
1,1.032,974,10.0
0,2.1329,974,10.0
0,2.1841,974,10.0
0,1.5926,974,10.0
1,1.0749,974,10.0
1,0.7369,974,10.0
0,0.8805,975,0.05
1,0.5516,975,0.05
0,0.8286,975,0.05
1,0.8559,975,0.05
1,0.6519,975,0.05
0,0.793,975,0.05
1,0.9415,975,0.05
1,1.1302,975,0.05
1,0.6351,975,10.0
1,0.7916,975,10.0
1,0.5948,975,10.0
1,0.7356,975,10.0
0,0.6675,975,10.0
1,1.0457,975,10.0
1,0.6286,975,10.0
1,0.8424,975,10.0
1,0.5795,975,10.0
0,0.7119,975,10.0
0,0.841,975,10.0
0,0.9027,975,10.0
1,0.7045,975,10.0
0,0.8261,975,10.0
0,0.7951,975,10.0
1,0.7089,975,10.0
1,0.6079,975,0.05
0,0.7743,975,0.05
1,0.9617,975,0.05
1,0.8965,975,0.05
1,0.6329,975,0.05
0,0.9315,975,0.05
1,0.8272,975,0.05
0,0.7101,975,0.05
1,0.6143,975,10.0
0,0.933,975,10.0
1,0.8883,975,10.0
0,0.873,975,10.0
1,1.0545,975,10.0
1,0.9749,975,10.0
1,0.6589,975,10.0
1,0.7502,975,10.0
1,0.587,975,0.05
1,0.8083,975,0.05
0,0.5673,975,0.05
0,0.6581,975,0.05
1,0.6706,975,0.05
0,0.581,975,0.05
0,0.6985,975,0.05
1,0.4592,975,0.05
1,0.6402,975,10.0
0,0.5657,975,10.0
0,0.8436,975,10.0
1,0.8099,975,10.0
1,0.6068,975,10.0
0,0.6715,975,10.0
0,0.568,975,10.0
1,0.5143,975,10.0
0,0.5703,975,0.05
1,0.5663,975,10.0
0,0.5331,975,10.0
0,0.7332,975,10.0
1,0.6123,975,10.0
0,0.6525,975,10.0
0,0.6515,975,10.0
1,0.5716,975,10.0
1,0.6095,975,10.0
0,0.7433,975,0.05
0,0.4589,975,0.05
1,0.6995,975,0.05
1,0.6378,975,0.05
1,0.7731,975,0.05
0,0.5602,975,0.05
1,0.6562,975,0.05
0,0.6587,975,0.05
1,0.947,975,10.0
1,0.576,975,10.0
0,0.6749,975,10.0
0,0.8378,975,10.0
1,0.6908,975,10.0
0,0.8445,975,10.0
1,0.6764,975,10.0
1,0.9095,975,10.0
1,0.6753,975,0.05
1,0.7259,975,0.05
1,4.3913,976,10.0
1,3.276,976,10.0
1,1.6379,976,10.0
1,4.6081,976,10.0
1,2.7758,976,10.0
1,4.0826,976,10.0
1,1.3886,976,0.05
1,3.4904,976,0.05
1,1.2908,976,0.05
1,1.225,976,0.05
1,2.7979,976,0.05
1,1.1376,976,0.05
1,3.0948,976,0.05
0,1.8597,976,0.05
1,1.5762,976,10.0
1,1.794,976,10.0
1,2.4266,976,10.0
1,1.6942,976,10.0
1,2.2441,976,10.0
1,4.4288,976,10.0
1,1.5108,976,10.0
1,3.8128,976,10.0
1,1.5046,976,0.05
1,3.4354,976,0.05
1,1.2038,976,0.05
1,1.6797,976,0.05
1,1.2768,976,0.05
1,3.6748,976,0.05
1,1.4057,976,0.05
1,1.6066,976,0.05
1,2.8861,976,0.05
1,1.5255,976,0.05
1,2.7858,976,0.05
1,1.5514,976,0.05
1,4.9569,976,0.05
0,4.2283,976,0.05
0,2.3936,976,0.05
1,4.4103,976,0.05
1,3.0092,976,0.05
1,1.5953,976,0.05
0,2.7856,976,0.05
1,2.0745,976,0.05
0,4.032,976,0.05
1,1.7024,976,0.05
0,1.6538,976,0.05
1,1.6219,976,0.05
1,1.5784,976,0.05
1,1.5573,976,0.05
1,2.4678,976,0.05
1,1.9627,976,0.05
1,1.6215,976,10.0
1,2.9904,976,10.0
1,1.5331,976,10.0
1,1.7101,976,10.0
1,2.778,976,10.0
1,1.6836,976,10.0
1,2.1132,976,10.0
1,2.9759,976,10.0
1,1.3368,976,0.05
0,2.9261,976,0.05
1,1.4069,976,0.05
0,1.641,977,0.05
1,0.878,977,0.05
1,0.954,977,0.05
1,0.858,977,0.05
0,0.805,977,0.05
0,0.709,977,0.05
1,1.983,977,0.05
1,0.78,977,0.05
1,1.338,977,10.0
1,0.986,977,10.0
1,0.984,977,10.0
1,0.85,977,10.0
1,1.78,977,10.0
1,1.098,977,10.0
1,1.185,977,10.0
1,0.935,977,0.05
0,1.182,977,0.05
0,1.006,977,0.05
1,1.54,977,0.05
0,1.348,977,0.05
1,1.001,977,0.05
0,0.801,977,0.05
1,1.253,977,0.05
1,0.921,977,10.0
0,1.328,977,10.0
1,0.885,977,10.0
0,1.251,977,10.0
0,1.1,977,10.0
1,1.235,977,10.0
1,1.491,977,10.0
1,1.5,977,10.0
1,2.512,977,10.0
0,1.351,977,10.0
0,3.67,977,10.0
1,1.608,977,10.0
0,1.781,977,10.0
1,1.455,977,10.0
1,0.987,977,10.0
0,1.132,977,0.05
1,0.755,977,0.05
1,2.117,977,0.05
1,2.14,977,0.05
1,1.156,977,0.05
1,1.988,977,0.05
1,1.065,977,0.05
1,1.5,977,0.05
1,0.836,977,10.0
1,1.671,977,10.0
1,1.974,977,10.0
0,1.557,977,10.0
1,1.276,977,10.0
0,1.942,977,10.0
1,1.315,977,10.0
1,2.072,977,10.0
0,1.982,977,10.0
0,1.906,977,10.0
1,1.847,977,10.0
0,1.905,977,0.05
0,2.4,977,0.05
1,2.671,977,0.05
1,2.149,977,0.05
1,2.302,977,0.05
1,3.407,977,0.05
0,2.623,977,0.05
1,2.233,977,0.05
0,1.289,977,0.05
0,2.183,977,0.05
1,1.815,977,0.05
0,2.023,977,0.05
0,3.112,977,0.05
0,1.239,977,0.05
1,2.27,977,0.05
1,1.4493,978,0.05
1,2.681,978,0.05
1,2.6348,978,0.05
1,4.0365,978,0.05
0,2.4562,978,0.05
1,1.0806,978,0.05
1,1.4074,978,0.05
1,1.7202,978,0.05
1,3.3311,978,10.0
1,2.1017,978,10.0
1,1.6133,978,10.0
1,3.5483,978,10.0
1,6.9812,978,10.0
0,1.6744,978,10.0
1,5.9259,978,10.0
1,1.6213,978,10.0
1,1.7735,978,0.05
1,1.0732,978,0.05
1,1.0554,978,0.05
0,1.2911,978,0.05
0,2.0654,978,0.05
1,1.2628,978,0.05
1,1.7846,978,0.05
1,1.3164,978,0.05
1,2.8139,978,10.0
1,1.9876,978,10.0
1,9.6562,978,10.0
1,1.6423,978,10.0
1,1.1699,978,10.0
1,2.4298,978,10.0
0,6.2012,978,10.0
1,6.0042,978,10.0
1,8.7524,978,10.0
1,2.7385,978,10.0
1,4.7811,978,10.0
1,3.0642,978,10.0
0,6.1303,978,10.0
1,3.6511,978,10.0
0,4.6546,978,0.05
0,4.5637,978,0.05
1,4.6265,978,0.05
1,3.3646,978,0.05
0,4.5458,978,0.05
0,5.4023,978,0.05
1,2.8315,978,0.05
1,1.8639,978,0.05
1,1.8431,978,10.0
1,2.4909,978,10.0
0,5.7882,978,10.0
1,3.6871,978,10.0
1,7.7856,978,10.0
0,5.976,978,10.0
1,3.4067,978,10.0
1,4.4782,978,0.05
1,0.7331,978,0.05
0,1.0381,978,0.05
1,2.9586,978,0.05
1,2.6117,978,0.05
0,3.2567,978,0.05
1,2.9106,978,0.05
1,4.6174,978,0.05
0,1.8422,978,0.05
1,2.4891,978,0.05
1,3.2479,978,0.05
1,3.8147,978,10.0
1,3.3654,978,10.0
1,3.1934,978,10.0
1,3.4317,978,10.0
1,6.7292,978,10.0
1,3.7977,978,10.0
1,5.2371,978,10.0
1,3.5633,978,10.0
1,4.1632,978,10.0
0,5.8057,978,10.0
1,6.7237,978,10.0
1,5.4033,978,10.0
0,8.2246,978,10.0
1,5.5397,978,10.0
0,6.9429,978,10.0
0,6.4948,978,10.0
0,2.2662,978,0.05
1,1.1848,980,10.0
1,1.7311,980,10.0
1,2.3882,980,10.0
0,1.9738,980,10.0
1,0.8687,980,10.0
1,0.8024,980,10.0
0,1.0575,980,10.0
1,0.8479,980,10.0
1,1.4177,980,10.0
1,0.7509,980,10.0
0,2.1488,980,10.0
1,1.306,980,10.0
1,2.3892,980,10.0
1,1.5374,980,0.05
0,2.9698,980,0.05
1,1.0993,980,0.05
1,2.8765,980,0.05
1,1.0054,980,0.05
0,0.9277,980,0.05
1,0.9521,980,0.05
1,0.7677,980,0.05
1,2.0037,980,0.05
1,0.8991,980,0.05
1,1.3549,980,0.05
1,0.9841,980,0.05
1,1.8025,980,0.05
1,1.4329,980,0.05
1,1.0917,980,0.05
1,0.7881,980,0.05
0,1.4534,980,0.05
1,1.487,980,0.05
0,0.9379,980,0.05
1,1.4903,980,0.05
1,0.8936,980,0.05
0,2.3199,980,0.05
1,0.8585,980,0.05
0,1.6979,980,0.05
0,1.2711,980,10.0
1,0.9548,980,10.0
1,0.9871,980,10.0
1,1.2874,980,10.0
1,1.2608,980,10.0
1,3.1194,980,10.0
0,1.607,980,10.0
1,1.0385,980,10.0
1,2.6057,980,0.05
1,1.4426,980,0.05
1,2.6382,980,0.05
0,3.9044,980,0.05
1,1.3193,980,0.05
1,3.7228,980,0.05
1,0.9388,980,0.05
1,0.7709,980,0.05
1,0.8526,980,0.05
0,3.5587,980,0.05
0,2.8052,980,0.05
1,1.408,980,0.05
1,0.7627,980,10.0
1,1.7711,980,10.0
1,0.8005,980,10.0
1,1.2101,980,10.0
1,2.7933,980,10.0
1,1.243,980,0.05
1,0.8372,980,0.05
1,0.8743,980,0.05
1,0.8121,980,0.05
1,1.3285,980,0.05
1,1.0036,980,0.05
1,2.3375,980,0.05
0,1.3395,980,0.05
1,2.7567,980,10.0
0,1.5054,980,10.0
0,1.1283,980,10.0
1,0.8221,980,10.0
1,3.5079,980,10.0
1,1.5112,980,10.0
1,1.0235,980,10.0
0,1.1064,981,0.05
1,1.1914,981,0.05
1,1.3349,981,0.05
1,2.0967,981,0.05
1,1.8667,981,0.05
1,0.9902,981,0.05
1,3.3131,981,0.05
0,2.0617,981,0.05
1,1.5531,981,10.0
0,1.4486,981,10.0
0,1.5729,981,10.0
1,1.1336,981,10.0
1,2.5595,981,10.0
1,1.9015,981,10.0
1,1.3093,981,10.0
1,1.2906,981,10.0
1,1.3838,981,10.0
1,1.7578,981,10.0
1,1.2283,981,10.0
1,1.809,981,10.0
0,3.3957,981,10.0
1,1.0787,981,0.05
1,1.2583,981,0.05
1,0.9296,981,0.05
1,0.8983,981,0.05
1,1.518,981,0.05
0,1.6075,981,0.05
1,2.4676,981,0.05
1,1.9259,981,0.05
1,1.3586,981,0.05
1,1.0068,981,0.05
1,2.4765,981,0.05
0,2.4093,981,0.05
1,2.0602,981,0.05
1,1.4898,981,0.05
0,2.0912,981,10.0
0,1.227,981,10.0
1,1.5945,981,10.0
0,1.4475,981,10.0
1,2.0274,981,10.0
0,2.0668,981,10.0
1,1.8521,981,10.0
1,1.2126,981,10.0
0,1.0094,981,0.05
1,1.4927,981,0.05
1,2.8762,981,0.05
1,1.5965,981,0.05
1,2.7036,981,0.05
1,1.8172,981,0.05
1,1.5281,981,0.05
1,2.7321,981,0.05
0,1.8957,981,0.05
0,1.5836,981,0.05
1,1.4923,981,0.05
1,1.143,981,0.05
1,1.2004,981,0.05
1,1.9512,981,10.0
1,1.1792,981,10.0
1,1.5932,981,10.0
1,1.9195,981,10.0
1,1.0631,981,10.0
0,2.1126,981,10.0
1,0.9728,982,10.0
1,0.8992,982,10.0
1,1.0831,982,10.0
1,1.15,982,10.0
1,1.219,982,10.0
0,1.5509,982,10.0
1,1.6438,982,10.0
0,2.9242,982,10.0
1,2.0795,982,10.0
1,1.9677,982,10.0
1,1.0973,982,10.0
1,0.9931,982,10.0
1,0.9939,982,10.0
0,1.9177,982,10.0
1,1.5994,982,10.0
1,2.6562,982,0.05
1,1.5504,982,0.05
0,3.0656,982,0.05
1,1.0673,982,0.05
1,0.9126,982,0.05
1,3.2406,982,0.05
0,1.0666,982,0.05
0,1.5137,982,0.05
1,2.939,982,0.05
1,0.9722,982,0.05
1,1.6342,982,0.05
1,3.1069,982,0.05
1,1.0125,982,0.05
1,1.6386,982,0.05
1,3.7057,982,0.05
1,1.6029,982,0.05
1,3.566,982,10.0
1,2.3929,982,10.0
1,2.0745,982,10.0
0,1.7988,982,10.0
1,0.9332,982,10.0
0,2.4711,982,10.0
1,1.3823,982,10.0
1,3.5018,982,10.0
1,1.235,982,10.0
1,1.7491,982,10.0
1,2.2488,982,10.0
1,3.476,982,10.0
1,1.6685,982,10.0
0,2.0557,982,10.0
1,1.1311,982,0.05
0,2.1577,982,0.05
0,1.2424,982,0.05
1,3.4416,982,0.05
1,1.2577,982,0.05
1,2.1764,982,0.05
0,2.8157,982,0.05
1,0.8403,982,0.05
0,1.1796,982,0.05
1,0.8626,982,10.0
1,2.4348,982,10.0
1,2.3662,982,10.0
1,2.3171,982,10.0
0,2.4159,982,10.0
1,1.8352,982,10.0
1,0.8995,982,10.0
0,2.0332,982,0.05
1,1.1984,982,0.05
1,1.1813,982,0.05
0,1.7671,982,0.05
1,0.8189,982,0.05
1,1.1228,982,0.05
0,0.7845,982,0.05
1,1.2175,982,10.0
1,1.6594,982,10.0
1,1.2303,982,10.0
0,2.0831,982,10.0
1,2.3007,982,10.0
1,1.295,982,10.0
1,1.6673,982,10.0
0,2.1328,982,10.0
0,3.4666,982,0.05
0,1.4643,982,0.05
0,1.5174,982,0.05
1,0.9002,982,0.05
1,0.817,982,0.05
1,1.1406,982,0.05
1,1.5917,982,0.05
0,1.083,982,0.05
0,1.7975,985,10.0
1,1.2795,985,10.0
1,0.9068,985,10.0
0,1.2954,985,10.0
1,1.463,985,10.0
1,1.7742,985,10.0
1,0.8914,985,10.0
1,1.3703,985,10.0
0,1.5668,985,0.05
1,1.5424,985,0.05
0,0.9727,985,0.05
1,2.6953,985,0.05
0,2.8661,985,0.05
1,1.5118,985,0.05
1,2.5496,985,0.05
1,1.8447,985,0.05
0,2.3734,985,10.0
1,2.0439,985,10.0
0,1.4959,985,10.0
1,2.6358,985,10.0
1,2.0802,985,10.0
0,2.7165,985,10.0
1,2.0189,985,10.0
0,2.966,985,10.0
0,3.6238,985,0.05
1,2.2473,985,0.05
1,2.7688,985,0.05
1,1.439,985,0.05
0,1.5013,985,0.05
1,1.6891,985,0.05
1,1.1047,985,0.05
1,2.1875,985,0.05
1,3.6281,985,0.05
1,2.6177,985,0.05
1,1.8612,985,0.05
1,2.2932,985,0.05
1,2.2614,985,0.05
1,2.064,985,0.05
1,3.4441,985,0.05
1,2.0804,985,0.05
1,1.48,985,10.0
1,2.3122,985,10.0
1,1.916,985,10.0
1,1.4222,985,10.0
1,1.5868,985,10.0
0,2.191,985,10.0
1,2.7279,985,10.0
1,1.9725,985,10.0
1,2.3404,985,10.0
1,4.3345,985,10.0
1,1.8755,985,10.0
1,3.2028,985,10.0
1,2.1468,985,10.0
1,1.5901,985,10.0
0,3.4205,985,10.0
1,1.9433,985,10.0
1,1.4798,985,0.05
1,1.5107,985,0.05
1,2.5917,985,0.05
1,1.1611,985,0.05
1,2.8207,985,0.05
1,3.5368,985,0.05
1,1.8059,985,0.05
1,3.385,985,0.05
0,2.3161,985,0.05
1,2.1103,985,0.05
1,2.7804,985,10.0
0,2.3689,985,10.0
1,3.3471,985,10.0
0,1.7965,985,10.0
1,1.7652,985,10.0
1,2.4941,985,10.0
0,1.4299,985,10.0
1,2.4451,985,10.0
1,1.2823,985,10.0
1,1.4308,985,10.0
0,3.0417,985,10.0
0,1.9313,985,10.0
1,2.4647,985,10.0
1,3.634,985,10.0
1,2.4219,985,10.0
1,1.1938,985,0.05
1,1.3183,985,0.05
1,1.6268,985,0.05
0,2.5738,985,0.05
0,6.6148,986,10.0
1,2.106,986,10.0
1,4.3314,986,10.0
0,5.8159,986,10.0
0,5.2247,986,10.0
0,4.1167,986,10.0
1,3.9512,986,10.0
1,2.7279,986,10.0
0,6.1535,986,0.05
1,10.0093,986,0.05
0,3.2824,986,0.05
1,1.6708,986,0.05
1,2.1407,986,0.05
1,3.6335,986,0.05
1,6.6582,986,0.05
1,9.4686,986,0.05
1,7.2731,986,10.0
0,9.5852,986,10.0
1,1.4488,986,10.0
1,1.1731,986,10.0
1,6.7415,986,10.0
1,2.2746,986,10.0
1,10.4887,986,10.0
0,3.9141,986,10.0
1,2.3437,986,0.05
1,1.8064,986,0.05
0,4.6387,986,0.05
0,7.8192,986,0.05
1,4.7851,986,0.05
1,10.2241,986,0.05
1,10.4765,986,0.05
1,5.4313,986,10.0
1,12.5015,986,10.0
1,14.5106,986,10.0
1,6.3856,986,10.0
1,7.6286,986,10.0
0,6.0792,986,10.0
1,6.2385,986,10.0
1,4.4739,986,10.0
1,7.7712,986,10.0
0,4.9665,986,10.0
1,13.5,986,10.0
1,7.3192,986,10.0
1,6.7741,986,10.0
1,10.6449,986,10.0
1,11.55,986,10.0
1,12.0544,986,10.0
0,11.5034,986,0.05
1,7.3023,986,0.05
0,6.7582,986,0.05
0,4.2095,986,0.05
1,5.7625,986,0.05
0,11.3889,986,0.05
1,1.9062,986,0.05
1,5.8963,986,0.05
1,5.5776,986,0.05
1,2.5268,986,0.05
0,10.1697,986,0.05
1,8.8963,986,0.05
1,8.2026,986,0.05
1,9.0506,986,0.05
0,12.3443,986,0.05
0,6.2011,986,0.05
1,2.1111,986,10.0
1,1.9885,986,10.0
1,2.1116,986,10.0
0,2.5366,986,10.0
1,2.2003,986,10.0
1,2.7872,986,10.0
0,2.943,986,10.0
0,10.3622,986,10.0
0,2.3397,986,10.0
1,2.3883,986,10.0
1,2.686,986,10.0
1,2.2596,986,10.0
1,3.3584,986,10.0
1,3.9022,986,10.0
0,7.2007,986,10.0
1,3.4677,986,10.0
1,2.7103,986,0.05
1,1.132,986,0.05
1,3.4117,986,0.05
1,2.0794,986,0.05
1,2.5728,986,0.05
1,3.1063,986,0.05
0,3.8398,986,0.05
0,2.7863,986,0.05
1,2.098,986,0.05
1,2.2688,986,0.05
1,1.5336,986,0.05
1,1.3997,986,0.05
1,1.9065,986,0.05
1,1.0655,988,10.0
1,2.5703,988,10.0
1,0.9067,988,10.0
1,1.0768,988,10.0
0,1.3303,988,10.0
0,2.738,988,10.0
1,1.3735,988,10.0
1,1.5181,988,10.0
1,1.1293,988,0.05
1,1.0112,988,0.05
1,1.3773,988,0.05
0,2.2447,988,0.05
1,1.6324,988,0.05
1,1.1274,988,0.05
1,1.0429,988,0.05
0,2.1332,988,0.05
1,1.5132,988,0.05
1,2.046,988,0.05
1,1.211,988,0.05
1,1.4062,988,0.05
1,1.3327,988,0.05
1,1.388,988,0.05
1,1.3463,988,0.05
1,0.9476,988,0.05
0,2.2868,988,10.0
0,1.0302,988,0.05
1,1.7173,988,0.05
1,1.6723,988,0.05
1,1.1739,988,0.05
1,1.2174,988,0.05
1,1.5264,988,0.05
1,0.9653,988,0.05
1,1.1431,988,0.05
1,1.0872,988,0.05
1,1.0312,988,0.05
1,1.8467,988,0.05
1,1.6018,988,0.05
0,1.1373,988,0.05
1,1.1221,988,0.05
1,1.1675,988,0.05
1,1.4701,988,0.05
1,1.73,988,10.0
1,1.4673,988,10.0
1,1.2156,988,10.0
0,2.3398,988,10.0
1,1.2744,988,10.0
1,0.934,988,10.0
1,1.0873,988,10.0
1,1.4581,988,10.0
1,1.2956,988,10.0
1,2.258,988,10.0
0,1.9014,988,10.0
1,1.3236,988,10.0
1,1.6116,988,10.0
1,0.9873,988,10.0
0,2.7135,988,10.0
0,2.6427,988,10.0
1,0.9751,988,10.0
1,1.9013,988,10.0
1,1.7306,988,0.05
1,1.0245,988,0.05
1,1.7322,988,0.05
0,1.7463,988,0.05
1,0.8459,988,0.05
1,1.5308,988,0.05
1,0.8182,988,0.05
1,0.8357,988,0.05
0,1.4344,988,10.0
1,1.135,988,10.0
0,1.0495,988,10.0
1,1.5627,988,10.0
1,0.8836,988,10.0
1,1.1174,988,10.0
1,0.8644,988,0.05
1,1.2323,988,0.05
0,1.5327,988,0.05
0,1.0508,988,0.05
1,0.9203,988,0.05
1,1.1135,988,0.05
1,0.7517,988,0.05
1,0.8684,988,0.05
1,0.857,989,0.05
0,2.475,989,0.05
0,2.034,989,0.05
1,1.761,989,0.05
1,1.224,989,0.05
0,1.324,989,0.05
1,1.374,989,0.05
1,1.088,989,0.05
1,1.677,989,0.05
0,1.304,989,0.05
1,2.463,989,0.05
1,1.005,989,0.05
1,1.789,989,0.05
0,1.277,989,0.05
1,1.069,989,0.05
1,1.187,989,0.05
1,1.293,989,10.0
1,2.591,989,10.0
0,0.889,989,10.0
1,1.039,989,10.0
1,1.44,989,10.0
1,1.317,989,10.0
1,1.29,989,10.0
0,0.913,989,10.0
1,1.453,989,10.0
1,2.103,989,10.0
1,1.881,989,10.0
0,2.29,989,10.0
1,2.077,989,10.0
1,1.279,989,10.0
1,2.22,989,10.0
1,1.425,989,10.0
1,0.877,989,10.0
1,1.241,989,10.0
1,1.152,989,10.0
0,1.605,989,10.0
1,1.749,989,10.0
1,1.267,989,10.0
1,0.907,989,0.05
0,0.87,989,0.05
1,1.792,989,0.05
1,0.784,989,0.05
1,1.185,989,0.05
0,1.738,989,0.05
1,1.064,989,0.05
0,1.987,989,10.0
1,1.739,989,10.0
1,1.296,989,10.0
0,2.24,989,10.0
1,1.515,989,10.0
0,2.457,989,10.0
0,1.14,989,10.0
0,0.935,989,0.05
1,1.529,989,0.05
0,1.24,989,0.05
0,1.206,989,0.05
1,1.438,989,0.05
1,1.029,989,0.05
0,0.781,989,0.05
0,1.464,989,0.05
0,1.206,989,10.0
0,0.934,989,10.0
0,1.272,989,10.0
1,1.38,989,10.0
1,1.322,989,10.0
1,0.986,989,10.0
1,0.747,989,10.0
0,0.716,989,10.0
0,0.781,989,0.05
1,0.578,989,0.05
1,0.674,989,0.05
1,0.995,989,0.05
1,1.265,989,0.05
1,0.916,989,0.05
1,1.157,989,0.05
1,0.841,989,0.05
1,0.797,989,0.05
1,1.836,989,0.05
1,0.932,989,0.05
0,0.929,989,0.05
0,0.792,989,0.05
0,0.659,989,0.05
1,0.747,989,0.05
1,0.762,989,0.05
0,0.744,989,10.0
1,0.841,989,10.0
1,0.862,989,10.0
1,0.956,989,10.0
1,0.81,989,10.0
1,0.844,989,10.0
1,0.679,989,10.0
0,1.175,989,10.0
0,2.7845,990,0.05
1,2.7803,990,0.05
0,3.8691,990,0.05
1,2.2483,990,0.05
1,2.1344,990,0.05
1,3.2139,990,0.05
1,1.6432,990,0.05
1,3.6656,990,0.05
1,2.0447,990,0.05
1,2.8683,990,0.05
1,2.3766,990,0.05
0,2.5836,990,0.05
1,2.4648,990,0.05
1,2.3121,990,0.05
1,1.0732,990,0.05
1,4.3197,990,0.05
1,18.5095,990,10.0
1,17.2422,990,10.0
1,3.1662,990,0.05
1,3.8394,990,0.05
1,2.3957,990,0.05
1,2.6102,990,0.05
1,3.1119,990,0.05
1,2.5752,990,0.05
1,2.1561,990,0.05
1,3.2634,990,0.05
1,17.695,990,10.0
1,2.4662,990,0.05
0,4.6766,990,0.05
1,2.6908,990,0.05
1,2.2844,990,0.05
1,2.0267,990,0.05
1,2.0292,990,0.05
1,2.3782,990,0.05
1,3.2096,990,0.05
1,17.1229,990,10.0
1,15.5633,990,10.0
0,1.6061,990,0.05
1,3.0978,990,0.05
1,5.4344,990,0.05
1,1.4961,990,0.05
1,3.2862,990,0.05
1,3.9224,990,0.05
1,1.2861,990,0.05
0,3.5352,990,0.05
0,1.8258,991,10.0
1,1.6075,991,10.0
0,1.7231,991,10.0
1,1.6452,991,10.0
1,1.4772,991,10.0
1,2.0778,991,10.0
1,2.1048,991,10.0
1,1.7276,991,10.0
1,1.1238,991,0.05
1,1.5157,991,0.05
1,1.0179,991,0.05
0,1.5431,991,0.05
1,1.2666,991,0.05
1,2.2466,991,0.05
1,1.6288,991,0.05
1,0.896,991,0.05
0,1.6011,991,0.05
0,1.4743,991,0.05
1,0.8458,991,0.05
1,1.2833,991,0.05
0,1.3473,991,0.05
1,0.7867,991,0.05
1,2.647,991,0.05
0,1.5529,991,0.05
1,2.0305,991,10.0
1,1.4952,991,10.0
1,1.0118,991,10.0
1,0.8126,991,10.0
1,1.2711,991,10.0
1,1.1403,991,10.0
1,2.2151,991,10.0
1,1.886,991,10.0
1,1.2643,991,0.05
1,1.9326,991,0.05
1,2.2314,991,0.05
1,1.549,991,0.05
0,1.4996,991,0.05
1,1.2159,991,0.05
1,1.4989,991,0.05
0,1.9658,991,0.05
1,1.3144,991,0.05
1,1.0158,991,0.05
1,1.3323,991,0.05
1,1.183,991,0.05
1,1.549,991,0.05
1,1.2328,991,0.05
1,1.3828,991,10.0
1,2.2317,991,10.0
0,1.3495,991,10.0
1,1.7486,991,10.0
1,1.3174,991,0.05
1,1.1324,991,0.05
1,1.6317,991,0.05
1,1.4158,991,0.05
1,1.5329,991,0.05
0,1.5305,991,10.0
1,0.916,991,10.0
1,2.5487,991,10.0
1,2.4326,992,0.05
0,1.694,992,0.05
1,2.6059,992,0.05
1,3.4396,992,0.05
1,2.293,992,0.05
0,2.442,992,0.05
1,3.4858,992,0.05
1,3.3847,992,10.0
1,3.2836,992,10.0
0,3.3181,992,10.0
0,3.8371,992,10.0
1,2.8297,992,10.0
1,4.6905,992,0.05
0,2.1053,992,0.05
1,2.1707,992,0.05
1,2.9908,992,0.05
1,2.8875,992,0.05
0,2.6475,992,0.05
1,3.4855,992,0.05
1,2.6581,992,0.05
0,2.6861,992,10.0
1,2.2765,992,10.0
1,3.5566,992,10.0
1,2.5771,992,10.0
0,4.1089,992,10.0
0,2.3373,992,10.0
1,1.9409,992,10.0
1,2.61,992,10.0
1,2.8848,992,10.0
1,4.5029,992,10.0
1,1.9499,992,10.0
1,2.2075,992,10.0
1,3.9064,992,10.0
1,4.4643,992,10.0
1,2.3186,992,10.0
1,4.1507,992,10.0
1,2.1331,992,10.0
0,3.0942,992,10.0
1,1.9772,992,10.0
1,2.2677,992,10.0
0,2.1223,992,10.0
0,1.8738,992,0.05
1,1.4216,992,0.05
1,2.2673,992,0.05
1,1.8763,992,0.05
0,2.5082,992,0.05
1,2.1405,992,0.05
1,1.8111,992,0.05
0,2.3919,992,0.05
1,2.6086,992,0.05
1,3.5198,992,0.05
1,2.5942,992,0.05
1,2.0344,992,0.05
1,2.5073,992,0.05
0,1.1419,992,0.05
1,2.4912,992,0.05
1,1.9124,992,0.05
0,2.7391,992,0.05
1,1.2905,992,0.05
1,2.0464,992,0.05
1,1.1125,992,0.05
0,2.1083,992,0.05
1,1.9876,992,0.05
1,1.7549,992,0.05
1,2.5735,992,0.05
1,1.6753,992,0.05
1,2.1962,992,0.05
1,2.4911,992,0.05
0,3.43,992,0.05
1,2.4867,992,10.0
1,3.0869,992,10.0
1,1.2569,992,10.0
1,3.165,993,0.05
1,1.928,993,0.05
1,2.18,993,0.05
0,5.165,993,0.05
1,2.46,993,0.05
0,2.594,993,0.05
1,1.533,993,0.05
1,2.072,993,0.05
0,3.62,993,10.0
1,4.145,993,10.0
1,4.551,993,10.0
1,5.819,993,10.0
1,2.054,993,10.0
1,4.23,993,10.0
1,4.1,993,10.0
1,7.529,993,10.0
1,5.319,993,0.05
0,5.458,993,0.05
1,1.356,993,0.05
1,7.359,993,0.05
1,3.114,993,0.05
1,6.596,993,0.05
1,3.126,993,0.05
0,5.393,993,0.05
0,8.045,993,10.0
1,2.532,993,10.0
0,3.667,993,10.0
0,8.977,993,10.0
1,5.485,993,10.0
1,4.395,993,10.0
1,1.406,993,10.0
0,10.673,993,10.0
1,5.134,993,0.05
1,2.71,993,0.05
1,5.641,993,0.05
0,7.583,993,0.05
1,3.553,993,0.05
1,7.971,993,0.05
1,7.815,993,0.05
0,8.765,993,0.05
1,4.773,993,0.05
1,3.561,993,0.05
1,4.961,993,0.05
1,2.751,993,0.05
1,8.602,993,0.05
1,9.575,993,0.05
1,6.112,993,0.05
1,9.624,993,0.05
1,7.03,993,10.0
0,8.441,993,10.0
0,3.966,993,10.0
0,2.208,993,10.0
1,5.761,993,10.0
1,3.04,993,10.0
1,2.381,993,10.0
0,7.827,993,10.0
1,3.585,993,10.0
1,3.167,993,10.0
1,6.562,993,10.0
1,5.001,993,10.0
1,4.03,993,10.0
1,3.53,993,0.05
1,7.898,993,0.05
0,7.27,993,0.05
1,11.044,993,0.05
1,13.635,993,0.05
1,3.831,993,0.05
1,3.678,993,0.05
1,4.896,993,0.05
0,4.482,993,0.05
1,3.015,993,0.05
1,3.419,993,0.05
1,1.696,993,0.05
0,5.368,993,0.05
1,3.202,993,0.05
0,5.123,993,0.05
1,1.913,993,0.05
1,2.948,993,10.0
1,11.817,993,10.0
0,11.924,993,10.0
1,8.16,993,10.0
1,5.397,993,10.0
1,10.986,993,10.0
0,8.49,993,10.0
1,12.036,993,10.0
0,10.954,993,10.0
0,7.508,993,10.0
0,2.794,993,10.0
1,1.812,993,10.0
1,1.805,993,10.0
1,10.463,993,10.0
0,10.111,993,10.0
0,9.343,993,10.0
1,2.1515,994,0.05
0,1.7157,994,0.05
1,1.1845,994,0.05
1,1.3013,994,0.05
1,1.8829,994,0.05
1,0.9161,994,0.05
0,1.5167,994,0.05
1,2.4827,994,0.05
1,1.831,994,0.05
1,1.2853,994,0.05
1,2.0162,994,0.05
1,0.9827,994,0.05
1,1.4179,994,0.05
0,1.4832,994,0.05
1,0.8671,994,0.05
1,1.8858,994,0.05
1,2.0513,994,10.0
0,1.7336,994,10.0
1,1.3211,994,10.0
1,1.5509,994,10.0
0,1.7161,994,10.0
1,1.3175,994,10.0
0,1.4344,994,10.0
1,1.2694,994,10.0
1,1.3671,994,10.0
1,1.2664,994,10.0
1,1.0001,994,10.0
0,1.7006,994,10.0
1,0.8826,994,10.0
1,1.2159,994,10.0
1,2.2339,994,10.0
1,2.2342,994,10.0
1,3.7516,994,10.0
1,1.3669,994,10.0
1,2.567,994,10.0
1,2.9844,994,10.0
1,2.7499,994,10.0
1,2.4333,994,10.0
1,2.6175,994,0.05
0,3.7503,994,0.05
1,2.7705,994,0.05
1,1.9182,994,0.05
0,3.5336,994,0.05
1,2.6513,994,0.05
1,1.5181,994,0.05
0,1.5182,994,0.05
0,2.8161,994,10.0
1,1.8494,994,10.0
0,2.2672,994,10.0
1,1.9843,994,10.0
1,2.1664,994,10.0
1,1.4351,994,10.0
0,1.7853,994,10.0
1,1.9667,994,10.0
1,1.8342,994,0.05
0,1.768,994,0.05
0,3.6847,994,0.05
1,1.6447,994,0.05
1,2.3665,994,0.05
1,2.2076,994,0.05
1,2.1415,994,0.05
1,2.7013,994,0.05
1,2.017,994,0.05
0,2.0532,994,10.0
1,2.2504,994,10.0
1,2.0457,994,10.0
1,3.5094,994,10.0
1,3.7776,994,10.0
1,2.0245,994,10.0
1,2.7148,994,10.0
1,1.8658,994,10.0
0,1.3515,994,0.05
1,1.4715,994,0.05
0,3.3736,994,0.05
1,1.8252,994,0.05
1,1.1123,994,0.05
1,1.645,994,10.0
1,1.4681,994,10.0
1,1.5016,994,10.0
0,1.5186,994,10.0
0,1.1578,994,10.0
0,2.3684,994,10.0
0,1.9001,994,10.0
1,2.3161,996,10.0
1,3.0845,996,10.0
1,4.4564,996,10.0
0,3.8803,996,0.05
1,2.6543,996,0.05
0,4.4694,996,0.05
1,1.947,996,0.05
1,2.4107,996,0.05
1,5.5561,996,0.05
0,3.2003,996,0.05
1,1.7222,996,0.05
0,3.2507,996,0.05
0,2.6597,996,0.05
0,3.2551,996,0.05
1,2.7717,996,0.05
1,2.7262,996,0.05
0,2.8037,996,0.05
1,3.0541,996,0.05
1,5.0382,996,0.05
0,3.3131,996,0.05
1,1.5984,996,0.05
0,4.74,996,0.05
0,5.3088,996,0.05
1,5.5537,996,0.05
1,1.4741,996,0.05
1,2.5438,996,0.05
0,2.4088,996,0.05
1,2.6732,996,10.0
1,1.7959,996,10.0
1,2.0976,996,10.0
0,1.3727,996,10.0
0,3.2825,996,10.0
1,1.2786,996,10.0
1,1.8595,996,10.0
0,1.6908,996,10.0
0,1.704,996,10.0
1,2.2244,996,10.0
1,2.5303,996,10.0
1,1.1189,996,0.05
1,1.5558,996,0.05
1,1.7708,996,0.05
0,1.4478,996,0.05
0,1.2774,996,0.05
0,1.5788,996,0.05
1,1.4543,996,0.05
1,1.1441,996,0.05
1,1.279,996,0.05
1,1.7991,996,0.05
0,1.5546,996,0.05
0,2.4789,996,0.05
0,2.7135,996,0.05
1,1.2759,996,0.05
0,1.4148,996,0.05
1,1.5435,996,0.05
0,1.6343,997,0.05
1,1.1107,997,0.05
0,1.7749,997,0.05
0,2.2644,997,0.05
0,2.5821,997,0.05
0,2.9429,997,0.05
1,0.9192,997,0.05
1,1.9584,997,0.05
0,3.1281,997,10.0
1,1.0393,997,10.0
1,1.7722,997,10.0
1,0.9183,997,10.0
1,1.7144,997,10.0
1,1.2998,997,10.0
1,1.3987,997,10.0
0,3.2165,997,10.0
1,1.0142,997,10.0
1,1.1429,997,10.0
1,1.0896,997,10.0
1,1.6103,997,10.0
1,1.5376,997,10.0
1,0.9152,997,10.0
1,1.3662,997,10.0
0,2.0037,997,10.0
1,3.5553,997,0.05
1,0.79,997,0.05
1,0.92,997,0.05
1,3.2372,997,0.05
1,3.1177,997,0.05
1,1.6194,997,0.05
1,0.9514,997,0.05
0,2.2057,997,0.05
1,1.3673,997,10.0
1,3.1114,997,10.0
0,1.2761,997,10.0
1,2.0506,997,10.0
1,0.8159,997,10.0
1,1.2237,997,10.0
1,2.3564,997,10.0
1,1.6646,997,0.05
1,1.0252,997,0.05
0,1.4128,997,0.05
1,3.5157,997,0.05
1,2.5035,997,0.05
0,1.7476,997,0.05
1,1.0502,997,0.05
1,2.7122,997,0.05
1,1.86,997,0.05
0,0.8591,997,0.05
0,2.5084,997,0.05
0,2.075,997,0.05
1,1.6602,997,0.05
1,2.2439,997,0.05
1,1.3686,997,0.05
0,1.3114,997,10.0
1,1.1638,997,10.0
1,1.4659,997,10.0
1,1.8742,997,10.0
1,1.8968,997,10.0
0,2.1592,997,10.0
1,2.0084,997,10.0
1,1.4511,997,10.0
1,4.1867,998,0.05
1,1.9037,998,0.05
1,1.9728,998,0.05
1,4.0698,998,0.05
1,2.819,998,0.05
0,3.9795,998,0.05
1,5.5693,998,0.05
1,1.691,998,10.0
1,2.4088,998,10.0
0,4.0111,998,10.0
1,4.0153,998,10.0
1,2.4929,998,10.0
1,1.7962,998,10.0
1,5.209,998,10.0
0,5.6081,998,10.0
1,2.6731,998,10.0
1,0.8396,998,10.0
1,5.0062,998,10.0
0,2.7979,998,10.0
0,1.9181,998,10.0
1,4.3644,998,10.0
1,4.5267,998,10.0
1,1.3112,998,10.0
1,4.0416,998,0.05
1,2.5731,998,0.05
1,1.6106,998,0.05
1,2.4082,998,0.05
0,5.3565,998,0.05
1,6.6928,998,0.05
0,6.2227,998,0.05
1,2.2295,998,0.05
1,6.5502,998,0.05
1,4.2076,998,0.05
0,4.2055,998,0.05
1,2.3388,998,0.05
1,4.5343,998,0.05
1,2.0186,998,0.05
1,5.3475,998,0.05
1,2.1864,998,10.0
1,1.6892,998,10.0
1,5.0097,998,10.0
1,1.3724,998,10.0
0,5.7181,998,10.0
1,4.4495,998,10.0
1,4.5096,998,10.0
1,2.0937,998,0.05
1,2.378,998,0.05
1,5.2684,998,0.05
0,1.3485,998,0.05
1,2.2787,998,0.05
1,1.9056,998,0.05
1,8.2573,998,0.05
0,1.9098,998,10.0
1,1.5146,998,10.0
1,2.3486,998,10.0
1,5.9727,998,10.0
1,1.6355,998,10.0
1,2.038,998,10.0
1,1.5396,998,10.0
1,2.2201,998,10.0
1,1.9536,998,10.0
1,3.8319,998,10.0
1,6.234,998,10.0
1,1.3978,998,10.0
1,2.7642,998,10.0
1,6.4293,998,10.0
0,1.6877,998,10.0
1,7.5146,998,10.0
1,6.4348,998,10.0
1,1.4392,998,10.0
0,3.7789,998,0.05
1,1.3703,998,0.05
1,4.278,998,0.05
1,7.4824,998,0.05
0,1.9548,998,0.05
1,1.0362,998,0.05
0,8.3984,998,0.05
0,1.7759,998,0.05
0,1.8826,998,0.05
0,1.5756,998,0.05
1,1.2325,998,0.05
1,1.6941,998,0.05
1,1.7685,998,0.05
1,1.5999,998,0.05
1,2.3296,998,0.05
1,1.6211,999,0.05
1,1.102,999,0.05
1,1.5705,999,0.05
1,2.2396,999,0.05
1,1.8341,999,0.05
1,2.0899,999,0.05
0,1.2665,999,0.05
1,1.3764,999,10.0
1,2.602,999,10.0
0,1.2714,999,10.0
1,0.9388,999,10.0
1,2.2721,999,10.0
1,1.8006,999,10.0
1,1.36,999,10.0
1,1.3132,999,10.0
0,1.2763,999,10.0
1,1.005,999,10.0
1,1.4476,999,10.0
1,2.4411,999,10.0
1,1.6577,999,10.0
1,1.8497,999,10.0
0,1.8531,999,10.0
1,2.3568,999,0.05
1,2.07,999,0.05
1,1.2576,999,0.05
0,1.0835,999,0.05
1,1.3433,999,0.05
1,1.071,999,0.05
1,1.2346,999,0.05
1,1.2062,999,0.05
1,1.705,999,10.0
1,1.3376,999,10.0
0,1.8026,999,10.0
0,1.6682,999,10.0
0,1.6872,999,10.0
1,1.379,999,10.0
0,1.6345,999,10.0
1,1.621,999,0.05
1,0.6936,999,0.05
1,0.9727,999,0.05
1,1.0229,999,0.05
0,2.2632,999,0.05
1,1.3872,999,0.05
1,1.6293,999,0.05
1,0.9199,999,10.0
0,1.111,999,10.0
1,2.2114,999,10.0
1,1.1388,999,10.0
1,1.9105,999,10.0
0,0.9634,999,10.0
0,1.3831,999,10.0
1,1.0833,999,10.0
1,1.5329,999,0.05
1,0.9414,999,0.05
1,0.9621,999,0.05
0,1.6354,999,0.05
0,1.1657,999,0.05
1,1.2531,999,0.05
1,0.9087,999,0.05
0,1.7445,999,0.05
0,1.2084,999,10.0
1,1.0208,999,10.0
0,1.1831,999,10.0
1,1.1807,999,10.0
0,1.1664,999,10.0
1,0.9648,999,10.0
1,0.9272,999,10.0
0,1.1008,999,10.0
1,0.8941,999,0.05
0,0.9237,999,0.05
0,1.3183,999,0.05
0,2.0539,999,0.05
1,0.8041,999,0.05
1,1.0406,999,0.05
1,1.2755,999,0.05
1,0.9743,999,0.05
1,2.315,999,10.0
1,1.0143,999,10.0
1,0.8041,999,10.0
1,2.2995,999,10.0
0,2.1893,999,10.0
0,1.1756,999,10.0
0,1.3809,999,10.0
1,1.2207,999,0.05
0,1.116,999,0.05
1,1.2246,1000,0.05
1,1.563,1000,0.05
1,1.0202,1000,0.05
1,1.3505,1000,0.05
0,0.8545,1000,0.05
1,1.1618,1000,0.05
1,1.0586,1000,0.05
1,3.0399,1000,0.05
1,0.7997,1000,10.0
1,1.1922,1000,10.0
1,1.0688,1000,10.0
1,2.4409,1000,10.0
0,1.7991,1000,10.0
0,0.8965,1000,10.0
0,1.35,1000,10.0
1,2.766,1000,10.0
1,8.0137,1000,10.0
1,9.1594,1000,10.0
1,9.8688,1000,10.0
1,2.2312,1000,10.0
1,1.9806,1000,10.0
1,8.7721,1000,10.0
1,2.7043,1000,10.0
1,1.5749,1000,0.05
1,2.8318,1000,0.05
1,2.0072,1000,0.05
1,2.8214,1000,0.05
1,2.0009,1000,0.05
1,1.8321,1000,0.05
1,1.8961,1000,10.0
1,2.3733,1000,10.0
1,2.7738,1000,10.0
1,1.4843,1000,10.0
1,2.1198,1000,10.0
1,2.3529,1000,10.0
0,3.9736,1000,10.0
0,5.0612,1000,10.0
0,2.8339,1000,10.0
0,2.6985,1000,10.0
0,1.587,1000,10.0
0,4.3772,1000,10.0
0,5.9814,1000,10.0
1,1.9866,1000,10.0
1,2.1264,1000,10.0
1,2.6244,1000,10.0
1,3.557,1000,0.05
1,1.8717,1000,0.05
1,2.1363,1000,0.05
1,2.6819,1000,0.05
1,1.3763,1000,0.05
0,3.5764,1000,0.05
0,2.8044,1000,0.05
1,2.2143,1000,0.05
1,5.5688,1000,0.05
0,2.7928,1000,0.05
1,7.755,1000,0.05
1,2.8751,1000,10.0
1,5.2434,1000,10.0
1,4.0205,1000,10.0
1,4.0548,1000,10.0
1,2.0693,1000,10.0
1,1.8616,1000,10.0
1,2.157,1001,0.05
1,1.656,1001,0.05
1,2.7202,1001,0.05
1,1.3219,1001,0.05
1,1.9575,1001,0.05
1,1.1113,1001,0.05
1,4.6844,1001,0.05
1,2.2743,1001,0.05
1,2.1708,1001,0.05
0,1.676,1001,0.05
1,1.9504,1001,0.05
1,2.7135,1001,0.05
1,1.7658,1001,0.05
0,2.0549,1001,0.05
1,1.3403,1001,0.05
1,3.2056,1001,0.05
1,1.9631,1001,10.0
1,2.3657,1001,10.0
1,3.5393,1001,10.0
1,2.1024,1001,10.0
0,3.8018,1001,10.0
1,2.5237,1001,10.0
1,1.832,1001,10.0
0,2.0569,1001,10.0
1,1.607,1001,10.0
1,1.4387,1001,10.0
1,1.2295,1001,10.0
0,2.7901,1001,10.0
1,1.7459,1001,10.0
1,1.5545,1001,10.0
1,1.9585,1001,10.0
1,2.8361,1001,10.0
1,1.7634,1001,10.0
1,2.604,1001,10.0
1,2.3001,1001,10.0
1,3.8035,1001,10.0
0,4.7979,1001,10.0
1,3.8532,1001,10.0
0,3.673,1001,10.0
1,4.2681,1001,0.05
0,1.9178,1001,0.05
1,2.7165,1001,0.05
0,2.9233,1001,0.05
1,4.2122,1001,0.05
0,5.4254,1001,0.05
1,1.7791,1001,0.05
1,4.4865,1001,0.05
1,1.9838,1001,0.05
1,2.6148,1001,0.05
0,2.714,1001,0.05
1,3.6894,1001,0.05
1,2.8165,1001,10.0
1,2.5888,1001,10.0
1,3.0465,1001,10.0
1,4.3287,1001,10.0
1,1.7533,1001,10.0
1,2.9134,1001,10.0
0,3.3492,1001,10.0
1,3.2488,1001,10.0
1,5.3898,1001,0.05
1,2.8521,1001,0.05
1,1.4547,1001,0.05
1,3.231,1001,0.05
0,2.7542,1001,0.05
1,2.1971,1001,0.05
1,1.7624,1001,0.05
1,2.4048,1001,0.05
0,2.2027,1001,10.0
1,2.4008,1001,10.0
1,2.6248,1001,10.0
0,5.0252,1001,10.0
0,3.0385,1001,10.0
1,2.8105,1001,10.0
1,2.0917,1001,10.0
0,5.2593,1001,10.0
0,2.4505,1001,0.05
1,1.5902,1001,0.05
1,3.1074,1001,0.05
0,1.6113,1003,0.05
0,1.8431,1003,0.05
1,1.6624,1003,0.05
1,1.255,1003,0.05
1,1.1434,1003,0.05
0,1.866,1003,0.05
0,2.6201,1003,0.05
0,2.828,1003,0.05
0,2.9996,1003,10.0
0,3.4846,1003,10.0
1,2.0363,1003,10.0
1,2.6434,1003,10.0
0,5.3661,1003,10.0
1,2.3927,1003,10.0
1,1.8267,1003,10.0
1,1.065,1003,10.0
1,2.4428,1003,0.05
1,1.6095,1003,0.05
0,1.9539,1003,0.05
1,2.0864,1003,0.05
1,3.5351,1003,0.05
1,2.3432,1003,0.05
0,3.5938,1003,0.05
0,1.8188,1003,0.05
0,2.58,1003,10.0
1,1.9046,1003,10.0
1,5.7638,1003,10.0
0,7.2935,1003,10.0
0,3.6436,1003,10.0
1,1.4675,1003,10.0
1,5.2502,1003,10.0
1,3.8816,1003,10.0
1,1.9451,1003,10.0
0,5.7639,1003,10.0
1,2.5606,1003,10.0
1,1.3576,1003,10.0
1,5.0831,1003,10.0
0,4.8355,1003,10.0
1,1.304,1003,10.0
0,1.1525,1003,10.0
0,0.9855,1003,0.05
1,2.4001,1003,0.05
1,1.0434,1003,0.05
1,3.1983,1003,0.05
1,1.031,1003,0.05
0,6.1122,1003,0.05
1,1.1989,1003,0.05
0,1.3126,1003,0.05
0,1.0476,1003,0.05
1,1.5266,1003,0.05
1,1.8204,1003,0.05
0,6.0796,1003,0.05
1,2.1159,1003,0.05
1,1.7693,1003,0.05
0,4.544,1003,0.05
0,2.0282,1003,0.05
1,2.4094,1003,10.0
0,3.2498,1003,10.0
1,1.7021,1003,10.0
1,1.0346,1003,0.05
1,1.3947,1003,0.05
0,1.3939,1003,0.05
0,2.0046,1003,0.05
1,0.9283,1003,0.05
0,1.3493,1003,0.05
0,2.0056,1003,0.05
1,2.5193,1003,0.05
1,1.2601,1003,10.0
1,1.2627,1003,10.0
1,1.3879,1004,10.0
1,1.451,1004,10.0
1,1.7745,1004,10.0
1,3.1625,1004,10.0
1,1.8734,1004,10.0
1,3.3816,1004,10.0
1,1.4662,1004,10.0
1,2.0953,1004,10.0
1,2.3868,1004,10.0
1,1.6432,1004,10.0
1,2.4308,1004,10.0
1,1.5712,1004,10.0
0,2.8532,1004,10.0
1,1.9089,1004,10.0
1,2.533,1004,10.0
1,1.3848,1004,10.0
0,1.1015,1004,0.05
1,1.9061,1004,0.05
1,1.0392,1004,0.05
1,2.1613,1004,0.05
1,3.0903,1004,0.05
1,1.0125,1004,0.05
1,1.2043,1004,0.05
1,1.2072,1004,0.05
1,1.7311,1004,0.05
0,0.8668,1004,0.05
0,3.0575,1004,0.05
1,2.3769,1004,0.05
1,1.3105,1004,0.05
0,2.8013,1004,0.05
1,1.5334,1004,0.05
1,1.9927,1004,0.05
1,2.1319,1004,10.0
0,5.9976,1004,10.0
1,2.1221,1004,10.0
1,1.694,1004,10.0
1,4.1407,1004,0.05
1,4.6818,1004,0.05
1,3.1323,1004,10.0
1,2.8017,1004,10.0
1,2.8913,1004,10.0
1,2.3134,1004,10.0
1,3.1118,1004,0.05
1,1.5529,1004,0.05
1,2.39,1004,0.05
1,3.4668,1004,0.05
1,2.468,1004,0.05
1,5.3835,1004,0.05
1,5.8166,1004,10.0
1,3.7703,1004,10.0
1,7.185,1004,10.0
1,5.5064,1004,10.0
1,2.0797,1004,10.0
1,5.778,1004,10.0
1,1.147,1004,10.0
1,1.8647,1005,10.0
1,1.2017,1005,10.0
1,1.8003,1005,10.0
1,1.7202,1005,10.0
1,1.9631,1005,10.0
1,1.4465,1005,10.0
0,1.7692,1005,10.0
0,1.9451,1005,10.0
1,1.1593,1005,0.05
0,1.5521,1005,0.05
1,0.9286,1005,0.05
0,1.0478,1005,0.05
1,1.0715,1005,0.05
1,1.2421,1005,0.05
1,1.4685,1005,0.05
1,1.3369,1005,0.05
0,1.2414,1005,0.05
1,1.239,1005,0.05
1,1.8921,1005,0.05
1,1.0917,1005,0.05
0,1.1243,1005,0.05
1,0.9052,1005,0.05
1,1.2424,1005,0.05
1,0.8249,1005,0.05
0,1.6055,1005,10.0
1,1.8724,1005,10.0
1,1.2089,1005,10.0
1,1.4691,1005,10.0
0,1.2076,1005,10.0
1,1.2057,1005,10.0
1,1.4104,1005,10.0
0,1.156,1005,10.0
1,1.2683,1005,10.0
1,1.3463,1005,10.0
0,1.3242,1005,10.0
0,2.8607,1005,10.0
0,3.226,1005,10.0
1,1.5902,1005,10.0
1,2.0974,1005,10.0
1,1.9946,1005,10.0
1,1.3028,1005,0.05
1,1.474,1005,0.05
0,2.0597,1005,0.05
0,1.8723,1005,0.05
0,2.6373,1005,0.05
1,2.0865,1005,0.05
1,1.1043,1005,0.05
0,2.3625,1005,10.0
1,2.0539,1005,10.0
1,3.0467,1005,10.0
1,1.8577,1005,10.0
1,1.6259,1005,10.0
1,1.4504,1005,10.0
0,1.2539,1005,10.0
1,1.5665,1005,10.0
1,1.3275,1005,10.0
1,0.8407,1005,10.0
0,1.6743,1005,0.05
1,0.7754,1005,0.05
1,1.6542,1005,0.05
1,1.3554,1005,0.05
1,1.9856,1005,0.05
0,0.8695,1005,0.05
1,2.7731,1005,0.05
1,3.1697,1005,10.0
1,1.7424,1005,10.0
0,3.0379,1005,10.0
1,1.6959,1007,0.05
1,1.5544,1007,0.05
1,0.9715,1007,0.05
1,1.4402,1007,0.05
0,1.627,1007,0.05
0,2.0357,1007,0.05
0,2.5416,1007,0.05
1,2.4416,1007,0.05
1,2.6102,1007,0.05
1,3.0896,1007,0.05
0,3.9071,1007,0.05
1,4.395,1007,0.05
0,2.9598,1007,0.05
1,3.2688,1007,0.05
0,2.1387,1007,0.05
0,4.6652,1007,0.05
1,1.9079,1007,0.05
1,1.4716,1007,0.05
1,4.0538,1007,0.05
1,1.0532,1007,0.05
1,1.3625,1007,0.05
1,1.3941,1007,0.05
0,2.0238,1007,0.05
1,2.4451,1007,0.05
1,3.8675,1007,0.05
1,1.4207,1007,0.05
0,2.11,1007,0.05
1,2.3777,1007,0.05
1,2.4586,1007,10.0
1,4.3007,1007,10.0
1,2.2748,1007,10.0
1,1.9544,1007,10.0
1,1.4478,1007,10.0
1,2.8633,1007,10.0
1,2.9675,1007,10.0
1,1.1786,1007,10.0
1,1.7339,1007,10.0
1,1.0805,1007,10.0
1,1.3718,1007,10.0
1,1.5405,1007,10.0
0,1.4119,1007,10.0
1,1.5828,1007,0.05
0,2.8845,1007,0.05
0,2.7675,1007,0.05
1,1.1102,1007,0.05
1,1.9842,1007,0.05
1,1.6312,1007,0.05
1,1.0601,1007,0.05
1,0.9624,1007,0.05
0,1.2053,1007,0.05
1,0.8838,1007,0.05
1,0.9814,1007,0.05
1,1.1168,1007,0.05
1,2.1876,1007,0.05
1,1.2941,1007,0.05
1,1.545,1007,0.05
1,2.2824,1007,0.05
0,7.3163,1008,10.0
1,3.1791,1008,10.0
0,5.3323,1008,10.0
1,3.4017,1008,10.0
1,4.5507,1008,10.0
0,4.5412,1008,10.0
1,4.3546,1008,10.0
1,4.8797,1008,0.05
0,9.1334,1008,0.05
1,3.3769,1008,0.05
1,3.5792,1008,0.05
1,2.3411,1008,0.05
1,1.9973,1008,0.05
1,4.0006,1008,0.05
1,4.473,1008,0.05
1,5.6439,1008,10.0
0,3.7245,1008,10.0
0,5.5177,1008,10.0
1,2.5397,1008,10.0
1,4.6956,1008,10.0
1,2.573,1008,10.0
0,6.4664,1008,10.0
0,9.104,1008,10.0
1,2.7798,1008,0.05
1,4.2093,1008,0.05
1,3.1784,1008,0.05
1,2.1657,1008,0.05
1,3.7749,1008,0.05
1,7.6833,1008,0.05
1,4.9625,1008,10.0
0,9.2446,1008,10.0
1,6.9889,1008,10.0
1,5.1329,1008,10.0
0,6.6351,1008,10.0
1,3.2379,1008,10.0
0,3.1134,1008,0.05
0,8.6781,1008,0.05
1,3.9216,1008,0.05
0,7.7686,1008,0.05
0,5.3671,1008,0.05
1,6.61,1008,0.05
0,6.4192,1008,0.05
1,2.3807,1008,0.05
1,3.715,1008,0.05
1,4.238,1008,0.05
1,5.5012,1008,0.05
1,6.5399,1008,0.05
1,4.4818,1008,0.05
0,4.6632,1008,0.05
1,5.2091,1008,0.05
0,4.9224,1008,0.05
1,5.5531,1008,10.0
1,6.0132,1008,10.0
0,9.6284,1008,10.0
1,8.1797,1008,10.0
1,7.068,1008,10.0
1,5.8668,1008,10.0
1,3.5681,1008,10.0
1,9.8107,1008,10.0
1,5.7046,1008,10.0
1,4.1071,1008,10.0
1,3.3293,1008,10.0
1,5.9296,1008,10.0
1,3.4948,1008,10.0
1,6.3944,1008,10.0
1,3.1897,1008,10.0
0,9.8057,1008,10.0
0,4.4403,1008,0.05
1,4.8937,1008,0.05
0,5.4247,1008,0.05
1,4.7037,1008,0.05
1,4.3608,1008,0.05
1,4.3839,1008,0.05
1,7.3405,1008,0.05
1,5.7816,1008,0.05
1,5.0715,1008,0.05
1,8.368,1008,0.05
1,3.7849,1008,0.05
0,7.3875,1008,0.05
0,6.204,1008,0.05
1,4.9465,1008,0.05
0,8.7383,1008,10.0
1,4.8525,1008,10.0
0,1.4542,1009,0.05
0,1.9942,1009,0.05
1,1.0941,1009,0.05
1,1.547,1009,0.05
1,1.4975,1009,0.05
1,1.6158,1009,0.05
1,2.0938,1009,0.05
1,1.0309,1009,0.05
1,1.9009,1009,10.0
1,2.3185,1009,10.0
1,1.2334,1009,10.0
1,1.4026,1009,10.0
0,1.1123,1009,10.0
0,1.5098,1009,10.0
1,1.0101,1009,10.0
1,1.4015,1009,10.0
0,1.1514,1009,10.0
1,0.8979,1009,10.0
1,1.1671,1009,10.0
1,1.404,1009,10.0
0,1.0026,1009,10.0
1,1.1179,1009,10.0
1,1.2002,1009,10.0
0,1.9971,1009,0.05
1,0.8846,1009,0.05
1,1.2337,1009,0.05
1,1.1677,1009,0.05
0,1.0844,1009,0.05
1,1.0849,1009,0.05
1,0.8167,1009,0.05
0,1.5674,1009,0.05
0,2.9878,1009,10.0
1,2.7357,1009,10.0
1,1.468,1009,10.0
1,2.3178,1009,10.0
1,2.1846,1009,10.0
1,2.0843,1009,10.0
1,1.7509,1009,10.0
1,1.1342,1009,10.0
0,1.2169,1009,0.05
1,0.8502,1009,0.05
0,2.5219,1009,0.05
1,1.567,1009,0.05
1,0.6974,1009,0.05
1,1.6684,1009,0.05
1,0.4339,1009,0.05
0,1.9341,1009,10.0
1,0.9384,1009,10.0
0,1.9482,1009,10.0
1,0.8838,1009,10.0
1,1.546,1009,10.0
1,1.3249,1009,10.0
1,1.5269,1009,10.0
0,1.685,1009,10.0
1,1.277,1009,10.0
1,0.4165,1009,10.0
1,1.6985,1009,10.0
0,0.5674,1009,10.0
1,1.0508,1009,10.0
0,2.1363,1009,10.0
0,1.2135,1009,0.05
1,0.7703,1009,0.05
1,0.4957,1009,0.05
1,0.4256,1009,0.05
1,1.5658,1009,0.05
1,1.923,1010,0.05
1,1.893,1010,0.05
0,2.811,1010,0.05
1,2.427,1010,0.05
1,1.424,1010,0.05
0,3.158,1010,0.05
1,6.6,1010,0.05
1,1.381,1010,0.05
1,2.507,1010,10.0
1,3.175,1010,10.0
1,2.859,1010,10.0
1,3.677,1010,10.0
0,2.341,1010,10.0
0,1.643,1010,10.0
1,2.344,1010,10.0
0,3.862,1010,10.0
1,2.391,1010,10.0
0,3.542,1010,10.0
1,2.464,1010,10.0
1,7.673,1010,10.0
1,1.257,1010,10.0
0,3.15,1010,10.0
1,2.641,1010,10.0
0,2.959,1010,10.0
0,3.278,1010,0.05
1,2.108,1010,0.05
1,7.292,1010,0.05
1,2.708,1010,0.05
1,1.647,1010,0.05
1,4.727,1010,0.05
1,1.526,1010,0.05
1,4.41,1010,0.05
1,4.593,1010,10.0
0,2.375,1010,10.0
1,7.194,1010,10.0
1,2.317,1010,10.0
1,7.396,1010,10.0
1,2.378,1010,10.0
1,2.517,1010,10.0
1,5.033,1010,10.0
1,2.862,1010,10.0
1,5.958,1010,10.0
1,2.426,1010,10.0
1,7.21,1010,10.0
1,7.049,1010,10.0
1,8.046,1010,10.0
1,4.941,1010,10.0
1,5.047,1010,10.0
1,8.176,1010,0.05
1,1.99,1010,0.05
1,6.115,1010,0.05
1,7.908,1010,0.05
0,9.943,1010,0.05
1,7.057,1010,0.05
1,10.412,1010,0.05
1,5.679,1010,0.05
1,4.145,1010,0.05
1,6.595,1010,0.05
1,8.195,1010,0.05
0,7.947,1010,0.05
1,4.773,1010,0.05
1,2.776,1010,0.05
1,7.561,1010,0.05
1,2.278,1010,0.05
1,10.142,1010,0.05
1,3.111,1010,0.05
1,8.842,1010,0.05
1,9.761,1010,0.05
1,5.195,1010,10.0
0,5.029,1010,10.0
1,9.146,1010,10.0
1,7.942,1010,10.0
0,9.01,1010,10.0
1,12.899,1010,10.0
0,8.981,1010,10.0
1,1.71,1010,10.0
0,10.378,1010,10.0
1,5.229,1010,10.0
1,10.288,1010,10.0
1,3.045,1010,10.0
1,14.495,1010,10.0
1,4.045,1010,10.0
1,13.646,1010,10.0
1,5.043,1010,0.05
1,10.424,1010,0.05
1,2.307,1010,0.05
1,6.479,1010,0.05
0,8.015,1010,0.05
1,12.63,1010,0.05
1,9.467,1010,0.05
1,14.477,1010,0.05
1,2.1195,1011,10.0
1,2.273,1011,10.0
1,2.3026,1011,10.0
1,3.5171,1011,10.0
0,2.3763,1011,10.0
0,3.9688,1011,10.0
1,3.6853,1011,10.0
0,5.213,1011,10.0
1,2.2059,1011,0.05
1,5.4593,1011,0.05
1,6.3694,1011,0.05
1,4.5105,1011,0.05
1,3.3345,1011,0.05
1,2.0079,1011,0.05
0,2.7994,1011,0.05
1,1.8236,1011,0.05
1,3.4552,1011,0.05
1,3.3066,1011,0.05
0,2.8008,1011,0.05
1,2.7157,1011,0.05
1,7.281,1011,0.05
1,3.8285,1011,0.05
1,2.6423,1011,0.05
0,7.6643,1011,10.0
1,3.1391,1011,10.0
0,5.2953,1011,10.0
1,2.5161,1011,10.0
0,4.0027,1011,10.0
1,2.9218,1011,10.0
1,2.2561,1011,10.0
1,3.2342,1011,0.05
0,3.2606,1011,0.05
1,3.9284,1011,0.05
1,1.8364,1011,0.05
0,7.0585,1011,0.05
1,2.6002,1011,0.05
1,4.0745,1011,0.05
1,4.3215,1011,0.05
0,6.949,1011,10.0
1,5.1532,1011,10.0
1,2.7791,1011,10.0
0,5.4731,1011,10.0
1,4.2308,1011,10.0
1,6.0058,1011,10.0
1,5.7255,1011,10.0
1,2.6346,1011,0.05
0,7.6767,1011,0.05
1,2.9922,1011,0.05
0,5.6227,1011,0.05
1,3.4853,1011,0.05
1,3.4012,1011,0.05
0,7.4769,1011,0.05
1,3.617,1011,0.05
1,6.0461,1011,10.0
1,4.3843,1011,10.0
0,6.1159,1011,10.0
1,6.955,1011,10.0
1,2.9169,1011,10.0
1,7.3726,1011,10.0
1,7.1796,1011,10.0
1,4.3515,1011,10.0
1,2.4352,1011,0.05
1,2.1588,1011,0.05
1,2.6433,1011,0.05
0,2.1726,1011,0.05
1,1.9336,1011,0.05
1,2.8857,1011,0.05
1,2.9306,1011,0.05
1,2.8093,1011,0.05
1,2.2926,1011,10.0
1,2.7947,1011,10.0
1,2.1847,1011,10.0
1,2.4176,1011,10.0
0,1.8745,1011,10.0
0,1.8288,1011,10.0
0,3.7642,1011,10.0
1,2.8948,1011,10.0
1,1.9967,1011,10.0
1,4.3854,1011,10.0
1,3.7905,1011,10.0
1,3.2771,1011,10.0
1,3.2339,1011,10.0
1,3.5274,1011,10.0
0,3.9852,1011,10.0
1,3.0742,1011,10.0
1,3.1685,1011,0.05
1,2.4277,1011,0.05
0,5.2867,1011,0.05
1,1.5057,1011,0.05
1,2.2191,1011,0.05
0,6.7568,1011,0.05
1,1.4899,1011,0.05
0,6.8435,1011,0.05
0,2.4026,1012,10.0
1,1.7366,1012,10.0
1,1.0996,1012,10.0
1,1.4823,1012,10.0
1,2.461,1012,10.0
1,1.9484,1012,10.0
1,2.5156,1012,10.0
1,1.9678,1012,10.0
1,1.1663,1012,0.05
1,1.1818,1012,0.05
1,2.117,1012,0.05
1,1.4994,1012,0.05
1,1.9341,1012,0.05
1,1.0683,1012,0.05
1,2.6359,1012,0.05
1,1.5093,1012,0.05
1,1.4278,1012,0.05
1,1.9333,1012,0.05
1,1.0658,1012,0.05
1,0.8934,1012,0.05
1,1.0839,1012,0.05
0,2.9852,1012,0.05
1,1.013,1012,0.05
1,0.8339,1012,10.0
1,1.7831,1012,10.0
1,1.0523,1012,10.0
1,1.1264,1012,10.0
1,0.9446,1012,10.0
1,1.9353,1012,10.0
1,1.8849,1012,10.0
1,1.0835,1012,10.0
1,2.1265,1012,10.0
1,1.3266,1012,10.0
1,1.6934,1012,10.0
0,3.1758,1012,10.0
1,1.8758,1012,10.0
0,1.3454,1012,10.0
1,2.3685,1012,10.0
1,2.2036,1012,10.0
1,2.0044,1012,10.0
1,2.1061,1012,10.0
0,2.7068,1012,10.0
1,2.1438,1012,10.0
1,3.6051,1012,0.05
1,1.8493,1012,0.05
1,2.9394,1012,0.05
1,1.8029,1012,0.05
1,1.3664,1012,0.05
1,1.8952,1012,0.05
1,3.0599,1012,0.05
1,2.0339,1012,0.05
1,2.6009,1012,0.05
0,2.9131,1012,10.0
1,0.7626,1012,10.0
1,1.5967,1012,10.0
0,0.9303,1012,10.0
0,4.0739,1013,10.0
0,3.5371,1013,10.0
1,1.687,1013,10.0
1,3.9363,1013,10.0
1,1.559,1013,10.0
1,3.1924,1013,10.0
0,3.5778,1013,0.05
1,1.4032,1013,0.05
0,1.5268,1013,0.05
0,1.2118,1013,0.05
1,1.6792,1013,0.05
1,2.5717,1013,0.05
1,1.229,1013,0.05
1,1.7484,1013,10.0
1,2.8007,1013,10.0
0,4.246,1013,10.0
1,1.2842,1013,10.0
1,1.9851,1013,10.0
0,2.8269,1013,10.0
1,1.3385,1013,10.0
0,1.2825,1013,10.0
1,2.0291,1013,0.05
1,1.3819,1013,0.05
1,2.361,1013,0.05
1,2.175,1013,0.05
1,1.0901,1013,0.05
1,1.2915,1013,0.05
1,1.7175,1013,0.05
1,1.2421,1013,0.05
1,4.3426,1013,0.05
1,2.1949,1013,0.05
1,4.2597,1013,0.05
1,3.5789,1013,0.05
0,4.1087,1013,0.05
1,4.4209,1013,0.05
1,1.7788,1013,0.05
1,2.2765,1013,10.0
1,1.8861,1013,10.0
1,2.1447,1013,10.0
0,3.176,1013,10.0
1,3.5398,1013,10.0
0,1.8378,1013,10.0
1,1.6601,1013,10.0
1,2.8749,1013,10.0
0,3.3753,1013,10.0
1,2.2525,1013,10.0
1,4.3018,1013,10.0
1,2.5895,1013,10.0
1,6.4536,1013,10.0
0,2.9785,1013,10.0
1,3.2557,1013,10.0
0,3.2981,1013,0.05
1,2.7675,1013,0.05
1,5.1297,1013,0.05
1,3.0289,1013,0.05
1,1.2364,1013,0.05
1,1.844,1013,0.05
1,5.4261,1013,0.05
1,2.2957,1013,0.05
0,2.2698,1013,0.05
1,3.284,1013,0.05
0,2.8104,1013,0.05
0,4.3965,1013,0.05
1,4.2305,1013,0.05
1,2.7239,1013,0.05
1,3.4056,1013,0.05
1,1.5311,1013,0.05
1,5.3479,1013,0.05
1,2.0706,1013,10.0
0,5.4178,1013,10.0
1,2.8609,1013,10.0
1,6.6348,1013,10.0
1,1.8104,1013,10.0
1,1.0508,1013,10.0
1,1.8341,1013,10.0
0,2.9364,1013,10.0
1,1.4263,1013,10.0
1,3.7281,1013,10.0
1,1.9241,1013,10.0
1,2.7397,1013,10.0
1,2.0435,1013,10.0
1,2.2805,1013,10.0
0,2.1581,1013,10.0
1,2.6633,1015,10.0
0,4.1485,1015,10.0
1,4.2149,1015,10.0
1,2.3503,1015,10.0
1,2.0165,1015,10.0
1,2.4162,1015,10.0
1,2.0975,1015,0.05
1,3.4494,1015,0.05
0,2.4329,1015,0.05
1,2.2829,1015,0.05
0,3.5494,1015,0.05
1,1.4003,1015,0.05
0,0.9976,1015,0.05
1,1.5169,1015,0.05
0,2.3166,1015,0.05
1,0.951,1015,0.05
1,0.834,1015,0.05
0,2.6159,1015,0.05
0,2.6993,1015,0.05
1,1.5334,1015,0.05
1,1.2167,1015,10.0
1,1.1175,1015,10.0
1,2.0332,1015,10.0
1,0.9168,1015,10.0
0,1.3668,1015,10.0
1,1.3504,1015,10.0
0,1.9833,1015,10.0
1,1.5999,1015,10.0
1,0.5168,1015,0.05
1,2.1332,1015,0.05
0,2.2166,1015,0.05
0,4.2153,1015,0.05
1,2.0496,1015,0.05
0,1.2004,1015,0.05
0,2.6825,1015,0.05
1,1.0841,1015,0.05
0,1.7836,1015,10.0
1,1.4007,1015,10.0
1,2.7995,1015,0.05
1,2.283,1015,0.05
1,2.0161,1015,0.05
0,0.7669,1015,0.05
0,1.7167,1015,0.05
0,2.4996,1015,0.05
1,1.1005,1015,0.05
1,1.6502,1015,10.0
0,1.8336,1015,10.0
1,2.0661,1015,10.0
1,2.966,1015,10.0
1,1.3337,1015,10.0
1,2.1831,1015,10.0
0,1.6828,1015,10.0
0,2.3331,1015,10.0
1,1.55,1015,10.0
1,1.2837,1015,10.0
1,1.0002,1015,10.0
0,0.9342,1015,10.0
1,1.1838,1015,10.0
1,1.2333,1015,10.0
1,1.5166,1015,10.0
1,1.0334,1015,10.0
1,1.367,1015,0.05
1,1.6335,1015,0.05
1,1.0169,1015,0.05
1,3.283,1015,0.05
1,2.2996,1015,0.05
1,2.8994,1015,0.05
0,1.4671,1015,0.05
1,1.8666,1015,0.05
0,1.6873,1016,10.0
0,1.4365,1016,10.0
1,1.8908,1016,10.0
1,1.4086,1016,10.0
0,1.5592,1016,10.0
1,1.0613,1016,10.0
1,1.4263,1016,0.05
0,1.4144,1016,0.05
1,1.983,1016,0.05
1,2.0241,1016,0.05
0,1.3684,1016,0.05
1,1.8605,1016,0.05
1,1.6436,1016,10.0
0,2.2492,1016,10.0
1,1.276,1016,10.0
0,1.2147,1016,10.0
0,2.3697,1016,10.0
0,1.6328,1016,10.0
0,1.2813,1016,0.05
1,1.7617,1016,0.05
0,2.1953,1016,0.05
1,1.2923,1016,0.05
0,1.4982,1016,0.05
1,1.0418,1016,0.05
1,1.8399,1016,0.05
0,0.9887,1016,0.05
1,0.8658,1016,10.0
1,1.4004,1016,10.0
1,1.222,1016,10.0
0,1.3704,1016,10.0
1,1.555,1016,10.0
0,0.9033,1016,10.0
1,0.9715,1016,10.0
0,1.0392,1016,10.0
1,1.7242,1016,0.05
1,1.1662,1016,0.05
0,1.8263,1016,0.05
1,0.9929,1016,0.05
0,0.9539,1016,0.05
1,1.1109,1016,0.05
0,2.7115,1016,0.05
0,1.4157,1016,0.05
1,1.1359,1016,10.0
1,1.3381,1016,10.0
1,1.1882,1016,10.0
0,1.3885,1016,10.0
0,1.5523,1016,0.05
1,1.5645,1016,0.05
0,1.8824,1016,0.05
1,1.4177,1016,0.05
0,1.4416,1016,0.05
1,1.2546,1016,0.05
1,1.5995,1016,0.05
0,1.2366,1016,0.05
1,1.4341,1016,10.0
1,1.5929,1016,10.0
1,0.9145,1016,10.0
1,0.65,1016,10.0
0,1.008,1016,10.0
0,1.8744,1016,10.0
1,1.9107,1016,10.0
1,0.761,1016,10.0
0,0.8909,1016,10.0
0,0.7746,1016,10.0
0,1.1254,1016,10.0
1,0.7534,1016,10.0
1,0.7086,1016,10.0
0,0.7296,1016,10.0
0,1.4019,1016,10.0
1,0.811,1016,10.0
1,1.0905,1016,0.05
0,0.777,1016,0.05
1,0.6451,1016,0.05
1,0.6456,1016,0.05
1,1.8649,1016,0.05
0,1.9936,1016,0.05
0,1.1467,1016,0.05
1,0.9963,1016,0.05
1,2.6736,1017,10.0
1,2.8778,1017,10.0
1,2.8105,1017,10.0
1,2.6075,1017,10.0
0,3.7745,1017,10.0
1,2.1176,1017,10.0
1,2.2344,1017,10.0
1,3.1112,1017,0.05
1,2.5894,1017,0.05
1,2.4337,1017,0.05
1,1.8709,1017,0.05
1,2.0116,1017,0.05
1,2.905,1017,10.0
0,3.1275,1017,10.0
1,1.7307,1017,10.0
0,2.5735,1017,10.0
1,1.7494,1017,10.0
1,2.1947,1017,10.0
1,2.684,1017,10.0
0,1.9013,1017,10.0
1,4.1108,1017,0.05
1,2.1916,1017,0.05
1,1.7789,1017,0.05
1,4.0194,1017,0.05
1,1.7277,1017,0.05
0,2.1053,1017,0.05
0,2.5114,1017,0.05
1,1.924,1017,0.05
1,2.7008,1017,0.05
1,2.1335,1017,0.05
1,2.2093,1017,0.05
0,2.0481,1017,0.05
0,3.0675,1017,0.05
0,3.3344,1017,10.0
1,1.8804,1017,10.0
1,1.879,1017,10.0
0,2.0079,1017,10.0
0,1.4558,1017,10.0
1,1.5608,1017,10.0
1,2.5614,1017,10.0
0,1.4415,1017,10.0
0,2.0992,1017,0.05
1,1.8934,1017,0.05
0,2.6347,1017,0.05
0,3.2726,1017,0.05
1,2.4194,1017,0.05
1,1.9599,1017,0.05
1,1.647,1017,0.05
1,1.8758,1017,0.05
1,3.1623,1017,0.05
0,1.4814,1017,0.05
1,1.5717,1017,0.05
0,2.9989,1017,0.05
1,1.6627,1017,0.05
1,1.7664,1017,0.05
1,1.3622,1017,0.05
1,2.3251,1017,0.05
1,2.2535,1017,10.0
1,4.0503,1017,10.0
1,2.8315,1017,10.0
0,1.5508,1017,10.0
0,1.4249,1017,10.0
1,2.8935,1017,10.0
1,2.5033,1017,10.0
1,1.5741,1017,10.0
1,1.9951,1017,0.05
0,1.5227,1017,0.05
1,2.3783,1017,0.05
0,2.1794,1017,0.05
1,1.2165,1017,0.05
0,1.2983,1017,0.05
1,1.7135,1017,0.05
0,1.9107,1017,0.05
1,1.7964,1017,10.0
1,1.738,1017,10.0
1,1.6668,1017,10.0
1,1.6192,1017,10.0
1,2.6136,1017,10.0
0,1.7107,1017,10.0
1,2.3646,1017,10.0
1,1.4664,1019,10.0
1,1.81,1019,10.0
1,1.3614,1019,10.0
1,1.5371,1019,10.0
1,1.4107,1019,10.0
0,2.7389,1019,10.0
1,2.4465,1019,10.0
0,2.1559,1019,10.0
1,1.5866,1019,10.0
1,1.6376,1019,10.0
1,2.3036,1019,10.0
1,2.4073,1019,10.0
1,1.9038,1019,10.0
0,2.3079,1019,10.0
1,2.779,1019,10.0
1,1.2273,1019,10.0
0,1.5526,1019,0.05
0,2.1267,1019,0.05
1,1.2246,1019,0.05
1,2.3442,1019,0.05
1,1.5551,1019,0.05
1,1.8892,1019,0.05
1,1.74,1019,0.05
1,2.4719,1019,0.05
1,2.1182,1019,0.05
1,1.6856,1019,0.05
1,1.7668,1019,0.05
1,2.4207,1019,0.05
1,3.6398,1019,0.05
1,2.4099,1019,0.05
0,2.5918,1019,0.05
1,3.2084,1019,0.05
1,2.8191,1019,0.05
0,2.5106,1019,0.05
1,2.176,1019,10.0
1,1.8623,1019,10.0
1,3.4274,1019,10.0
0,3.2967,1019,10.0
1,2.1067,1019,10.0
0,3.3792,1019,10.0
1,3.5766,1019,10.0
1,1.8421,1019,10.0
1,1.409,1019,0.05
1,1.023,1019,0.05
1,1.6228,1019,0.05
1,2.4577,1019,0.05
1,1.8064,1019,0.05
1,2.7299,1019,0.05
1,1.2227,1019,0.05
1,1.6066,1019,0.05
1,1.0259,1019,0.05
1,2.507,1019,0.05
1,1.6594,1019,0.05
1,3.1737,1019,0.05
1,1.2228,1019,0.05
1,1.4075,1019,0.05
1,3.1773,1019,10.0
1,2.6603,1019,10.0
1,1.2736,1019,10.0
0,1.7122,1019,10.0
0,3.0709,1019,10.0
1,1.8287,1019,10.0
1,1.2963,1019,10.0
1,3.0798,1019,10.0
1,1.7833,1019,10.0
1,1.9299,1019,10.0
1,1.8432,1019,10.0
1,1.3934,1019,10.0
0,4.1236,1019,10.0
1,2.1062,1019,10.0
1,2.2559,1019,10.0
1,1.0865,1019,10.0
1,2.2747,1020,0.05
1,1.0926,1020,0.05
0,2.0482,1020,0.05
1,1.596,1020,0.05
1,2.8821,1020,0.05
0,1.2449,1020,0.05
1,1.9416,1020,10.0
0,2.1119,1020,10.0
0,1.6169,1020,10.0
0,1.7473,1020,10.0
1,0.9957,1020,10.0
1,1.5217,1020,10.0
0,1.827,1020,10.0
1,1.311,1020,10.0
1,1.2231,1020,0.05
0,1.2988,1020,0.05
1,2.0129,1020,0.05
0,1.1618,1020,0.05
0,0.8824,1020,0.05
1,1.2507,1020,0.05
0,1.0313,1020,0.05
1,0.8955,1020,0.05
1,1.6985,1020,10.0
0,2.229,1020,10.0
1,1.2255,1020,10.0
1,1.5123,1020,10.0
1,1.6284,1020,10.0
1,1.1963,1020,10.0
1,2.0803,1020,10.0
1,2.3178,1020,10.0
1,1.3114,1020,10.0
0,2.9445,1020,10.0
1,2.5621,1020,10.0
1,1.1576,1020,10.0
1,2.5647,1020,10.0
1,1.2849,1020,10.0
1,1.1964,1020,0.05
1,1.278,1020,0.05
1,2.1313,1020,0.05
1,1.2259,1020,0.05
1,2.3267,1020,0.05
1,1.5785,1020,0.05
1,1.2291,1020,0.05
0,1.7283,1020,0.05
1,1.5011,1020,0.05
1,1.4812,1020,0.05
1,1.3799,1020,0.05
1,2.7169,1020,0.05
1,1.1116,1020,0.05
1,1.0843,1020,0.05
1,1.1305,1020,0.05
0,1.6623,1020,10.0
1,0.9958,1020,10.0
1,2.9496,1020,10.0
1,2.629,1020,10.0
1,1.4263,1020,10.0
1,1.6129,1020,10.0
1,1.6008,1020,10.0
0,2.9305,1020,10.0
1,1.1982,1020,10.0
0,1.3979,1020,10.0
1,2.7287,1020,10.0
0,1.1153,1020,10.0
1,1.0991,1020,10.0
1,1.8359,1020,10.0
1,1.1522,1020,0.05
0,1.2063,1020,0.05
1,1.3776,1020,0.05
1,0.9629,1020,0.05
1,1.1626,1020,0.05
1,1.578,1020,0.05
0,1.4653,1020,0.05
1,1.0128,1020,10.0
1,1.6028,1020,10.0
1,1.5481,1020,10.0
1,1.1803,1020,10.0
1,1.7869,1020,10.0
1,0.9843,1020,10.0
1,1.2128,1020,10.0
0,0.9509,1020,0.05
1,1.0813,1020,0.05
1,2.2476,1020,0.05
1,1.0837,1020,0.05
1,0.9472,1020,0.05
0,1.3471,1020,0.05
0,2.1988,1020,0.05
1,0.8955,1020,0.05
1,1.8493,1022,10.0
0,5.2065,1022,10.0
0,4.4359,1022,10.0
1,2.4842,1022,10.0
1,2.3053,1022,10.0
0,1.2596,1022,10.0
0,4.3491,1022,10.0
0,6.3418,1022,10.0
1,1.8845,1022,10.0
1,5.4258,1022,10.0
0,3.0166,1022,10.0
1,8.1777,1022,10.0
1,1.6977,1022,10.0
0,2.8351,1022,10.0
1,2.8987,1022,0.05
0,4.3731,1022,0.05
0,3.6014,1022,0.05
1,2.4601,1022,0.05
1,2.5431,1022,0.05
1,2.2961,1022,0.05
1,2.1576,1022,0.05
1,3.1177,1022,0.05
0,2.3016,1022,0.05
1,2.2972,1022,0.05
0,2.1674,1022,0.05
0,4.3024,1022,0.05
1,4.2145,1022,0.05
1,4.2497,1022,0.05
1,2.152,1022,0.05
0,3.24,1022,0.05
1,1.8199,1022,0.05
1,4.6071,1022,0.05
1,5.2273,1022,0.05
1,3.5358,1022,0.05
0,4.0535,1022,0.05
1,7.8657,1022,0.05
0,4.9887,1022,0.05
1,8.6699,1022,0.05
1,2.2063,1022,10.0
1,2.1012,1022,10.0
0,4.6063,1022,10.0
1,5.5351,1022,10.0
1,3.9504,1022,10.0
1,6.4343,1022,10.0
1,3.9337,1022,10.0
1,6.5015,1022,10.0
1,3.3636,1022,10.0
1,5.5802,1022,10.0
1,8.4337,1022,10.0
0,1.4977,1022,10.0
1,3.7583,1022,10.0
1,5.5564,1022,10.0
1,1.168,1022,10.0
0,4.8014,1022,10.0
1,4.3999,1022,0.05
1,7.5474,1022,0.05
1,4.7524,1022,0.05
0,2.8727,1022,0.05
1,3.0191,1022,0.05
1,2.7526,1022,0.05
1,1.3768,1022,0.05
1,6.338,1022,0.05
1,4.5804,1022,10.0
1,5.035,1022,10.0
1,2.1192,1022,10.0
1,2.8266,1022,10.0
1,2.6488,1022,10.0
1,3.4546,1022,10.0
0,3.5744,1022,10.0
1,4.8476,1022,10.0
1,0.9682,1022,0.05
0,3.5554,1022,0.05
1,2.9072,1022,0.05
1,3.8054,1022,0.05
1,3.1066,1022,0.05
1,1.0944,1022,0.05
0,1.7186,1022,0.05
0,4.6567,1022,0.05
1,2.3329,1022,10.0
1,4.1524,1022,10.0
1,4.0183,1022,10.0
0,2.6257,1022,10.0
0,7.3123,1022,10.0
1,7.4434,1022,10.0
1,5.9678,1022,10.0
1,3.1667,1022,10.0
1,1.036595,1023,0.05
0,1.0773,1023,0.05
0,1.20596,1023,0.05
0,1.147945,1023,0.05
0,1.41306,1023,0.05
1,1.548535,1023,0.05
1,1.51338,1023,0.05
0,1.680315,1023,0.05
0,1.313975,1023,10.0
0,1.42577,1023,10.0
1,1.204505,1023,10.0
1,1.00062,1023,10.0
0,1.74493,1023,10.0
1,1.11937,1023,10.0
1,1.05281,1023,10.0
1,1.17945,1023,10.0
1,1.058535,1023,10.0
1,1.005005,1023,10.0
0,1.225055,1023,10.0
1,1.588055,1023,10.0
1,1.60143,1023,10.0
0,1.19454,1023,10.0
1,1.625095,1023,10.0
1,1.02983,1023,10.0
0,0.78466,1023,0.05
0,1.281705,1023,0.05
0,1.01659,1023,0.05
0,1.013775,1023,0.05
1,0.911895,1023,0.05
1,0.921695,1023,0.05
1,1.092425,1023,0.05
1,0.75273,1023,0.05
0,1.453905,1023,10.0
0,2.099205,1023,10.0
1,1.03806,1023,10.0
1,1.87444,1023,10.0
1,1.433205,1023,10.0
0,1.330915,1023,10.0
1,2.02702,1023,10.0
1,1.15306,1023,10.0
1,1.02244,1023,10.0
1,0.960325,1023,10.0
0,1.20357,1023,10.0
1,0.87084,1023,10.0
1,2.059415,1023,10.0
1,0.751005,1023,10.0
1,1.696165,1023,10.0
1,1.371995,1023,0.05
1,1.761935,1023,0.05
1,1.512495,1023,0.05
1,1.664035,1023,0.05
1,1.055875,1023,0.05
0,1.463705,1023,0.05
1,0.916215,1023,0.05
1,1.188925,1023,0.05
0,1.30791,1023,0.05
0,1.443175,1023,0.05
1,1.10437,1023,10.0
0,1.114565,1023,10.0
0,1.053475,1023,10.0
1,1.32981,1023,10.0
1,1.159105,1023,10.0
1,1.860365,1023,10.0
1,2.01909,1023,10.0
1,1.33555,1023,10.0
0,0.99209,1023,10.0
0,1.8234,1023,10.0
1,1.78048,1023,10.0
1,0.811745,1023,10.0
0,1.7654,1026,10.0
1,2.1188,1026,10.0
0,2.7171,1026,10.0
0,3.2364,1026,10.0
1,2.8534,1026,10.0
1,1.3533,1026,10.0
0,1.6017,1026,0.05
0,4.917,1026,0.05
1,4.6831,1026,0.05
0,5.4271,1026,0.05
1,1.2954,1026,0.05
1,1.5043,1026,0.05
1,2.1528,1026,0.05
1,2.4531,1026,0.05
1,2.8109,1026,0.05
1,1.5189,1026,0.05
1,1.1902,1026,0.05
1,1.5172,1026,0.05
0,1.9395,1026,0.05
1,1.2193,1026,0.05
1,1.0778,1026,10.0
1,1.0839,1026,10.0
1,2.2077,1026,10.0
0,0.9557,1026,10.0
1,1.5876,1026,10.0
1,1.2863,1026,10.0
1,2.1526,1026,10.0
0,0.9716,1026,10.0
1,1.5747,1026,10.0
1,0.8712,1026,10.0
1,1.4687,1026,10.0
1,1.3511,1026,10.0
1,1.1617,1026,10.0
1,2.8028,1026,10.0
1,1.4226,1026,10.0
1,2.7537,1026,10.0
1,1.3342,1026,10.0
0,2.0512,1026,10.0
1,5.6322,1026,10.0
1,2.134,1026,10.0
1,2.731,1026,10.0
0,1.3422,1026,10.0
1,1.3171,1026,10.0
1,2.4813,1026,10.0
1,5.534,1026,10.0
1,4.7443,1026,10.0
1,3.0022,1026,10.0
0,4.7493,1026,10.0
1,4.5151,1026,10.0
1,1.6044,1026,0.05
1,5.8868,1026,0.05
1,2.2719,1026,0.05
1,3.3138,1026,0.05
1,2.3757,1026,0.05
1,2.2002,1026,0.05
1,4.5407,1026,0.05
1,2.9336,1026,0.05
0,2.0007,1026,0.05
1,1.8201,1026,0.05
1,3.5304,1026,0.05
1,1.6563,1027,0.05
1,1.0432,1027,0.05
1,2.3165,1027,0.05
1,1.1565,1027,0.05
1,1.9552,1027,0.05
1,2.8285,1027,0.05
0,3.165,1027,0.05
1,2.8326,1027,0.05
1,2.92,1027,10.0
0,3.3452,1027,10.0
1,1.0843,1027,10.0
1,2.7272,1027,10.0
1,1.9668,1027,10.0
0,2.6492,1027,10.0
1,3.0612,1027,10.0
1,3.0503,1027,10.0
0,1.7064,1027,0.05
1,1.6381,1027,0.05
1,1.538,1027,0.05
1,2.4308,1027,0.05
1,1.6238,1027,0.05
1,1.4779,1027,0.05
1,1.986,1027,0.05
1,1.4438,1027,0.05
1,1.6667,1027,10.0
1,1.6626,1027,10.0
0,2.7184,1027,10.0
1,1.5204,1027,10.0
1,1.8793,1027,10.0
1,1.2228,1027,10.0
0,1.3848,1027,10.0
1,2.1721,1027,10.0
0,2.9262,1027,10.0
1,2.1102,1027,10.0
1,1.9559,1027,10.0
1,2.2595,1027,10.0
1,1.7614,1027,10.0
1,1.9969,1027,10.0
1,3.3949,1027,10.0
1,2.6748,1027,10.0
1,2.4742,1027,0.05
1,3.7158,1027,0.05
1,2.3427,1027,0.05
1,3.1561,1027,0.05
1,3.8252,1027,0.05
0,3.1937,1027,0.05
1,4.3457,1027,0.05
1,1.3583,1027,10.0
1,1.2079,1027,10.0
1,3.5382,1027,10.0
1,2.6376,1027,10.0
0,3.7942,1027,10.0
1,2.3601,1027,10.0
1,3.9978,1027,10.0
1,2.3746,1027,10.0
0,1.6588,1027,0.05
1,2.0979,1027,10.0
0,1.8344,1027,10.0
1,1.055,1027,10.0
1,1.24,1027,10.0
1,1.8116,1027,10.0
0,1.6093,1027,10.0
1,1.4057,1027,10.0
1,1.2904,1027,10.0
0,1.8498,1027,0.05
1,1.8134,1027,0.05
1,1.8268,1027,0.05
0,2.1451,1027,0.05
1,1.5839,1027,0.05
1,1.5736,1027,0.05
0,2.5839,1027,0.05
1,2.8317,1027,0.05
1,1.3956,1027,0.05
1,1.409,1027,0.05
0,1.6103,1027,0.05
1,1.041,1027,0.05
1,0.8188,1027,0.05
0,1.8062,1027,0.05
1,1.5246,1027,0.05
1,1.059,1027,0.05
1,1.8385,1027,10.0
0,2.709,1027,10.0
1,1.0252,1027,10.0
0,3.9198,1027,10.0
1,3.6817,1027,10.0
1,2.6826,1027,10.0
1,2.3586,1027,10.0
1,1.6163,1027,10.0
0,5.7824,1028,0.05
1,1.7626,1028,0.05
1,2.065,1028,0.05
1,3.1335,1028,0.05
1,4.0301,1028,0.05
1,1.9658,1028,0.05
1,3.366,1028,0.05
1,1.3612,1028,0.05
1,2.1788,1028,10.0
0,2.883,1028,10.0
1,2.9185,1028,10.0
1,5.7784,1028,10.0
1,1.7757,1028,10.0
1,1.6296,1028,10.0
1,7.3635,1028,10.0
0,7.5631,1028,10.0
1,1.5716,1028,10.0
0,6.7783,1028,10.0
1,2.0777,1028,10.0
0,1.861,1028,10.0
1,2.0295,1028,10.0
1,2.7729,1028,10.0
1,1.1944,1028,10.0
1,2.3093,1028,10.0
1,1.7389,1028,0.05
1,2.0717,1028,0.05
1,3.7839,1028,0.05
1,1.7382,1028,0.05
1,2.755,1028,0.05
1,6.9537,1028,0.05
1,3.3032,1028,0.05
1,5.7544,1028,0.05
1,4.783,1028,10.0
1,2.7825,1028,10.0
1,3.8824,1028,10.0
0,5.3991,1028,10.0
1,2.0667,1028,10.0
1,1.5847,1028,10.0
0,2.0496,1028,0.05
1,1.8647,1028,0.05
1,1.983,1028,0.05
0,4.3852,1028,0.05
1,5.0082,1028,0.05
1,2.7241,1028,0.05
0,5.0078,1028,0.05
1,3.774,1028,10.0
1,3.4683,1028,10.0
1,4.5984,1028,10.0
0,7.3511,1028,10.0
1,6.4329,1028,10.0
1,4.7655,1028,10.0
0,5.2617,1028,10.0
1,2.1016,1028,0.05
1,3.6439,1028,0.05
1,3.6223,1028,0.05
1,5.5782,1028,0.05
0,3.2922,1028,0.05
1,1.8756,1028,0.05
1,2.8461,1028,0.05
1,4.3039,1028,0.05
0,3.6502,1028,0.05
1,3.5705,1028,0.05
1,1.721,1028,0.05
1,2.5658,1028,0.05
1,3.4823,1028,0.05
0,3.5885,1028,0.05
0,6.7002,1028,0.05
0,3.3671,1028,10.0
1,1.8353,1028,10.0
0,3.1458,1028,10.0
0,4.8441,1028,10.0
1,2.663,1028,10.0
1,1.8491,1028,10.0
1,1.9133,1028,10.0
0,7.2337,1028,10.0
1,2.2272,1028,0.05
0,2.8225,1028,0.05
0,1.7746,1028,0.05
0,2.4542,1028,0.05
0,1.2206,1028,0.05
1,3.7746,1028,0.05
1,3.437,1028,0.05
1,1.5173,1028,0.05
0,3.7503,1028,10.0
1,1.7505,1028,10.0
0,1.3865,1028,10.0
0,1.2165,1028,10.0
1,1.083,1028,10.0
1,1.8511,1028,10.0
1,3.9843,1028,10.0
0,4.402,1028,10.0
0,0.9576,1029,10.0
0,1.0013,1029,10.0
0,1.0234,1029,10.0
0,0.7906,1029,10.0
1,0.8936,1029,10.0
1,1.3972,1029,10.0
0,1.2456,1029,10.0
1,0.9514,1029,10.0
1,1.0441,1029,10.0
0,1.0483,1029,10.0
1,1.171,1029,10.0
0,1.1918,1029,10.0
1,0.9427,1029,10.0
1,0.9943,1029,10.0
1,1.0508,1029,10.0
1,0.8235,1029,0.05
0,0.895,1029,0.05
1,1.0902,1029,0.05
1,0.8869,1029,0.05
0,0.8598,1029,0.05
1,1.1603,1029,0.05
1,0.8164,1029,0.05
1,0.8987,1029,0.05
1,0.6832,1029,0.05
1,0.8138,1029,0.05
0,1.0514,1029,0.05
0,0.916,1029,0.05
1,1.2703,1029,0.05
0,0.761,1029,0.05
1,0.9449,1029,0.05
1,1.3806,1029,0.05
1,0.933,1029,0.05
1,0.6595,1029,0.05
1,0.876,1029,0.05
1,0.7736,1029,0.05
1,0.9031,1029,0.05
1,0.6783,1029,0.05
1,0.7,1029,0.05
1,0.622,1029,0.05
1,0.7331,1029,10.0
1,0.7033,1029,10.0
1,0.8105,1029,10.0
1,0.6348,1029,10.0
1,0.7417,1029,10.0
1,0.789,1029,10.0
1,1.1956,1029,10.0
1,0.8296,1029,10.0
1,0.6768,1029,0.05
1,0.933,1029,0.05
0,0.7355,1029,0.05
0,0.6827,1029,0.05
1,0.8255,1029,0.05
1,0.9258,1029,0.05
1,0.9005,1029,0.05
1,0.9007,1029,0.05
1,0.9507,1029,0.05
1,0.6839,1029,0.05
1,0.7863,1029,0.05
1,0.8161,1029,0.05
0,1.0161,1029,0.05
0,0.7316,1029,0.05
1,1.1468,1029,0.05
0,0.6755,1029,0.05
1,0.9663,1030,0.05
1,1.0249,1030,0.05
1,0.8187,1030,0.05
1,1.1591,1030,0.05
1,0.9008,1030,0.05
0,0.8035,1030,0.05
1,1.0181,1030,0.05
0,0.6856,1030,0.05
0,0.7343,1030,10.0
1,0.8092,1030,10.0
1,0.7426,1030,10.0
1,0.8706,1030,10.0
0,0.8843,1030,10.0
1,0.7347,1030,10.0
1,0.7819,1030,10.0
1,0.6514,1030,10.0
0,1.2325,1030,0.05
0,0.931,1030,0.05
1,0.8041,1030,0.05
1,0.9611,1030,0.05
0,0.8825,1030,0.05
1,0.8127,1030,0.05
1,0.9975,1030,0.05
0,0.8315,1030,0.05
1,0.7651,1030,10.0
1,1.1289,1030,10.0
1,0.9676,1030,10.0
0,1.115,1030,10.0
1,0.7154,1030,10.0
0,0.7332,1030,10.0
0,0.9685,1030,10.0
1,0.7018,1030,10.0
0,1.0597,1030,10.0
1,1.1293,1030,10.0
1,0.9862,1030,10.0
0,1.0927,1030,10.0
1,0.8519,1030,10.0
1,1.2958,1030,10.0
0,1.3308,1030,10.0
1,1.2082,1030,0.05
1,1.4142,1030,0.05
0,1.0421,1030,0.05
1,1.143,1030,0.05
0,1.2978,1030,0.05
0,0.9671,1030,0.05
1,0.7513,1030,10.0
0,0.901,1030,10.0
1,0.9503,1030,10.0
1,0.9276,1030,10.0
1,0.8595,1030,10.0
1,0.8032,1030,10.0
0,0.8494,1030,10.0
0,0.7661,1030,10.0
0,1.0599,1030,0.05
1,0.9355,1030,0.05
0,0.849,1030,0.05
1,0.8488,1030,0.05
1,0.7456,1030,0.05
0,1.1986,1030,0.05
0,0.9118,1030,0.05
1,1.1974,1030,0.05
0,0.9132,1030,10.0
1,1.1153,1030,10.0
1,1.0822,1030,10.0
0,1.0173,1030,10.0
0,1.4142,1030,10.0
1,0.7823,1030,10.0
0,0.8479,1030,10.0
1,0.6507,1030,10.0
1,0.8637,1030,0.05
0,0.8107,1030,0.05
1,0.8348,1030,0.05
1,1.0801,1030,0.05
0,0.7232,1030,0.05
1,0.8835,1030,0.05
0,1.0491,1030,0.05
1,0.7655,1030,0.05
1,0.9118,1030,0.05
1,1.0962,1030,0.05
1,0.8492,1030,0.05
0,0.6817,1030,0.05
0,0.9825,1030,0.05
1,0.8924,1030,0.05
0,0.9967,1030,0.05
1,0.7555,1030,0.05
1,2.1472,1031,10.0
1,5.4609,1031,10.0
1,2.1622,1031,10.0
1,1.153,1031,10.0
1,3.9343,1031,0.05
1,2.05,1031,0.05
1,2.3336,1031,0.05
1,4.0498,1031,0.05
1,1.1173,1031,0.05
1,4.467,1031,0.05
1,2.2677,1031,10.0
1,3.4993,1031,10.0
1,3.4163,1031,10.0
1,2.2667,1031,10.0
0,1.4837,1031,10.0
1,5.5828,1031,10.0
1,2.2838,1031,10.0
1,4.7499,1031,0.05
1,1.0007,1031,0.05
1,1.3342,1031,0.05
0,1.0503,1031,0.05
0,0.9007,1031,0.05
0,4.2493,1031,0.05
0,4.8662,1031,0.05
1,1.3999,1031,0.05
1,4.5497,1031,0.05
1,1.5839,1031,0.05
1,2.8662,1031,10.0
1,5.4661,1031,10.0
1,2.0172,1031,10.0
1,4.6496,1031,10.0
1,1.2164,1031,10.0
1,1.367,1031,10.0
1,0.9335,1031,10.0
0,1.9671,1031,10.0
1,1.6172,1031,10.0
0,1.9333,1031,10.0
1,0.9507,1031,0.05
1,1.1171,1031,0.05
0,0.9674,1031,0.05
1,0.7167,1031,0.05
1,1.017,1031,0.05
1,0.7507,1031,0.05
1,0.9174,1031,0.05
1,0.9169,1031,0.05
1,2.0998,1031,10.0
1,1.0503,1031,10.0
1,1.6342,1031,10.0
0,1.217,1031,10.0
1,1.9501,1031,10.0
1,1.0842,1031,10.0
1,2.1502,1031,10.0
1,1.2164,1031,10.0
1,1.3664,1031,0.05
1,0.8336,1031,0.05
1,0.8005,1031,0.05
1,1.3167,1031,0.05
0,1.0998,1031,0.05
1,1.7005,1031,0.05
1,0.9174,1031,0.05
0,0.967,1031,0.05
1,1.3677,1032,10.0
1,1.6252,1032,10.0
1,1.1292,1032,10.0
1,1.2609,1032,10.0
0,2.3792,1032,10.0
1,0.9697,1032,10.0
0,1.0272,1032,10.0
1,1.7231,1032,10.0
1,1.935,1032,0.05
1,1.0202,1032,0.05
1,1.0441,1032,0.05
1,2.0404,1032,0.05
0,1.1421,1032,0.05
1,1.5305,1032,0.05
1,1.5373,1032,10.0
1,0.8362,1032,10.0
1,0.8923,1032,10.0
1,1.5613,1032,10.0
1,1.6536,1032,10.0
0,2.3303,1032,10.0
0,1.0966,1032,10.0
1,0.7784,1032,10.0
1,0.7482,1032,0.05
1,0.8512,1032,0.05
1,0.6732,1032,0.05
1,1.4561,1032,0.05
1,1.4965,1032,0.05
1,0.7552,1032,0.05
1,0.8058,1032,0.05
1,0.7093,1032,0.05
1,1.5211,1032,10.0
1,1.4571,1032,10.0
1,1.6206,1032,10.0
0,1.0383,1032,10.0
0,1.8294,1032,10.0
1,1.8978,1032,10.0
1,2.2724,1032,10.0
0,1.094,1032,10.0
1,1.3388,1032,10.0
0,1.1775,1032,10.0
1,0.9315,1032,10.0
1,0.7505,1032,10.0
0,0.8331,1032,10.0
0,1.0021,1032,10.0
1,0.8239,1032,0.05
1,0.7295,1032,0.05
0,1.5328,1032,0.05
1,0.6792,1032,0.05
1,0.7072,1032,0.05
1,1.7034,1032,0.05
1,2.0785,1032,0.05
1,2.3071,1032,0.05
1,1.5643,1032,0.05
1,1.0132,1032,0.05
1,0.5473,1032,0.05
1,0.7529,1032,0.05
0,1.3354,1032,0.05
1,0.808,1032,0.05
1,1.481,1032,0.05
1,0.7962,1032,10.0
1,0.9812,1032,10.0
1,0.8269,1032,10.0
1,0.7913,1032,10.0
0,0.9769,1032,10.0
1,2.0257,1032,10.0
1,0.7628,1032,10.0
0,0.9595,1032,10.0
0,0.6201,1032,10.0
1,0.683,1032,10.0
0,1.2593,1032,10.0
1,0.8135,1032,10.0
1,0.746,1032,10.0
1,0.7924,1032,10.0
1,2.1162,1033,0.05
0,1.1888,1033,0.05
0,1.2402,1033,0.05
1,1.2895,1033,0.05
1,0.7624,1033,0.05
1,1.6918,1033,0.05
0,2.1916,1033,0.05
0,2.3365,1033,0.05
1,1.8424,1033,10.0
0,5.3524,1033,10.0
0,3.9056,1033,10.0
1,1.0475,1033,10.0
1,1.3524,1033,10.0
0,1.9506,1033,10.0
1,0.8729,1033,10.0
1,2.1646,1033,10.0
0,3.3704,1033,10.0
0,2.3636,1033,10.0
1,1.1646,1033,10.0
1,1.5698,1033,10.0
0,1.4369,1033,10.0
0,3.1452,1033,10.0
1,0.7112,1033,10.0
1,1.1273,1033,10.0
1,1.4835,1033,0.05
0,1.5456,1033,0.05
1,1.1304,1033,0.05
1,1.3135,1033,0.05
1,0.998,1033,0.05
1,2.6364,1033,0.05
1,0.9881,1033,0.05
1,1.2145,1033,0.05
1,3.8259,1033,0.05
0,5.2574,1033,0.05
1,0.9365,1033,0.05
1,1.4963,1033,0.05
1,0.9706,1033,0.05
1,0.8122,1033,0.05
1,1.0511,1033,0.05
1,3.8228,1033,10.0
1,2.0561,1033,10.0
1,2.419,1033,10.0
1,1.9442,1033,10.0
1,3.0066,1033,10.0
1,2.5057,1033,10.0
1,2.8038,1033,0.05
1,5.0735,1033,0.05
1,1.7817,1033,0.05
1,2.614,1033,0.05
0,5.926,1033,0.05
1,5.7349,1033,0.05
1,3.7477,1033,10.0
1,1.7124,1033,10.0
1,3.2495,1033,10.0
1,1.4195,1033,10.0
1,2.4522,1033,10.0
1,2.4697,1033,10.0
0,1.2097,1033,0.05
1,0.8692,1033,0.05
1,1.3528,1033,0.05
1,1.9455,1033,0.05
1,5.204,1033,0.05
1,5.3513,1033,0.05
1,2.494,1033,0.05
1,1.4405,1033,0.05
1,1.2351,1033,0.05
1,2.1401,1033,0.05
1,2.3679,1033,0.05
1,1.3428,1033,0.05
1,1.4132,1033,0.05
1,2.4316,1033,0.05
1,5.1854,1033,0.05
1,2.7996,1033,10.0
1,1.2033,1033,10.0
1,1.4868,1033,10.0
0,5.4477,1033,10.0
1,1.3286,1033,10.0
1,0.8641,1033,10.0
1,1.1123,1034,0.05
1,1.6633,1034,0.05
0,0.838,1034,0.05
0,0.9522,1034,0.05
0,1.5984,1034,0.05
1,1.7446,1034,0.05
1,1.0016,1034,0.05
0,0.8015,1034,0.05
0,1.4061,1034,0.05
1,1.8337,1034,0.05
1,0.9821,1034,0.05
1,3.4879,1034,0.05
1,1.0206,1034,0.05
1,1.2459,1034,0.05
0,2.1559,1034,10.0
1,1.4914,1034,10.0
1,1.1705,1034,10.0
0,2.0188,1034,10.0
1,2.3749,1034,10.0
1,1.247,1034,10.0
1,1.5164,1034,10.0
1,1.3307,1034,10.0
0,1.7512,1034,10.0
0,1.8458,1034,10.0
1,1.2548,1034,0.05
0,1.2781,1034,0.05
1,0.9015,1034,0.05
0,1.1851,1034,0.05
1,1.4171,1034,0.05
1,3.5178,1034,0.05
1,1.5098,1034,0.05
0,0.9698,1034,0.05
0,1.8677,1034,10.0
1,2.2061,1034,10.0
1,1.3797,1034,10.0
1,2.841,1034,10.0
1,1.3392,1034,10.0
1,1.8988,1034,10.0
0,1.4865,1034,10.0
1,3.2508,1034,10.0
0,0.7892,1034,0.05
1,1.4392,1034,0.05
1,0.9679,1034,0.05
0,0.8691,1034,0.05
1,1.0865,1034,0.05
0,0.9179,1034,0.05
1,0.8002,1034,0.05
1,0.9203,1034,0.05
1,1.922,1034,10.0
1,1.0068,1034,10.0
1,1.3329,1034,10.0
1,1.0005,1034,10.0
0,1.3718,1034,10.0
1,1.8655,1034,10.0
0,1.0033,1034,10.0
1,0.8022,1034,0.05
1,0.74,1034,0.05
0,1.945,1034,0.05
1,3.0034,1034,0.05
1,1.3697,1034,0.05
1,0.8178,1034,0.05
1,1.7081,1034,0.05
1,2.317,1034,0.05
1,0.9839,1034,0.05
1,1.1452,1034,0.05
1,1.2035,1034,0.05
1,2.3033,1034,0.05
1,2.0813,1034,0.05
0,1.9733,1034,10.0
0,1.5014,1034,10.0
0,1.7016,1034,10.0
1,1.1343,1034,10.0
1,1.4557,1034,10.0
1,1.1534,1034,10.0
1,2.0499,1034,10.0
0,5.5554,1035,0.05
1,1.9084,1035,0.05
1,2.3189,1035,0.05
1,2.1121,1035,0.05
1,1.5125,1035,0.05
1,1.415,1035,0.05
1,4.2421,1035,0.05
1,1.3726,1035,10.0
1,4.2972,1035,10.0
0,3.4743,1035,10.0
1,3.553,1035,10.0
1,2.2247,1035,10.0
1,1.3083,1035,10.0
1,3.3758,1035,10.0
1,1.6008,1035,10.0
0,1.2988,1035,10.0
1,1.6951,1035,10.0
1,2.3277,1035,10.0
1,1.6693,1035,10.0
1,1.8316,1035,10.0
1,4.0357,1035,10.0
1,2.0238,1035,10.0
1,4.3541,1035,0.05
1,1.8049,1035,0.05
1,5.352,1035,0.05
1,3.0534,1035,0.05
1,1.155,1035,0.05
1,2.0092,1035,0.05
1,2.3149,1035,0.05
1,2.3583,1035,0.05
1,1.5502,1035,10.0
1,2.603,1035,10.0
1,2.5255,1035,10.0
1,1.8515,1035,10.0
1,1.6468,1035,10.0
1,2.6473,1035,0.05
1,2.4771,1035,0.05
1,2.1294,1035,0.05
1,2.3021,1035,0.05
1,2.8435,1035,0.05
1,2.3899,1035,0.05
1,1.9772,1035,0.05
1,1.9978,1035,0.05
1,2.7619,1035,0.05
1,2.16,1035,0.05
0,5.6225,1035,0.05
1,1.2849,1035,0.05
1,1.8228,1035,0.05
1,1.7136,1035,0.05
1,1.684,1035,0.05
1,3.1971,1035,0.05
1,1.4852,1035,0.05
1,1.7363,1035,0.05
1,2.5736,1035,0.05
1,1.7533,1035,0.05
1,3.7806,1035,0.05
1,2.175,1035,0.05
1,2.6799,1035,0.05
1,4.2417,1035,0.05
0,2.4369,1035,10.0
1,2.4178,1035,10.0
0,4.4332,1035,10.0
1,1.5554,1035,10.0
1,2.2121,1035,10.0
1,3.0216,1035,10.0
0,4.6896,1035,10.0
1,1.569,1035,10.0
1,5.3402,1036,10.0
1,4.7568,1036,10.0
1,1.5676,1036,10.0
1,5.0454,1036,10.0
1,1.0636,1036,10.0
1,2.5141,1036,10.0
1,1.7298,1036,0.05
1,2.6883,1036,0.05
1,1.1429,1036,0.05
0,0.9801,1036,0.05
1,0.9335,1036,0.05
1,3.0686,1036,0.05
0,3.8013,1036,0.05
1,8.3813,1036,0.05
0,4.3584,1036,10.0
1,3.989,1036,10.0
1,3.3164,1036,10.0
1,1.3194,1036,10.0
1,3.7674,1036,10.0
1,1.4912,1036,10.0
1,3.5679,1036,10.0
1,1.6537,1036,10.0
0,1.8335,1036,0.05
1,4.569,1036,0.05
1,1.0156,1036,0.05
1,5.5001,1036,0.05
1,5.9789,1036,0.05
1,0.9999,1036,0.05
1,0.9127,1036,0.05
1,7.2667,1036,10.0
1,0.997,1036,10.0
1,2.7225,1036,10.0
1,6.8624,1036,10.0
0,8.0658,1036,10.0
1,3.3248,1036,10.0
1,1.8119,1036,0.05
1,4.9384,1036,0.05
1,7.1043,1036,0.05
1,3.5069,1036,0.05
1,2.6827,1036,0.05
1,1.9668,1036,0.05
1,1.5471,1036,0.05
1,1.4754,1036,0.05
1,4.6326,1036,0.05
0,2.2668,1036,0.05
1,2.6447,1036,0.05
1,1.7748,1036,0.05
0,3.9563,1036,0.05
1,1.9573,1036,0.05
1,2.279,1036,0.05
1,1.6742,1036,0.05
1,5.4841,1036,10.0
0,1.6671,1036,10.0
1,1.89,1036,10.0
1,3.0009,1036,10.0
1,8.2002,1036,10.0
1,5.3054,1036,10.0
1,2.0006,1036,10.0
1,1.9011,1036,10.0
1,2.6013,1036,0.05
0,1.5014,1036,0.05
1,3.4452,1036,0.05
1,1.6174,1036,0.05
0,2.659,1036,0.05
1,2.8113,1036,0.05
1,2.1486,1036,0.05
1,3.5475,1036,0.05
0,4.1349,1036,0.05
0,4.4968,1036,0.05
1,2.0894,1036,0.05
1,2.8805,1036,0.05
1,7.9105,1036,0.05
1,2.123,1036,0.05
1,4.0108,1036,0.05
0,5.8752,1036,10.0
1,1.8541,1036,10.0
1,2.2362,1036,10.0
1,5.8894,1036,10.0
1,1.3846,1036,10.0
1,2.6151,1036,10.0
1,3.1305,1036,10.0
1,1.6542,1036,10.0
1,5.4214,1036,10.0
0,2.2433,1036,10.0
1,2.7379,1036,10.0
1,5.2745,1036,10.0
0,6.5009,1036,10.0
1,4.5512,1036,10.0
0,5.9995,1036,10.0
0,2.8714,1037,0.05
0,2.8105,1037,0.05
1,1.0595,1037,0.05
1,1.4321,1037,0.05
1,1.3524,1037,0.05
0,1.9502,1037,0.05
1,1.5682,1037,0.05
1,5.3589,1037,10.0
1,1.5322,1037,10.0
1,1.1009,1037,10.0
1,3.3678,1037,10.0
0,3.5757,1037,10.0
1,1.3544,1037,10.0
1,1.7173,1037,10.0
1,1.9874,1037,10.0
1,2.0766,1037,0.05
1,0.9432,1037,0.05
1,1.5625,1037,0.05
1,1.164,1037,0.05
1,1.7031,1037,0.05
1,1.058,1037,0.05
1,2.3685,1037,0.05
0,2.5485,1037,0.05
0,1.7856,1037,10.0
1,1.2971,1037,10.0
1,1.8002,1037,10.0
1,1.2174,1037,10.0
1,1.4007,1037,10.0
1,1.029,1037,10.0
1,1.6505,1037,10.0
1,1.5506,1037,10.0
1,3.3957,1037,10.0
0,3.4197,1037,10.0
1,2.254,1037,10.0
0,1.6666,1037,10.0
1,1.1638,1037,10.0
1,3.6107,1037,10.0
1,1.9501,1037,10.0
1,4.3506,1037,0.05
0,2.2027,1037,0.05
1,3.8475,1037,0.05
1,2.2291,1037,0.05
1,1.8568,1037,0.05
1,2.2785,1037,0.05
0,2.3465,1037,0.05
0,2.8102,1037,0.05
1,2.9204,1037,10.0
1,1.7971,1037,10.0
1,2.2171,1037,10.0
1,1.7635,1037,10.0
1,1.4812,1037,10.0
1,2.0466,1037,0.05
0,1.8636,1037,0.05
1,1.5671,1037,0.05
1,2.5294,1037,0.05
0,2.0505,1037,0.05
1,1.637,1037,0.05
1,1.4595,1037,0.05
0,1.8809,1037,0.05
1,3.111,1037,10.0
0,10.3722,1038,10.0
1,8.8388,1038,10.0
1,4.339,1038,10.0
1,10.2244,1038,10.0
1,5.9923,1038,10.0
1,9.8221,1038,10.0
0,9.9689,1038,0.05
1,4.6442,1038,0.05
0,2.4795,1038,0.05
1,4.2398,1038,0.05
1,2.8369,1038,0.05
1,5.0035,1038,0.05
1,1.7635,1038,0.05
1,2.8547,1038,0.05
1,5.0883,1038,10.0
1,6.0052,1038,10.0
0,6.5038,1038,10.0
1,4.0799,1038,10.0
1,3.2211,1038,10.0
1,3.79,1038,10.0
1,11.2132,1038,0.05
1,7.1206,1038,0.05
1,7.184,1038,0.05
1,10.7394,1038,0.05
1,5.0155,1038,0.05
0,3.9534,1038,0.05
1,1.9712,1038,0.05
1,10.8999,1038,0.05
1,7.2889,1038,10.0
0,9.5561,1038,10.0
0,3.8322,1038,10.0
1,4.8551,1038,10.0
1,4.2206,1038,10.0
1,5.8074,1038,10.0
1,4.7473,1038,10.0
0,8.6409,1038,10.0
1,8.2416,1038,0.05
1,3.5627,1038,0.05
1,3.2286,1038,0.05
1,3.261,1038,0.05
1,9.3376,1038,0.05
1,4.6993,1038,0.05
1,5.0727,1038,0.05
1,5.4726,1038,0.05
1,3.1573,1038,0.05
1,3.0902,1038,0.05
1,4.3891,1038,0.05
0,4.4078,1038,0.05
0,2.7445,1038,0.05
1,8.3713,1038,0.05
1,2.8583,1038,0.05
1,11.4323,1038,0.05
0,3.6067,1038,10.0
1,3.907,1038,10.0
0,10.3727,1038,10.0
1,1.9281,1038,10.0
0,5.2619,1038,10.0
1,3.7175,1038,10.0
1,3.0023,1038,10.0
1,7.3256,1038,10.0
0,8.9056,1038,0.05
0,4.6475,1038,0.05
1,7.0866,1038,0.05
1,3.8074,1038,0.05
1,4.2402,1038,0.05
1,2.3681,1038,0.05
0,6.9161,1038,0.05
1,4.0577,1038,0.05
1,2.6382,1038,0.05
1,2.5476,1038,0.05
1,6.6261,1038,0.05
1,4.1578,1038,0.05
1,5.39,1038,0.05
1,7.8934,1038,0.05
1,8.2445,1038,0.05
1,2.6399,1038,0.05
1,1.7966,1038,10.0
0,4.6584,1038,10.0
1,3.8941,1038,10.0
1,4.6247,1038,10.0
0,7.775,1038,10.0
1,3.1732,1038,10.0
1,5.9058,1038,10.0
1,4.0087,1038,10.0
1,3.1915,1038,10.0
1,3.8733,1038,10.0
1,5.5894,1038,10.0
0,5.9742,1038,10.0
1,3.6833,1038,10.0
1,7.1881,1038,10.0
1,6.7308,1038,10.0
1,8.4116,1038,10.0
1,1.8528,1039,10.0
1,1.686,1039,10.0
1,2.0758,1039,10.0
0,4.2042,1039,10.0
0,1.8367,1039,10.0
1,1.4035,1039,10.0
1,2.296,1039,0.05
1,5.1787,1039,0.05
1,3.078,1039,0.05
1,4.7104,1039,0.05
1,2.3232,1039,0.05
1,2.6149,1039,0.05
0,3.451,1039,0.05
1,4.1052,1039,0.05
0,3.073,1039,0.05
0,2.9922,1039,0.05
1,4.3071,1039,0.05
0,3.34,1039,0.05
1,3.2927,1039,0.05
1,2.7412,1039,0.05
0,3.6919,1039,0.05
1,2.4937,1039,0.05
1,1.2748,1039,10.0
1,2.4444,1039,10.0
1,2.3955,1039,10.0
1,1.4228,1039,10.0
1,2.0377,1039,10.0
1,3.8891,1039,10.0
1,3.3682,1039,10.0
1,1.6313,1039,10.0
0,3.9816,1039,10.0
1,1.7595,1039,10.0
0,2.7725,1039,10.0
1,2.2167,1039,10.0
1,2.3392,1039,10.0
1,2.2905,1039,10.0
1,2.4006,1039,10.0
1,2.4859,1039,10.0
0,1.9738,1039,10.0
1,5.3913,1039,10.0
0,1.8247,1039,10.0
1,1.739,1039,10.0
1,6.0779,1039,0.05
0,3.8123,1039,0.05
1,4.5937,1039,0.05
0,3.1551,1039,0.05
1,3.8948,1039,0.05
1,2.8334,1039,0.05
0,1.9233,1039,0.05
0,3.1004,1039,0.05
0,2.3829,1039,0.05
0,2.5619,1039,0.05
1,1.611,1039,0.05
1,2.2049,1039,0.05
1,4.2864,1039,0.05
0,2.1055,1039,0.05
1,2.7613,1039,0.05
0,2.0675,1039,0.05
1,1.5851,1039,10.0
1,1.2657,1039,10.0
0,2.5588,1039,10.0
0,2.3837,1039,10.0
0,1.4879,1039,10.0
0,4.2042,1039,10.0
0,1.7699,1039,10.0
1,4.2708,1039,10.0
1,1.7914,1039,0.05
1,4.1502,1039,0.05
1,5.2547,1039,0.05
0,6.3415,1039,0.05
1,5.2268,1039,0.05
1,2.6306,1039,0.05
1,2.1757,1039,0.05
1,3.5359,1039,0.05
1,2.3165,1039,0.05
1,2.9219,1039,0.05
1,3.4749,1039,0.05
0,4.3463,1039,0.05
1,2.3521,1039,0.05
1,2.9872,1039,0.05
1,2.3247,1039,0.05
0,2.7871,1039,0.05
0,2.7979,1039,10.0
0,5.4584,1039,10.0
1,1.9089,1039,10.0
1,2.0171,1039,10.0
1,1.7753,1039,10.0
1,1.1871,1040,0.05
0,1.1837,1040,0.05
0,3.0385,1040,0.05
1,2.1875,1040,0.05
1,1.0594,1040,0.05
1,2.7966,1040,0.05
1,1.2364,1040,0.05
1,1.0651,1040,0.05
1,2.3918,1040,0.05
1,1.0929,1040,0.05
1,0.9017,1040,0.05
1,1.9319,1040,0.05
1,2.0857,1040,0.05
1,2.2838,1040,0.05
1,1.9605,1040,0.05
1,2.4927,1040,0.05
0,4.4082,1040,10.0
1,4.0591,1040,10.0
1,2.0224,1040,10.0
1,1.2187,1040,10.0
0,1.3636,1040,10.0
1,0.8708,1040,10.0
0,3.065,1040,10.0
1,2.7745,1040,10.0
1,1.4885,1040,10.0
1,2.1407,1040,10.0
0,2.6739,1040,10.0
1,2.7472,1040,10.0
1,2.9951,1040,10.0
0,0.8405,1040,10.0
0,3.977,1040,10.0
1,0.8962,1040,10.0
1,3.4812,1040,10.0
1,1.0573,1040,10.0
1,1.6447,1040,10.0
0,2.6104,1040,10.0
1,3.0789,1040,10.0
0,3.9894,1040,10.0
1,1.4598,1040,10.0
1,1.7594,1040,10.0
1,3.5702,1040,0.05
1,2.3866,1040,0.05
1,5.5284,1040,0.05
1,2.6027,1040,0.05
1,2.5664,1040,0.05
1,3.4594,1040,0.05
1,1.3533,1040,0.05
1,1.3777,1040,10.0
1,2.1754,1040,10.0
1,2.6193,1040,10.0
1,3.116,1040,10.0
1,1.4927,1040,10.0
1,3.9832,1040,10.0
1,1.2394,1040,10.0
1,1.2803,1040,10.0
1,1.8022,1040,0.05
1,1.5262,1040,0.05
1,0.9289,1040,0.05
1,2.9204,1040,0.05
1,1.3028,1040,0.05
1,0.9581,1040,0.05
1,1.1953,1040,10.0
1,3.5176,1040,10.0
0,5.6602,1040,10.0
0,3.6133,1040,10.0
1,5.4448,1040,10.0
1,2.9396,1040,10.0
0,1.8597,1040,0.05
1,3.3565,1040,0.05
1,3.0322,1040,0.05
1,1.6655,1040,0.05
1,2.8937,1040,0.05
1,1.0481,1040,0.05
1,5.2083,1040,0.05
0,1.061,1040,0.05
0,2.0406,1040,0.05
1,2.8638,1040,0.05
1,1.2694,1040,0.05
0,5.6411,1040,0.05
1,4.6265,1040,0.05
0,3.7731,1040,0.05
1,2.3444,1040,10.0
0,15.3672,1041,0.05
0,15.4141,1041,0.05
0,14.5615,1041,0.05
1,10.1445,1041,0.05
1,4.1525,1041,0.05
0,15.2778,1041,0.05
1,4.2998,1041,0.05
1,13.6698,1041,10.0
1,14.1802,1041,10.0
1,14.4771,1041,10.0
0,15.4512,1041,10.0
1,14.8134,1041,10.0
1,10.8947,1041,10.0
0,9.5818,1041,10.0
1,11.32,1041,10.0
0,3.4344,1041,0.05
1,5.1884,1041,0.05
1,2.7839,1041,0.05
1,11.7792,1041,0.05
1,1.9475,1041,0.05
1,13.617,1041,0.05
0,13.6803,1041,0.05
1,8.8611,1041,0.05
1,2.5241,1041,0.05
1,3.2378,1041,0.05
1,3.5776,1041,0.05
0,11.5351,1041,0.05
1,14.1525,1041,10.0
1,8.0243,1041,10.0
1,3.9354,1041,10.0
1,8.7386,1041,10.0
0,1.7631,1041,0.05
1,1.6059,1041,0.05
1,1.7718,1041,0.05
1,6.1495,1041,0.05
1,1.8982,1041,0.05
1,1.745,1041,0.05
0,6.1352,1041,0.05
1,2.5184,1041,0.05
1,2.5076,1041,10.0
1,2.4355,1041,10.0
1,3.6483,1041,10.0
1,2.6793,1041,10.0
0,7.2811,1041,10.0
1,5.7512,1041,10.0
1,2.1832,1041,10.0
1,3.3578,1041,10.0
1,2.199,1041,10.0
1,3.2291,1041,10.0
1,1.8003,1041,10.0
1,1.9713,1041,10.0
1,1.9244,1041,10.0
1,2.2342,1041,10.0
1,1.6342,1041,10.0
1,1.7257,1041,10.0
0,2.539,1041,10.0
0,2.3242,1041,10.0
1,2.2879,1041,0.05
0,2.0624,1041,0.05
1,1.8338,1041,0.05
0,1.9351,1041,0.05
0,1.6183,1041,0.05
1,1.6368,1041,0.05
1,1.0891,1041,0.05
1,1.4655,1041,0.05
1,1.448,1041,0.05
0,2.3349,1041,0.05
1,1.7715,1041,0.05
1,2.1387,1041,0.05
1,1.3854,1041,0.05
1,2.6135,1041,0.05
0,2.2242,1041,0.05
1,1.2514,1041,0.05
1,0.9915,1042,10.0
0,1.1405,1042,10.0
1,1.1517,1042,10.0
1,1.7853,1042,10.0
0,1.3352,1042,10.0
1,2.0998,1042,10.0
1,1.4103,1042,10.0
1,2.412,1042,10.0
1,2.1961,1042,10.0
1,1.1626,1042,10.0
0,2.2969,1042,10.0
1,1.1742,1042,10.0
1,1.4343,1042,10.0
1,1.1354,1042,0.05
1,1.0447,1042,0.05
1,2.9878,1042,0.05
1,1.1709,1042,0.05
1,2.2677,1042,0.05
0,3.247,1042,0.05
1,2.2453,1042,0.05
1,1.6131,1042,0.05
0,1.9024,1042,0.05
0,2.0298,1042,0.05
1,1.0433,1042,0.05
1,3.446,1042,0.05
0,2.2194,1042,0.05
1,2.06,1042,10.0
0,3.4162,1042,10.0
1,2.3318,1042,10.0
1,2.2859,1042,10.0
1,2.4112,1042,10.0
0,2.1346,1042,10.0
1,1.434,1042,10.0
1,1.7843,1042,10.0
0,1.2704,1042,0.05
1,1.1372,1042,0.05
1,2.4131,1042,0.05
1,2.0665,1042,0.05
1,1.5829,1042,0.05
1,2.0778,1042,0.05
1,1.256,1042,0.05
1,2.167,1042,0.05
1,0.9615,1042,0.05
0,1.2114,1042,0.05
1,1.8441,1042,0.05
1,1.9975,1042,0.05
1,1.9744,1042,0.05
1,1.4806,1042,0.05
1,1.5637,1042,0.05
1,1.3637,1042,0.05
1,1.2537,1042,10.0
1,1.6583,1042,10.0
1,2.1595,1042,10.0
1,1.3931,1042,10.0
1,1.8706,1042,10.0
1,1.5834,1042,10.0
1,1.2645,1042,10.0
0,1.9672,1042,10.0
0,1.9042,1042,10.0
1,1.055,1042,10.0
1,2.047,1042,10.0
1,2.7861,1042,10.0
1,1.0371,1042,10.0
1,1.0833,1042,10.0
1,0.9436,1042,10.0
1,1.183,1042,10.0
0,0.9682,1042,0.05
1,1.1546,1042,0.05
0,1.3682,1042,0.05
0,0.9783,1042,0.05
0,0.7025,1042,0.05
1,1.1348,1042,0.05
1,1.5313,1042,0.05
0,1.2684,1042,0.05
1,0.9671,1042,10.0
1,1.7991,1042,10.0
1,1.1838,1042,10.0
0,1.5337,1042,10.0
1,1.8597,1042,10.0
0,1.3841,1042,10.0
1,0.9773,1042,10.0
1,0.6223,1042,10.0
1,0.5357,1042,0.05
1,1.0884,1042,0.05
1,0.6197,1042,0.05
0,0.7824,1042,0.05
1,0.8224,1042,0.05
1,1.0678,1042,0.05
0,1.4086,1042,0.05
1,0.5501,1042,0.05
0,0.9203,1043,10.0
1,1.310815,1043,10.0
1,3.02904,1043,10.0
1,2.37761,1043,10.0
1,2.24519,1043,10.0
1,1.46604,1043,10.0
1,1.560805,1043,10.0
1,1.3002,1043,10.0
1,1.68363,1043,0.05
0,1.73142,1043,0.05
1,1.29279,1043,0.05
1,3.164845,1043,0.05
1,1.15882,1043,0.05
1,3.20774,1043,0.05
1,1.431675,1043,0.05
1,1.66049,1043,0.05
1,0.89583,1043,0.05
1,0.785185,1043,0.05
0,1.7491,1043,0.05
1,0.900845,1043,0.05
1,2.460655,1043,0.05
1,1.73023,1043,0.05
0,1.75034,1043,0.05
1,1.431675,1043,0.05
1,1.447295,1043,10.0
1,1.36132,1043,10.0
1,2.096615,1043,10.0
0,2.931475,1043,10.0
1,1.576865,1043,10.0
1,1.774465,1043,10.0
1,1.596015,1043,10.0
1,2.43314,1043,10.0
1,1.820545,1043,10.0
0,0.973075,1043,10.0
0,1.47631,1043,10.0
1,1.457575,1043,10.0
0,3.329715,1043,10.0
1,1.75682,1043,10.0
1,1.81217,1043,0.05
1,2.07803,1043,0.05
0,3.69463,1043,0.05
1,1.14144,1043,0.05
1,1.006115,1043,0.05
0,1.292495,1043,0.05
1,1.31278,1043,0.05
1,1.541285,1043,0.05
0,2.21197,1043,0.05
1,3.5446,1043,0.05
1,3.575155,1043,0.05
0,1.82595,1043,0.05
0,0.909895,1043,0.05
1,3.49146,1043,0.05
1,2.081,1043,0.05
1,1.930515,1043,0.05
1,1.111555,1043,0.05
0,1.05587,1043,0.05
1,2.0176,1044,10.0
1,3.2984,1044,10.0
1,1.3195,1044,10.0
0,2.7083,1044,10.0
1,2.5893,1044,10.0
1,1.6551,1044,10.0
0,2.1006,1044,10.0
0,1.5918,1044,10.0
1,1.3538,1044,10.0
1,1.2836,1044,10.0
1,1.6025,1044,10.0
1,1.3022,1044,10.0
0,1.4316,1044,10.0
1,1.1483,1044,10.0
1,1.4781,1044,10.0
1,1.2228,1044,10.0
1,2.086,1044,10.0
1,1.6166,1044,10.0
1,1.0678,1044,10.0
0,1.616,1044,10.0
0,3.174,1044,0.05
1,1.0108,1044,0.05
1,1.4535,1044,0.05
1,2.4289,1044,0.05
1,1.7509,1044,0.05
1,1.2017,1044,0.05
1,1.2807,1044,0.05
1,1.2966,1044,10.0
0,1.6718,1044,0.05
1,1.4752,1044,0.05
0,1.2447,1044,0.05
1,1.1401,1044,0.05
1,1.0876,1044,0.05
1,1.8109,1044,0.05
0,1.9546,1044,0.05
1,1.4294,1044,0.05
1,1.5399,1044,10.0
1,1.9641,1044,10.0
0,1.6495,1044,10.0
0,2.9882,1044,10.0
1,2.4941,1044,10.0
1,1.0842,1044,10.0
1,1.0124,1044,10.0
1,1.1488,1044,10.0
1,1.7804,1044,10.0
1,1.0301,1044,10.0
1,0.916,1044,10.0
1,0.9151,1044,10.0
1,2.1361,1044,10.0
0,0.9457,1044,10.0
0,2.774,1044,10.0
0,1.9235,1044,10.0
1,1.8433,1044,0.05
1,1.0117,1044,0.05
0,2.2284,1044,0.05
1,3.0694,1044,0.05
1,1.874,1044,0.05
0,1.028,1044,0.05
1,1.4125,1044,0.05
0,1.6158,1044,0.05
0,1.7346,1045,0.05
1,2.2826,1045,0.05
1,2.5635,1045,0.05
1,5.8385,1045,0.05
0,3.9431,1045,0.05
1,1.6595,1045,0.05
1,1.9875,1045,0.05
1,2.3254,1045,0.05
1,4.1381,1045,0.05
1,1.4876,1045,0.05
1,2.4901,1045,0.05
0,4.9106,1045,0.05
1,3.5436,1045,0.05
1,4.3226,1045,0.05
1,2.4133,1045,0.05
1,6.6514,1045,0.05
0,1.4709,1045,10.0
1,1.6486,1045,10.0
1,1.168,1045,10.0
1,2.6651,1045,10.0
0,2.3045,1045,10.0
0,4.5418,1045,10.0
0,3.625,1045,10.0
1,1.8261,1045,10.0
1,2.243,1045,10.0
1,1.4359,1045,10.0
1,2.8623,1045,10.0
1,1.8895,1045,10.0
1,2.5261,1045,10.0
1,2.3908,1045,10.0
1,2.6736,1045,10.0
1,1.7258,1045,10.0
1,4.4694,1045,10.0
1,2.3041,1045,10.0
1,3.3547,1045,10.0
1,7.1874,1045,10.0
1,4.2096,1045,10.0
1,2.097,1045,10.0
1,4.8424,1045,10.0
1,3.1445,1045,10.0
1,2.3206,1045,0.05
1,2.4775,1045,0.05
1,1.6656,1045,0.05
1,6.4936,1045,0.05
0,1.8581,1045,0.05
1,4.7654,1045,0.05
1,1.4208,1045,0.05
1,1.8806,1045,0.05
0,4.7339,1045,10.0
1,2.2431,1045,10.0
0,2.6997,1045,10.0
1,6.4022,1045,10.0
1,4.8956,1045,10.0
1,2.7949,1045,10.0
1,2.9015,1045,10.0
1,3.6476,1045,10.0
0,6.0782,1045,0.05
1,2.4287,1045,0.05
1,1.6467,1045,0.05
1,1.8714,1045,0.05
0,3.522,1045,0.05
1,4.3215,1045,0.05
1,3.8309,1045,0.05
1,3.9356,1045,10.0
0,4.1238,1045,10.0
1,3.363,1045,10.0
1,2.0497,1045,10.0
1,2.8472,1045,10.0
1,1.6316,1045,10.0
1,1.9669,1045,10.0
1,7.1893,1045,10.0
1,4.7017,1045,10.0
1,3.1814,1045,10.0
1,7.2795,1045,10.0
1,3.5644,1045,10.0
1,2.7675,1045,0.05
1,1.9141,1045,0.05
1,4.0675,1045,0.05
1,2.9427,1045,0.05
1,4.0396,1045,0.05
1,5.9062,1045,0.05
1,7.7439,1045,0.05
1,2.2031,1045,0.05
1,3.0228,1045,0.05
1,5.9522,1045,0.05
1,3.5538,1045,0.05
1,4.523,1047,0.05
1,3.6338,1047,0.05
0,5.0391,1047,0.05
0,3.508,1047,0.05
1,4.3869,1047,0.05
1,3.5794,1047,0.05
1,1.8019,1047,0.05
1,3.2871,1047,0.05
0,2.8289,1047,0.05
0,2.4307,1047,0.05
0,2.3004,1047,0.05
0,1.9299,1047,0.05
0,2.4408,1047,0.05
1,0.9515,1047,0.05
1,2.5802,1047,0.05
0,2.6502,1047,10.0
1,1.1622,1047,10.0
1,3.1596,1047,10.0
1,2.7201,1047,10.0
1,2.0264,1047,10.0
0,3.0675,1047,10.0
1,3.0229,1047,10.0
1,1.5311,1047,10.0
1,1.6305,1047,10.0
1,1.5028,1047,10.0
1,2.3087,1047,10.0
1,1.981,1047,10.0
1,2.2005,1047,10.0
1,2.0217,1047,10.0
1,1.4778,1047,10.0
1,2.2747,1047,10.0
1,3.9047,1047,0.05
0,2.6509,1047,0.05
1,2.7724,1047,0.05
0,3.9163,1047,0.05
1,3.2406,1047,10.0
0,5.3984,1047,10.0
1,2.7605,1047,10.0
1,3.5859,1047,10.0
1,2.1856,1047,10.0
1,3.4866,1047,10.0
0,3.3606,1047,10.0
1,3.7036,1047,0.05
0,1.9578,1047,0.05
1,1.6688,1047,0.05
1,1.8201,1047,0.05
1,3.675,1047,0.05
0,2.4742,1047,0.05
0,2.0753,1047,0.05
1,1.8382,1047,0.05
1,2.5333,1047,0.05
0,2.2348,1047,0.05
1,1.6933,1047,0.05
1,1.3182,1047,0.05
1,1.184,1047,0.05
1,2.9611,1047,0.05
1,3.3687,1047,0.05
0,1.4174,1047,0.05
0,2.0877,1047,10.0
1,1.666,1047,10.0
1,2.7207,1047,10.0
1,1.7284,1047,10.0
1,3.9419,1047,10.0
0,3.4935,1047,10.0
1,1.7877,1047,10.0
0,4.1983,1047,10.0
0,1.1663,1047,10.0
0,1.3919,1047,10.0
0,2.208,1047,10.0
1,1.6598,1047,10.0
1,1.1892,1047,10.0
1,1.2265,1047,10.0
1,1.7692,1047,10.0
0,2.2277,1047,10.0
1,5.6663,1048,10.0
1,7.4821,1048,10.0
1,2.0983,1048,10.0
1,7.1156,1048,10.0
0,5.7487,1048,10.0
1,3.2152,1048,10.0
0,4.7725,1048,10.0
1,7.6846,1048,10.0
1,4.4542,1048,10.0
0,8.2134,1048,10.0
1,5.9232,1048,10.0
1,3.4596,1048,10.0
1,5.3672,1048,10.0
1,4.9005,1048,10.0
1,3.7839,1048,10.0
1,4.8446,1048,10.0
1,4.665,1048,0.05
0,10.0443,1048,0.05
1,2.7312,1048,0.05
1,5.8858,1048,0.05
0,4.386,1048,0.05
1,4.0839,1048,0.05
1,3.1085,1048,0.05
1,2.6489,1048,0.05
1,5.3858,1048,0.05
1,4.7198,1048,0.05
1,3.4018,1048,0.05
0,6.4871,1048,0.05
1,3.3657,1048,0.05
0,6.4196,1048,0.05
1,8.0024,1048,0.05
0,3.3846,1048,0.05
1,2.2726,1048,0.05
0,3.3401,1048,0.05
1,3.1846,1048,0.05
0,5.0193,1048,0.05
1,2.4651,1048,0.05
1,5.7706,1048,0.05
0,6.3689,1048,0.05
1,6.1406,1048,0.05
0,6.051,1048,0.05
0,4.0852,1048,0.05
1,3.1129,1048,0.05
0,3.349,1048,0.05
1,2.0697,1048,0.05
1,4.2838,1048,0.05
0,3.7389,1048,0.05
0,5.5866,1048,10.0
1,4.6495,1048,10.0
0,7.8658,1048,10.0
0,5.9996,1048,10.0
1,3.6344,1048,10.0
0,5.752,1048,10.0
1,8.9536,1048,10.0
0,7.3497,1048,10.0
1,4.4989,1048,10.0
1,2.462,1048,10.0
0,9.0265,1048,10.0
1,5.9843,1048,10.0
1,6.0478,1048,10.0
0,7.1813,1048,10.0
0,6.4166,1048,10.0
1,7.5903,1048,10.0
1,2.8486,1048,0.05
1,2.861,1048,0.05
1,4.6181,1048,0.05
0,2.6556,1048,0.05
1,9.1692,1048,0.05
1,3.138,1048,0.05
0,7.6885,1048,0.05
1,7.0514,1048,0.05
1,11.2017,1048,10.0
1,2.6197,1048,10.0
1,4.6155,1048,10.0
0,5.8522,1048,10.0
1,3.3574,1048,10.0
1,5.1461,1048,10.0
1,3.5602,1048,10.0
1,3.8097,1048,10.0
0,4.5177,1048,0.05
1,2.2236,1048,0.05
1,6.0615,1048,0.05
1,2.5918,1048,0.05
1,2.1911,1048,0.05
1,4.0652,1048,0.05
0,9.3711,1048,0.05
1,2.4953,1048,0.05
1,2.132,1048,10.0
0,6.1606,1048,10.0
1,5.1398,1048,10.0
1,5.5099,1048,10.0
1,6.9074,1048,10.0
1,6.7721,1048,10.0
1,5.9594,1048,10.0
1,4.9246,1048,10.0
1,2.5753,1049,0.05
1,1.5392,1049,0.05
1,1.3624,1049,0.05
0,2.2612,1049,0.05
1,1.4148,1049,0.05
0,1.8415,1049,0.05
1,1.9157,1049,0.05
1,1.9031,1049,0.05
1,1.6337,1049,0.05
1,2.3044,1049,0.05
1,1.0329,1049,0.05
1,1.5754,1049,0.05
0,3.544,1049,0.05
1,1.3376,1049,0.05
1,2.2891,1049,0.05
1,2.3598,1049,0.05
1,1.7271,1049,0.05
0,3.6467,1049,0.05
1,1.3676,1049,0.05
1,2.6426,1049,0.05
1,2.6261,1049,0.05
1,1.4982,1049,0.05
1,4.2335,1049,10.0
1,2.0025,1049,10.0
1,3.2301,1049,10.0
1,2.2349,1049,10.0
1,1.2098,1049,10.0
1,1.3311,1049,10.0
1,3.412,1049,10.0
1,2.4939,1049,10.0
1,1.9469,1049,10.0
1,1.169,1049,10.0
1,2.592,1049,10.0
1,2.0597,1049,10.0
1,2.3792,1049,10.0
1,2.1131,1049,10.0
1,3.4088,1049,10.0
1,3.6528,1049,10.0
1,3.4611,1049,0.05
1,3.8364,1049,0.05
1,1.5307,1049,0.05
1,3.5206,1049,0.05
1,1.8752,1049,0.05
0,3.0583,1049,0.05
1,1.5,1049,0.05
1,1.7718,1049,0.05
1,1.9175,1049,10.0
1,1.5448,1049,10.0
1,1.2254,1049,10.0
0,2.7982,1049,10.0
0,1.2368,1049,10.0
1,1.1713,1049,10.0
1,1.9298,1049,10.0
1,3.1382,1049,10.0
1,1.2235,1049,0.05
1,1.655,1049,0.05
1,0.9837,1049,0.05
1,2.1149,1049,0.05
1,1.1085,1049,0.05
0,2.0125,1049,0.05
1,1.5372,1049,0.05
0,2.8941,1049,0.05
1,3.3944,1049,10.0
0,1.6109,1049,10.0
1,1.5065,1049,10.0
0,1.7541,1049,10.0
0,1.614,1049,10.0
1,1.2734,1049,10.0
1,3.6677,1049,10.0
1,1.0821,1049,10.0
1,1.4368,1049,0.05
1,2.2779,1049,0.05
1,0.8045,1049,0.05
0,2.6061,1049,0.05
0,2.1596,1049,0.05
0,1.6221,1049,0.05
1,1.4874,1049,0.05
1,4.5027,1051,10.0
0,2.558,1051,10.0
1,1.9,1051,10.0
1,0.8827,1051,10.0
0,5.0615,1051,10.0
1,1.6299,1051,10.0
1,0.9808,1051,10.0
1,1.6499,1051,10.0
1,2.5601,1051,0.05
1,1.3988,1051,0.05
1,1.4996,1051,0.05
1,1.2117,1051,0.05
1,1.2838,1051,0.05
1,8.6971,1051,0.05
1,1.4149,1051,0.05
1,0.9821,1051,0.05
1,4.258,1051,10.0
0,2.7525,1051,10.0
1,3.079,1051,10.0
1,3.9324,1051,10.0
0,3.4155,1051,10.0
0,6.561,1051,10.0
1,1.4325,1051,10.0
1,1.6755,1051,10.0
1,1.3973,1051,0.05
0,1.4439,1051,0.05
0,9.8132,1051,0.05
1,1.5001,1051,0.05
1,1.3018,1051,0.05
1,1.2326,1051,0.05
1,2.0858,1051,0.05
1,2.3381,1051,0.05
1,10.3119,1051,0.05
1,1.47,1051,0.05
1,3.1233,1051,0.05
1,1.6037,1051,0.05
1,1.3831,1051,0.05
1,0.8887,1051,0.05
1,9.1895,1051,0.05
0,7.1594,1051,0.05
0,8.1752,1051,10.0
1,3.0509,1051,10.0
1,2.2485,1051,10.0
1,1.5989,1051,10.0
1,0.9161,1051,10.0
1,1.2811,1051,10.0
0,2.2374,1051,10.0
0,6.1772,1051,10.0
1,2.4621,1051,0.05
1,7.169,1051,0.05
1,0.4954,1051,10.0
1,4.029,1052,0.05
1,3.563,1052,0.05
1,3.918,1052,0.05
1,4.883,1052,0.05
1,4.048,1052,0.05
1,6.977,1052,0.05
1,2.588,1052,10.0
1,3.604,1052,10.0
1,3.996,1052,10.0
1,2.01,1052,10.0
1,4.065,1052,10.0
1,1.657,1052,0.05
1,6.755,1052,0.05
1,3.527,1052,0.05
1,4.359,1052,0.05
1,2.386,1052,0.05
1,2.993,1052,0.05
1,2.411,1052,0.05
1,7.887,1052,0.05
1,3.65,1052,0.05
1,3.323,1052,10.0
1,2.847,1052,10.0
1,3.606,1052,10.0
1,3.085,1052,10.0
1,3.706,1052,10.0
1,8.877,1052,10.0
1,3.486,1052,0.05
1,6.138,1052,0.05
1,4.015,1052,0.05
1,1.684,1052,0.05
0,3.729,1052,0.05
1,1.216,1052,0.05
1,1.71,1052,0.05
1,2.295,1052,0.05
1,2.744,1052,10.0
1,2.14,1052,10.0
1,2.1,1052,10.0
1,1.544,1052,10.0
0,3.301,1052,10.0
1,1.968,1052,10.0
1,5.012,1052,10.0
0,4.316,1052,10.0
1,1.662,1052,10.0
0,2.747,1052,10.0
1,2.023,1052,10.0
1,2.964,1052,10.0
1,2.354,1052,10.0
1,2.053,1052,10.0
1,1.187,1052,10.0
1,1.696,1052,0.05
1,1.503,1052,0.05
1,1.855,1052,0.05
0,2.069,1052,0.05
1,1.417,1052,0.05
1,3.485,1052,0.05
1,2.483,1052,0.05
1,1.416,1052,0.05
1,5.8012,1053,10.0
0,2.2929,1053,10.0
1,1.8935,1053,10.0
1,1.2453,1053,10.0
0,0.9471,1053,10.0
1,2.8825,1053,0.05
1,6.8007,1053,0.05
1,3.171,1053,0.05
0,4.1181,1053,0.05
1,2.6289,1053,0.05
1,2.6415,1053,0.05
0,4.8697,1053,10.0
1,2.1712,1053,10.0
0,4.3197,1053,10.0
0,1.8773,1053,10.0
0,2.1394,1053,10.0
1,2.1819,1053,10.0
1,1.897,1053,10.0
1,1.9288,1053,10.0
1,1.782,1053,0.05
1,2.9889,1053,0.05
1,2.4782,1053,0.05
1,1.9599,1053,0.05
1,4.8597,1053,0.05
1,3.6338,1053,0.05
1,3.8611,1053,0.05
1,4.5986,1053,0.05
1,2.8949,1053,0.05
0,4.9944,1053,0.05
1,6.8349,1053,10.0
0,2.6924,1053,10.0
1,3.2959,1053,10.0
0,3.0378,1053,10.0
0,3.9793,1053,10.0
1,3.8067,1053,10.0
1,3.3333,1053,10.0
1,2.7704,1053,10.0
0,1.9062,1053,10.0
0,1.8496,1053,10.0
1,1.7786,1053,10.0
0,1.2838,1053,10.0
1,3.2817,1053,10.0
0,2.1586,1053,10.0
1,2.1851,1053,10.0
1,1.1552,1053,0.05
1,2.5089,1053,0.05
1,1.7778,1053,0.05
0,2.8755,1053,0.05
1,4.4702,1053,0.05
1,3.7041,1053,0.05
0,3.5844,1053,10.0
0,2.7227,1053,10.0
1,1.1434,1053,10.0
0,1.6138,1053,10.0
1,1.2404,1053,10.0
1,1.4107,1053,10.0
1,1.1733,1053,10.0
0,1.2584,1053,10.0
1,2.3521,1053,0.05
1,1.2255,1053,0.05
1,1.0829,1053,0.05
1,1.2109,1053,0.05
1,1.1925,1053,0.05
1,1.3648,1053,0.05
1,1.1778,1053,0.05
0,1.0005,1053,0.05
0,2.3566,1053,0.05
0,6.0394,1053,0.05
1,1.458,1053,0.05
0,1.2558,1053,0.05
1,1.7663,1053,0.05
1,1.1181,1053,0.05
1,1.2068,1053,0.05
0,1.1165,1053,0.05
1,1.3556,1053,10.0
1,1.8732,1053,10.0
1,1.0626,1053,10.0
0,2.1437,1053,10.0
0,0.9013,1053,10.0
0,0.8353,1053,10.0
1,3.7168,1053,10.0
1,3.2789,1053,10.0
1,0.8858,1055,0.05
0,0.8889,1055,0.05
1,0.8173,1055,0.05
0,0.5506,1055,0.05
0,0.8009,1055,0.05
0,1.4633,1055,0.05
1,0.6322,1055,0.05
1,0.6967,1055,0.05
0,1.4322,1055,10.0
1,0.7864,1055,10.0
0,1.0115,1055,10.0
1,1.0808,1055,10.0
0,1.0988,1055,10.0
1,0.9995,1055,10.0
1,0.8835,1055,10.0
0,1.5015,1055,10.0
0,1.313,1055,10.0
1,1.0807,1055,10.0
1,0.7511,1055,10.0
0,0.912,1055,10.0
1,0.7917,1055,10.0
0,0.9156,1055,10.0
1,0.6356,1055,10.0
1,0.7637,1055,0.05
0,0.8496,1055,0.05
1,0.6408,1055,0.05
1,1.0448,1055,0.05
0,1.0825,1055,0.05
1,1.6492,1055,0.05
1,0.7331,1055,0.05
1,1.1186,1055,0.05
1,1.4776,1055,0.05
0,1.1068,1055,0.05
1,1.2664,1055,0.05
1,1.3889,1055,0.05
1,0.7128,1055,0.05
0,0.9734,1055,0.05
1,0.7872,1055,0.05
1,1.0074,1055,0.05
1,1.3125,1055,10.0
1,1.4827,1055,10.0
1,1.2517,1055,10.0
0,1.315,1055,10.0
1,0.9412,1055,10.0
0,1.7898,1055,10.0
1,0.9679,1055,10.0
1,0.6769,1055,0.05
1,0.8496,1055,0.05
1,0.7097,1055,0.05
1,1.3518,1055,0.05
1,1.0545,1055,0.05
1,1.3916,1055,0.05
1,1.6217,1055,0.05
1,0.8146,1055,0.05
1,0.748,1055,0.05
1,0.764,1055,0.05
1,1.1448,1055,0.05
0,0.9398,1055,0.05
1,0.8408,1055,0.05
1,0.6932,1055,0.05
1,1.1477,1055,0.05
1,0.8602,1055,0.05
0,1.7363,1055,0.05
1,0.7448,1055,0.05
0,1.4865,1055,10.0
1,0.6728,1055,10.0
1,0.9542,1055,10.0
0,4.2702,1056,10.0
1,2.4672,1056,10.0
1,2.8535,1056,10.0
1,1.6185,1056,10.0
0,4.5599,1056,10.0
0,5.3598,1056,0.05
1,1.5817,1056,0.05
1,5.1693,1056,0.05
1,3.3501,1056,0.05
0,1.4244,1056,0.05
0,2.521,1056,0.05
1,5.1253,1056,0.05
1,3.3262,1056,0.05
0,3.3755,1056,10.0
1,4.0592,1056,10.0
0,2.6243,1056,10.0
1,5.009,1056,10.0
1,2.0616,1056,10.0
1,3.4359,1056,10.0
0,1.3928,1056,10.0
0,3.2752,1056,10.0
1,1.1227,1056,10.0
1,3.1793,1056,10.0
0,3.8746,1056,10.0
1,1.9848,1056,10.0
1,1.5855,1056,10.0
1,3.1881,1056,10.0
0,4.9783,1056,10.0
1,4.2437,1056,10.0
1,3.8699,1056,10.0
1,5.4098,1056,10.0
1,1.0736,1056,10.0
0,2.4865,1056,0.05
1,2.4923,1056,0.05
1,1.3312,1056,0.05
1,3.4147,1056,0.05
1,1.6797,1056,0.05
1,1.181,1056,0.05
1,4.8859,1056,0.05
0,3.4176,1056,0.05
1,4.0989,1056,0.05
0,2.6989,1056,0.05
1,1.3744,1056,0.05
1,2.9546,1056,0.05
1,1.9249,1056,0.05
1,2.4336,1056,0.05
1,2.87,1056,10.0
1,2.1046,1056,10.0
1,0.611,1056,10.0
0,1.3866,1056,10.0
1,1.3236,1056,10.0
0,1.5309,1056,10.0
1,1.76,1056,10.0
1,1.9833,1056,10.0
1,1.2427,1056,0.05
0,1.9355,1056,0.05
0,1.5229,1056,0.05
1,1.4587,1056,0.05
0,1.8629,1056,0.05
1,1.1738,1056,0.05
0,1.9565,1056,0.05
0,3.7941,1056,0.05
1,1.3676,1056,0.05
1,2.3173,1056,0.05
1,2.069,1056,0.05
1,1.1856,1056,0.05
1,0.6951,1056,0.05
0,1.4057,1056,0.05
1,1.0551,1056,0.05
1,1.5733,1056,0.05
0,3.1425,1056,10.0
0,0.8826,1056,10.0
0,1.4381,1056,10.0
1,1.1973,1056,10.0
1,0.7684,1056,10.0
0,1.0097,1056,10.0
1,1.6874,1056,10.0
0,3.1394,1056,10.0
1,1.2658,1057,10.0
0,3.1995,1057,10.0
1,3.7307,1057,10.0
1,3.0719,1057,10.0
1,1.8481,1057,10.0
1,3.1706,1057,10.0
1,1.9218,1057,10.0
1,5.0572,1057,10.0
1,2.9153,1057,0.05
1,3.3425,1057,0.05
0,3.7746,1057,0.05
1,2.5587,1057,0.05
1,2.6959,1057,0.05
1,1.2849,1057,0.05
1,4.6388,1057,10.0
1,6.1674,1057,10.0
1,1.1097,1057,10.0
1,5.365,1057,10.0
0,3.2194,1057,10.0
1,2.0533,1057,0.05
0,6.0824,1057,0.05
1,3.5272,1057,0.05
1,1.0649,1057,0.05
1,5.8338,1057,0.05
0,3.2091,1057,0.05
1,0.5085,1057,0.05
0,1.6955,1057,0.05
1,1.8196,1057,10.0
1,5.6691,1057,10.0
1,2.6968,1057,10.0
0,2.8801,1057,10.0
1,1.1311,1057,10.0
1,0.4394,1057,10.0
1,2.4974,1057,10.0
1,1.5928,1057,10.0
1,3.338,1057,10.0
1,2.394,1057,10.0
1,1.1945,1057,10.0
0,1.2958,1057,10.0
0,1.2063,1057,10.0
0,1.7568,1057,10.0
1,3.9816,1057,10.0
0,1.8123,1057,0.05
1,0.567,1057,0.05
1,1.4843,1057,0.05
1,0.5463,1057,0.05
0,1.2646,1057,0.05
0,0.5445,1057,0.05
0,1.3236,1057,0.05
1,1.4018,1057,0.05
1,1.0338,1057,0.05
0,0.4107,1057,0.05
1,5.484,1057,10.0
1,1.4144,1057,10.0
0,1.9841,1057,10.0
1,0.8649,1057,10.0
1,2.0352,1057,10.0
1,1.9497,1057,10.0
1,2.6933,1057,10.0
1,0.9388,1057,10.0
1,1.3238,1057,10.0
0,3.3485,1057,10.0
1,1.0217,1057,10.0
1,2.8274,1057,10.0
0,1.1624,1057,10.0
1,1.2511,1057,10.0
1,0.9903,1057,0.05
0,0.8671,1057,0.05
0,0.6742,1057,0.05
1,0.6961,1057,0.05
1,0.7439,1057,0.05
1,0.6079,1057,0.05
1,0.9496,1057,0.05
1,0.8855,1057,0.05
1,0.8249,1057,0.05
1,1.2548,1057,0.05
0,0.7633,1057,0.05
1,0.7523,1057,0.05
1,1.4121,1057,0.05
1,0.7342,1057,0.05
1,0.6153,1057,0.05
1,0.8775,1057,0.05
1,3.1877,1058,10.0
1,1.3963,1058,10.0
1,2.1988,1058,10.0
1,1.5661,1058,10.0
1,3.846,1058,10.0
1,1.4825,1058,10.0
1,1.3497,1058,10.0
1,2.254,1058,0.05
1,3.1129,1058,0.05
1,1.3993,1058,0.05
0,4.1795,1058,0.05
1,1.4752,1058,0.05
0,1.3229,1058,0.05
1,0.9007,1058,0.05
1,1.5924,1058,0.05
1,2.1489,1058,10.0
1,1.7228,1058,10.0
1,1.3105,1058,10.0
1,2.1918,1058,10.0
1,1.4174,1058,10.0
0,1.8901,1058,10.0
0,3.3492,1058,10.0
1,1.1658,1058,10.0
1,1.389,1058,0.05
1,1.1266,1058,0.05
1,0.9093,1058,0.05
0,2.1916,1058,0.05
1,1.0454,1058,0.05
1,0.9323,1058,0.05
1,1.8201,1058,0.05
0,1.7574,1058,0.05
1,2.6824,1058,10.0
1,2.2316,1058,10.0
0,2.0986,1058,10.0
1,2.7814,1058,10.0
1,2.4152,1058,10.0
1,2.115,1058,10.0
0,3.2308,1058,10.0
1,2.438,1058,10.0
1,5.079,1058,10.0
0,4.5762,1058,10.0
1,2.1771,1058,10.0
1,2.0348,1058,10.0
1,2.3196,1058,0.05
0,4.3609,1058,0.05
1,1.7959,1058,0.05
1,1.661,1058,0.05
1,2.3436,1058,0.05
0,2.0352,1058,0.05
0,2.786,1058,0.05
0,1.3354,1058,0.05
1,2.2847,1058,0.05
0,2.6371,1058,0.05
1,1.9858,1058,10.0
1,3.2306,1058,10.0
1,2.265,1058,10.0
1,1.9988,1058,10.0
1,2.5987,1058,10.0
0,1.9157,1058,10.0
1,1.7824,1058,10.0
1,3.4471,1058,0.05
0,1.7161,1058,0.05
0,4.1267,1058,0.05
1,2.7803,1058,0.05
1,1.9755,1058,0.05
1,3.1456,1058,0.05
1,3.2839,1058,0.05
1,2.7714,1058,0.05
1,1.2608,1058,10.0
1,1.5897,1058,10.0
1,2.4461,1058,10.0
1,2.2086,1058,10.0
1,2.874,1058,10.0
1,2.3197,1059,0.05
1,2.2462,1059,0.05
1,2.1184,1059,0.05
1,1.564,1059,0.05
1,2.257,1059,0.05
0,6.4233,1059,0.05
0,6.3771,1059,0.05
1,3.7289,1059,0.05
1,1.8735,1059,10.0
1,7.4893,1059,10.0
0,3.1771,1059,10.0
1,2.6706,1059,10.0
1,2.4596,1059,10.0
1,2.4677,1059,10.0
1,1.56,1059,10.0
1,11.4876,1059,0.05
1,1.5089,1059,0.05
0,5.4461,1059,0.05
0,9.6941,1059,0.05
0,2.9121,1059,0.05
1,2.1231,1059,0.05
1,2.7816,1059,0.05
1,1.974,1059,0.05
0,11.3521,1059,10.0
1,3.3756,1059,10.0
0,12.4206,1059,10.0
1,3.8309,1059,10.0
1,8.4327,1059,10.0
1,1.6664,1059,10.0
1,4.3968,1059,10.0
1,5.6872,1059,0.05
1,10.6738,1059,0.05
1,6.3267,1059,0.05
1,5.3819,1059,0.05
1,7.0983,1059,0.05
0,3.7579,1059,0.05
0,8.1751,1059,0.05
1,5.5176,1059,0.05
1,8.8122,1059,10.0
1,7.8365,1059,10.0
0,4.5237,1059,10.0
0,5.9044,1059,10.0
1,4.9976,1059,10.0
0,2.5976,1059,10.0
1,2.4564,1059,10.0
1,6.8602,1059,10.0
1,3.5631,1059,10.0
1,11.1874,1059,10.0
1,4.1837,1059,10.0
1,3.039,1059,10.0
1,3.3397,1059,10.0
1,6.8873,1059,10.0
1,3.2004,1059,0.05
1,4.0156,1059,0.05
1,3.7972,1059,0.05
1,10.4584,1059,0.05
1,8.6876,1059,10.0
1,8.5078,1059,10.0
1,13.8957,1059,10.0
1,2.2254,1059,10.0
1,4.8593,1059,10.0
1,4.1668,1059,10.0
1,5.5847,1059,10.0
1,14.6127,1059,10.0
0,8.9053,1059,0.05
1,3.0781,1059,0.05
1,9.6642,1059,0.05
1,2.3916,1059,0.05
1,9.604,1059,0.05
1,3.1991,1059,0.05
1,3.6113,1059,0.05
1,5.399,1059,0.05
0,3.1351,1059,0.05
1,4.2718,1059,0.05
1,9.6463,1059,0.05
1,8.9149,1059,0.05
1,2.4566,1059,0.05
1,11.486,1059,0.05
0,9.23,1059,0.05
0,5.8971,1059,10.0
1,5.4377,1059,10.0
1,6.4068,1059,10.0
0,7.1754,1059,10.0
1,2.9106,1059,10.0
0,4.8427,1059,10.0
1,2.216,1059,10.0
1,5.1729,1059,10.0
0,3.833,1061,10.0
1,6.6697,1061,10.0
0,6.1855,1061,10.0
0,6.9219,1061,10.0
1,2.3182,1061,10.0
1,2.0524,1061,10.0
1,9.0692,1061,10.0
1,3.6672,1061,0.05
1,7.234,1061,0.05
0,3.7353,1061,0.05
1,4.6848,1061,0.05
1,6.1504,1061,0.05
0,5.7346,1061,0.05
1,3.243,1061,0.05
1,3.3331,1061,10.0
1,4.5001,1061,10.0
1,2.2347,1061,10.0
1,4.587,1061,10.0
1,2.3205,1061,10.0
0,3.5492,1061,10.0
0,4.4661,1061,10.0
0,3.8872,1061,10.0
0,5.4004,1061,0.05
1,5.3015,1061,0.05
0,6.3188,1061,0.05
1,3.6867,1061,0.05
1,3.1344,1061,0.05
0,5.2425,1061,0.05
1,2.3959,1061,0.05
1,2.3207,1061,0.05
0,4.7995,1061,10.0
1,3.568,1061,10.0
0,6.216,1061,10.0
1,3.071,1061,10.0
1,2.5681,1061,10.0
1,2.534,1061,10.0
1,2.2498,1061,10.0
1,7.7202,1061,10.0
1,2.352,1061,10.0
1,7.9427,1061,10.0
1,6.2267,1061,10.0
0,3.7417,1061,10.0
1,7.4024,1061,10.0
1,4.8514,1061,10.0
1,3.2059,1061,10.0
1,7.3206,1061,10.0
1,4.8946,1061,0.05
0,3.8587,1061,0.05
1,3.9686,1061,0.05
1,3.7687,1061,0.05
0,7.1692,1061,0.05
1,6.6549,1061,0.05
1,1.8183,1061,0.05
1,1.7662,1061,10.0
1,3.4659,1061,10.0
0,2.7454,1061,10.0
1,1.6617,1061,10.0
1,4.8811,1061,10.0
0,6.5014,1061,10.0
0,4.9682,1061,10.0
1,2.3633,1061,10.0
0,2.2529,1061,10.0
1,1.6404,1061,10.0
1,2.0615,1061,10.0
0,2.8824,1061,10.0
1,2.0947,1061,10.0
1,2.1983,1061,10.0
1,2.4313,1061,10.0
1,1.8311,1061,10.0
0,3.645,1061,0.05
1,1.7421,1061,0.05
0,2.0119,1061,0.05
1,2.1025,1061,0.05
0,2.2933,1061,0.05
0,3.0772,1061,0.05
0,2.3445,1061,0.05
1,1.6584,1061,0.05
1,2.0708,1061,0.05
1,1.1814,1061,0.05
0,2.2789,1061,0.05
1,2.4119,1061,0.05
0,1.5445,1061,0.05
1,1.1523,1061,0.05
1,1.1648,1061,0.05
0,1.7301,1061,0.05
0,1.5739,1062,10.0
0,1.1928,1062,10.0
0,1.9416,1062,10.0
0,1.4395,1062,10.0
1,2.0327,1062,10.0
0,2.4595,1062,10.0
1,1.0799,1062,10.0
1,1.5418,1062,10.0
1,1.9276,1062,10.0
1,2.1857,1062,10.0
0,1.272,1062,10.0
1,1.6023,1062,10.0
1,2.9619,1062,10.0
1,1.4863,1062,10.0
1,1.016,1062,10.0
1,1.8925,1062,10.0
1,1.293,1062,0.05
1,2.0641,1062,0.05
1,1.5436,1062,0.05
0,1.0198,1062,0.05
1,1.6928,1062,0.05
1,2.2526,1062,0.05
1,1.4396,1062,0.05
1,1.1575,1062,0.05
1,1.572,1062,0.05
1,1.3081,1062,0.05
1,1.0939,1062,0.05
0,1.2496,1062,0.05
1,2.122,1062,0.05
1,1.557,1062,0.05
0,1.9643,1062,0.05
1,1.5816,1062,0.05
1,2.1588,1062,10.0
1,2.1825,1062,10.0
1,3.0539,1062,10.0
1,1.8403,1062,10.0
1,2.3892,1062,10.0
1,1.7211,1062,10.0
1,1.6168,1062,10.0
1,2.3672,1062,10.0
1,1.0666,1062,0.05
0,2.138,1062,0.05
0,1.7941,1062,0.05
1,1.5233,1062,0.05
1,2.5639,1062,0.05
1,1.7028,1062,0.05
1,1.5864,1062,0.05
0,2.0805,1062,0.05
1,1.2523,1062,0.05
1,1.0983,1062,0.05
0,1.9445,1062,0.05
1,1.9694,1062,0.05
1,2.1827,1062,0.05
0,1.7989,1062,0.05
1,1.9424,1062,10.0
1,1.57,1062,10.0
1,1.7723,1062,10.0
1,2.3922,1062,10.0
1,1.8952,1062,10.0
1,3.4851,1062,10.0
1,2.0108,1062,0.05
1,2.6792,1062,0.05
0,2.0504,1062,0.05
1,3.0403,1062,0.05
0,1.9965,1062,0.05
1,2.424,1062,0.05
1,3.7857,1062,0.05
0,3.0155,1062,0.05
1,1.3027,1062,0.05
0,3.0663,1062,0.05
1,2.3874,1062,0.05
1,1.556,1062,0.05
1,1.913,1062,0.05
1,2.2318,1062,10.0
1,2.3435,1062,10.0
1,1.1345,1062,10.0
0,3.2631,1062,10.0
1,2.0643,1062,10.0
1,1.5119,1062,10.0
1,3.3946,1066,0.05
1,2.7,1066,0.05
1,4.8483,1066,0.05
1,1.5781,1066,0.05
1,7.731,1066,0.05
1,1.2821,1066,0.05
1,1.5007,1066,0.05
1,6.1489,1066,0.05
1,2.8081,1066,10.0
1,4.359,1066,10.0
1,1.5729,1066,10.0
1,1.9608,1066,10.0
0,3.9813,1066,10.0
1,1.193,1066,10.0
1,4.5979,1066,10.0
0,3.465,1066,10.0
1,2.5959,1066,10.0
0,1.1655,1066,10.0
1,2.0807,1066,10.0
1,1.2985,1066,10.0
1,3.5999,1066,10.0
1,1.4994,1066,10.0
1,1.6834,1066,10.0
0,3.6805,1066,10.0
1,3.2505,1066,0.05
1,5.3995,1066,0.05
1,2.0007,1066,0.05
1,4.3593,1066,0.05
1,2.51,1066,0.05
1,2.5999,1066,0.05
1,6.0147,1066,10.0
1,3.6815,1066,10.0
1,2.858,1066,10.0
1,2.0299,1066,10.0
1,2.2757,1066,10.0
0,1.4621,1066,10.0
1,1.4784,1066,10.0
1,4.2312,1066,10.0
1,3.0021,1066,10.0
1,6.6962,1066,10.0
0,2.9322,1066,10.0
1,4.3996,1066,10.0
1,8.4078,1066,10.0
1,2.283,1066,10.0
1,8.0048,1066,10.0
1,4.8306,1066,0.05
1,8.7458,1066,0.05
1,5.2875,1066,0.05
1,6.665,1066,0.05
1,5.4299,1066,0.05
1,3.6761,1066,0.05
0,3.0628,1066,0.05
1,2.5585,1066,0.05
1,4.1942,1066,0.05
1,3.0467,1066,0.05
1,4.5126,1066,0.05
1,3.0175,1066,10.0
1,2.2111,1066,10.0
1,7.6254,1066,10.0
0,8.6772,1066,10.0
1,2.8589,1066,10.0
1,4.3484,1066,10.0
1,3.5087,1066,10.0
1,4.8797,1066,10.0
0,8.8792,1066,10.0
1,1.9761,1066,10.0
1,2.7149,1066,10.0
1,1.7824,1066,10.0
0,4.0075,1066,10.0
1,2.495,1066,10.0
0,4.1761,1066,10.0
0,2.341,1067,0.05
1,1.523,1067,0.05
1,3.835,1067,0.05
1,2.931,1067,0.05
1,1.958,1067,0.05
1,2.469,1067,0.05
1,3.443,1067,0.05
1,1.93,1067,0.05
1,4.724,1067,10.0
1,1.978,1067,10.0
1,4.097,1067,10.0
0,2.1,1067,10.0
0,3.418,1067,10.0
1,1.841,1067,10.0
1,3.675,1067,10.0
0,2.301,1067,10.0
1,2.081,1067,10.0
1,1.386,1067,10.0
1,2.082,1067,10.0
1,1.658,1067,10.0
0,2.708,1067,10.0
1,3.619,1067,10.0
1,1.862,1067,0.05
0,2.302,1067,0.05
1,3.266,1067,0.05
1,1.857,1067,0.05
1,1.232,1067,0.05
0,2.675,1067,0.05
1,2.133,1067,0.05
1,3.576,1067,0.05
0,1.489,1067,10.0
1,2.679,1067,10.0
1,2.291,1067,10.0
1,2.466,1067,10.0
1,2.325,1067,10.0
1,2.397,1067,10.0
1,1.526,1067,10.0
1,2.776,1067,10.0
0,2.026,1067,10.0
1,2.146,1067,10.0
1,2.143,1067,10.0
1,3.801,1067,10.0
1,2.775,1067,10.0
1,1.495,1067,10.0
0,2.093,1067,10.0
0,1.964,1067,0.05
0,3.55,1067,0.05
1,2.344,1067,0.05
0,3.05,1067,0.05
1,1.897,1067,0.05
0,3.191,1067,0.05
1,2.359,1067,0.05
0,2.982,1067,0.05
0,3.225,1067,0.05
1,1.674,1067,0.05
0,2.313,1067,0.05
1,1.473,1067,0.05
1,2.458,1067,0.05
0,3.34,1067,0.05
1,2.574,1067,0.05
0,2.509,1067,10.0
0,1.208,1067,10.0
1,1.227,1067,10.0
1,1.299,1067,10.0
1,1.266,1067,10.0
1,1.508,1067,10.0
1,1.83,1067,10.0
0,1.191,1067,10.0
0,1.625,1067,0.05
0,1.468,1067,0.05
1,1.041,1067,0.05
1,1.11,1067,0.05
1,1.308,1067,0.05
0,1.017,1067,0.05
1,0.976,1067,0.05
1,1.281,1067,0.05
0,1.228,1067,10.0
1,1.112,1067,10.0
1,0.714,1067,10.0
0,1.326,1067,10.0
0,1.725,1067,10.0
1,1.659,1067,10.0
0,1.365,1067,10.0
1,1.876,1067,10.0
1,0.925,1067,0.05
1,1.366,1067,0.05
1,3.525,1067,0.05
0,1.35,1067,0.05
1,1.529,1067,0.05
1,1.833,1067,0.05
1,1.308,1067,0.05
1,1.442,1067,0.05
1,0.9594,1068,10.0
1,0.5893,1068,10.0
1,1.0377,1068,10.0
1,0.7621,1068,10.0
0,1.3721,1068,10.0
1,0.7404,1068,10.0
0,1.1186,1068,10.0
0,1.2127,1068,10.0
0,0.7308,1068,10.0
1,0.878,1068,10.0
0,1.3286,1068,10.0
1,0.755,1068,10.0
1,0.7866,1068,10.0
1,1.0801,1068,10.0
0,0.887,1068,10.0
1,0.9092,1068,10.0
1,0.5425,1068,0.05
0,0.7257,1068,0.05
1,0.6501,1068,0.05
1,0.6346,1068,0.05
0,0.5202,1068,0.05
1,0.6688,1068,0.05
0,0.7361,1068,0.05
0,1.8106,1068,0.05
0,0.6395,1068,0.05
1,0.7584,1068,0.05
0,0.7626,1068,0.05
1,0.6725,1068,0.05
1,1.0282,1068,0.05
0,1.2125,1068,0.05
1,0.6653,1068,0.05
0,1.0592,1068,0.05
1,1.0885,1068,10.0
0,0.925,1068,10.0
1,0.7885,1068,10.0
1,0.9774,1068,10.0
1,1.3988,1068,10.0
1,0.9458,1068,10.0
0,1.2126,1068,10.0
1,1.2817,1068,10.0
1,0.6692,1068,10.0
1,1.3056,1068,10.0
1,0.8206,1068,10.0
1,1.3279,1068,10.0
1,1.0082,1068,10.0
0,1.2149,1068,10.0
1,1.0331,1068,10.0
0,0.9711,1068,0.05
1,0.912,1068,0.05
0,1.3028,1068,0.05
1,1.3082,1068,0.05
1,0.8727,1068,0.05
0,1.3814,1068,0.05
1,1.5606,1068,0.05
1,0.8023,1068,0.05
1,1.2623,1068,0.05
1,0.912,1068,0.05
1,1.9412,1068,0.05
1,2.1354,1068,0.05
1,1.5494,1068,0.05
0,1.538,1068,0.05
1,1.0295,1068,0.05
1,0.8791,1068,0.05
1,0.9414,1068,10.0
1,0.7368,1068,10.0
1,1.0052,1068,10.0
0,0.7165,1068,10.0
0,1.1565,1068,10.0
1,0.7316,1068,10.0
1,0.7687,1068,10.0
1,0.6834,1068,10.0
1,1.6982,1068,0.05
0,0.8453,1068,0.05
0,1.8722,1068,0.05
1,1.628,1068,0.05
1,1.3899,1068,0.05
0,1.8711,1068,0.05
1,1.3384,1068,0.05
1,1.5138,1068,0.05
1,1.2701,1068,0.05
1,0.9429,1068,0.05
1,0.9136,1068,0.05
1,2.3303,1068,10.0
0,3.7646,1070,0.05
1,3.1656,1070,0.05
1,2.831,1070,0.05
1,3.3693,1070,0.05
0,5.0368,1070,0.05
1,3.184,1070,0.05
1,6.521,1070,0.05
0,1.8349,1070,0.05
0,2.695,1070,0.05
0,3.7794,1070,0.05
1,3.2294,1070,0.05
1,1.6121,1070,0.05
1,4.9851,1070,0.05
1,1.4803,1070,0.05
0,5.781,1070,0.05
1,3.2656,1070,0.05
1,4.1131,1070,0.05
1,2.0991,1070,0.05
1,1.6594,1070,0.05
0,6.5007,1070,0.05
1,3.3496,1070,0.05
1,1.838,1070,0.05
1,6.9214,1070,0.05
0,6.7558,1070,0.05
1,1.4824,1070,0.05
0,8.0996,1070,0.05
1,1.5503,1070,0.05
1,1.5659,1070,0.05
0,7.8987,1070,0.05
1,1.8284,1070,0.05
1,1.4878,1070,10.0
1,2.1154,1070,10.0
0,1.8803,1070,10.0
0,1.7753,1070,10.0
1,4.6575,1070,10.0
1,1.093,1070,0.05
1,3.2525,1070,0.05
0,2.492,1070,0.05
1,1.1488,1070,0.05
1,0.9183,1070,0.05
0,1.1546,1070,0.05
0,0.9898,1070,0.05
1,1.9522,1070,0.05
1,1.1351,1070,10.0
1,2.7631,1070,10.0
1,0.9329,1070,10.0
1,4.9603,1070,10.0
1,3.6093,1070,10.0
0,1.9276,1070,10.0
1,1.873,1070,10.0
1,0.9874,1070,0.05
1,1.0316,1070,0.05
0,0.7197,1070,0.05
1,1.1019,1070,0.05
0,1.6681,1070,0.05
0,1.4719,1070,0.05
1,1.0712,1070,0.05
0,0.8531,1070,0.05
1,0.8787,1070,10.0
0,1.3739,1070,10.0
1,2.7084,1070,10.0
1,1.3723,1070,10.0
1,1.0426,1070,10.0
0,2.3885,1070,10.0
1,1.7883,1070,10.0
1,1.1322,1070,10.0
1,1.229,1071,10.0
0,0.82,1071,10.0
1,1.137,1071,10.0
1,0.83,1071,10.0
1,1.168,1071,10.0
1,1.72,1071,10.0
0,1.419,1071,10.0
1,1.274,1071,10.0
1,0.777,1071,0.05
1,1.816,1071,0.05
1,1.343,1071,0.05
1,1.172,1071,0.05
0,1.192,1071,0.05
1,1.461,1071,0.05
0,1.146,1071,0.05
1,1.787,1071,0.05
1,1.016,1071,0.05
0,1.017,1071,0.05
1,1.206,1071,0.05
0,1.579,1071,0.05
1,1.597,1071,0.05
1,1.192,1071,0.05
1,1.311,1071,0.05
0,1.848,1071,0.05
0,1.327,1071,10.0
0,0.893,1071,10.0
1,1.04,1071,10.0
1,1.195,1071,10.0
1,1.317,1071,10.0
1,1.032,1071,10.0
0,1.577,1071,10.0
1,1.392,1071,10.0
1,0.868,1071,10.0
1,1.304,1071,10.0
1,1.106,1071,10.0
1,1.198,1071,10.0
1,0.985,1071,10.0
1,0.765,1071,10.0
1,0.847,1071,10.0
0,1.26,1071,0.05
1,1.26,1071,0.05
1,1.42,1071,0.05
1,1.03,1071,0.05
1,1.292,1071,0.05
1,0.837,1071,0.05
0,1.946,1071,0.05
1,1.229,1071,0.05
1,1.294,1071,0.05
1,1.178,1071,0.05
1,1.133,1071,0.05
1,0.828,1071,0.05
1,1.433,1071,0.05
0,1.331,1071,0.05
1,1.078,1071,0.05
0,1.025,1071,0.05
1,0.834,1071,10.0
1,0.744,1071,10.0
1,0.851,1071,10.0
1,0.765,1071,10.0
0,0.951,1071,10.0
0,0.983,1071,10.0
0,0.96,1071,10.0
1,0.87,1071,10.0
1,1.468,1071,0.05
1,1.39,1071,0.05
0,1.382,1071,0.05
1,1.299,1071,0.05
0,1.202,1071,0.05
1,1.164,1071,0.05
1,1.318,1071,0.05
1,1.112,1071,0.05
1,1.081,1071,0.05
0,0.903,1071,0.05
0,1.154,1071,0.05
0,0.85,1071,0.05
1,0.863,1071,0.05
0,0.899,1071,0.05
1,1.114,1071,0.05
1,0.911,1071,10.0
1,0.772,1071,10.0
1,1.21,1071,10.0
0,1.134,1071,10.0
1,0.851,1071,10.0
0,1.034,1071,10.0
0,1.041,1071,10.0
1,0.84,1071,10.0
1,0.684,1071,10.0
1,0.787,1071,10.0
1,0.703,1071,10.0
0,0.945,1071,10.0
1,0.911,1071,10.0
1,0.664,1071,10.0
0,0.993,1071,10.0
1,0.911,1071,10.0
0,2.1806,1072,10.0
1,1.4632,1072,10.0
1,1.9106,1072,10.0
1,2.8233,1072,10.0
1,1.3854,1072,10.0
1,1.0887,1072,10.0
1,3.2774,1072,10.0
0,2.0322,1072,10.0
1,4.3304,1072,0.05
1,1.5202,1072,0.05
1,2.1255,1072,0.05
1,1.66,1072,0.05
0,1.1443,1072,0.05
1,1.2969,1072,0.05
1,0.9438,1072,0.05
1,1.3937,1072,0.05
1,2.8163,1072,0.05
0,1.6945,1072,0.05
1,1.2458,1072,0.05
1,1.69,1072,0.05
1,1.7548,1072,0.05
1,1.0608,1072,0.05
1,1.601,1072,0.05
1,1.1179,1072,0.05
0,2.6289,1072,10.0
1,2.6657,1072,10.0
1,1.8519,1072,10.0
1,3.1418,1072,10.0
1,1.5649,1072,10.0
1,1.7923,1072,10.0
1,1.5527,1072,10.0
1,2.8466,1072,0.05
1,1.647,1072,0.05
1,2.3573,1072,0.05
0,2.8683,1072,0.05
1,2.2829,1072,0.05
1,1.8252,1072,0.05
1,2.5044,1072,0.05
0,4.248,1072,10.0
1,3.8243,1072,10.0
1,3.7436,1072,10.0
1,1.486,1072,10.0
1,2.2453,1072,10.0
0,2.6596,1072,10.0
1,2.9264,1072,10.0
1,1.5939,1072,10.0
1,1.3782,1072,10.0
1,0.9379,1072,10.0
1,0.9388,1072,10.0
0,2.2379,1072,10.0
1,1.4746,1072,10.0
1,0.9678,1072,10.0
0,2.4671,1072,10.0
1,0.9018,1072,10.0
0,0.8335,1072,10.0
1,0.9033,1072,10.0
1,1.6803,1072,10.0
0,0.4933,1072,10.0
0,1.0829,1072,10.0
1,0.9132,1072,0.05
1,0.6711,1072,0.05
0,2.4358,1072,0.05
1,0.8757,1072,0.05
0,0.7526,1072,0.05
0,1.4229,1072,0.05
1,1.5987,1072,0.05
0,1.3627,1072,0.05
1,0.9083,1072,0.05
1,1.0314,1072,0.05
1,0.9635,1072,0.05
0,0.777,1072,0.05
1,1.2608,1072,0.05
0,0.81,1072,0.05
1,0.8328,1074,10.0
0,1.3524,1074,10.0
1,0.7578,1074,10.0
0,1.4125,1074,10.0
0,0.7328,1074,10.0
0,1.2378,1074,10.0
1,0.8124,1074,10.0
1,0.8385,1074,10.0
1,1.6776,1074,0.05
1,0.8717,1074,0.05
0,0.8553,1074,0.05
0,1.0082,1074,0.05
0,0.9845,1074,0.05
1,0.7527,1074,0.05
1,0.8941,1074,0.05
1,1.2955,1074,0.05
0,1.8176,1074,10.0
1,0.9403,1074,10.0
1,0.7112,1074,10.0
0,0.9461,1074,10.0
1,1.1314,1074,10.0
1,1.6388,1074,10.0
1,0.6923,1074,10.0
0,1.5759,1074,10.0
0,0.7233,1074,10.0
0,2.0071,1074,10.0
1,1.8705,1074,10.0
1,1.6923,1074,10.0
1,2.9008,1074,10.0
1,0.8611,1074,10.0
1,3.3931,1074,10.0
1,2.4407,1074,10.0
0,1.6739,1074,10.0
1,3.8378,1074,10.0
0,2.7605,1074,10.0
1,1.8585,1074,10.0
0,2.9577,1074,10.0
1,3.7015,1074,10.0
1,2.6333,1074,10.0
1,1.5522,1074,0.05
1,3.0346,1074,0.05
1,1.492,1074,0.05
1,1.1624,1074,0.05
0,2.6124,1074,0.05
1,1.553,1074,0.05
1,1.9245,1074,0.05
1,1.754,1074,10.0
1,2.5606,1074,10.0
1,1.6608,1074,10.0
0,1.7145,1074,10.0
0,1.9378,1074,10.0
1,2.0947,1074,10.0
1,1.9196,1074,10.0
1,2.9674,1074,10.0
1,1.0156,1074,0.05
1,2.4402,1074,0.05
1,1.2541,1074,0.05
0,0.8945,1074,0.05
1,1.5346,1074,0.05
1,1.2748,1074,0.05
0,2.6485,1074,0.05
1,2.3956,1074,0.05
1,1.1262,1074,0.05
1,1.7858,1074,0.05
1,1.3716,1074,0.05
0,2.7346,1074,0.05
0,1.8347,1074,0.05
0,1.105,1074,0.05
1,1.313,1074,0.05
1,1.5522,1074,0.05
1,1.6354,1074,10.0
1,1.0828,1074,10.0
0,3.167,1074,10.0
0,1.9759,1074,10.0
1,1.9478,1074,10.0
1,1.7745,1074,10.0
1,1.5741,1074,10.0
1,2.476,1074,10.0
1,2.5792,1075,10.0
1,2.1461,1075,10.0
1,1.9974,1075,10.0
1,3.1103,1075,10.0
0,1.0386,1075,10.0
1,1.7267,1075,10.0
0,1.859,1075,10.0
1,2.0112,1075,10.0
0,2.6333,1075,10.0
1,1.5191,1075,10.0
0,3.4799,1075,10.0
0,2.2081,1075,10.0
1,2.1347,1075,10.0
1,1.6083,1075,10.0
0,1.1233,1075,10.0
1,1.3508,1075,10.0
1,2.8028,1075,0.05
1,2.8058,1075,0.05
1,1.0536,1075,0.05
1,2.8253,1075,0.05
1,3.085,1075,0.05
1,1.1181,1075,0.05
1,1.3959,1075,0.05
1,1.1778,1075,0.05
1,3.1031,1075,0.05
0,3.0244,1075,0.05
0,1.1028,1075,0.05
1,2.0398,1075,0.05
0,1.7997,1075,0.05
0,1.4761,1075,0.05
1,0.944,1075,0.05
1,1.4122,1075,0.05
0,1.8139,1075,0.05
1,2.07,1075,0.05
1,2.2515,1075,0.05
1,1.7951,1075,0.05
1,2.4911,1075,0.05
1,3.9124,1075,0.05
1,2.0026,1075,0.05
1,2.3996,1075,0.05
1,2.6058,1075,10.0
1,2.2143,1075,10.0
1,2.6167,1075,10.0
1,2.4354,1075,10.0
1,2.2007,1075,10.0
1,2.6007,1075,10.0
1,1.8766,1075,10.0
1,2.2253,1075,0.05
1,2.0639,1075,0.05
1,1.9758,1075,0.05
1,1.7237,1075,0.05
1,1.084,1075,0.05
1,3.4345,1075,0.05
1,1.4822,1075,0.05
1,1.6123,1075,0.05
1,3.3972,1075,0.05
1,2.4598,1075,0.05
1,2.1782,1075,0.05
1,2.3291,1075,0.05
1,1.7068,1075,0.05
1,1.7178,1075,0.05
0,2.4343,1075,0.05
0,2.4838,1075,10.0
0,1.4003,1075,10.0
1,1.7303,1075,10.0
0,2.7422,1075,10.0
1,2.7304,1075,10.0
1,1.9946,1075,10.0
1,1.6286,1075,10.0
1,2.6375,1075,10.0
1,1.8169,1075,10.0
0,1.668,1075,10.0
0,2.3335,1075,10.0
0,2.1438,1075,10.0
1,1.9068,1075,10.0
1,3.1719,1075,10.0
0,2.2464,1075,10.0
1,1.6378,1076,0.05
0,1.193,1076,0.05
0,1.0014,1076,0.05
1,3.0977,1076,0.05
1,2.5548,1076,0.05
0,1.3917,1076,0.05
1,2.568,1076,0.05
1,1.4316,1076,0.05
1,1.2221,1076,10.0
0,2.8018,1076,10.0
0,1.2188,1076,10.0
1,1.6996,1076,10.0
1,2.1736,1076,10.0
1,2.0256,1076,10.0
1,0.9499,1076,10.0
0,1.7144,1076,10.0
1,1.5173,1076,10.0
0,2.3337,1076,10.0
0,2.4212,1076,10.0
1,1.0561,1076,10.0
1,0.9283,1076,10.0
1,3.7914,1076,10.0
1,2.202,1076,10.0
1,1.2282,1076,0.05
1,1.0859,1076,0.05
1,2.0926,1076,0.05
1,0.7945,1076,0.05
0,3.7872,1076,0.05
1,1.6659,1076,0.05
0,2.2414,1076,0.05
1,1.1524,1076,0.05
1,1.3224,1076,0.05
1,2.8324,1076,0.05
1,1.0921,1076,0.05
1,2.0771,1076,0.05
0,1.9458,1076,0.05
1,1.6235,1076,0.05
1,1.6374,1076,0.05
1,3.0396,1076,0.05
0,1.6679,1076,0.05
1,1.1624,1076,0.05
1,1.4394,1076,0.05
0,2.4935,1076,0.05
0,3.3254,1076,0.05
1,1.4469,1076,0.05
1,1.2078,1076,0.05
0,3.3823,1076,0.05
1,1.8543,1076,10.0
1,1.5309,1076,10.0
1,1.8781,1076,10.0
0,1.4739,1076,10.0
1,1.813,1076,10.0
1,1.3642,1076,10.0
0,1.1292,1076,10.0
1,1.3507,1076,10.0
0,1.1554,1076,10.0
0,1.5494,1076,10.0
1,2.7692,1076,10.0
0,3.3497,1076,10.0
1,2.2519,1076,10.0
0,3.7318,1076,10.0
1,1.1959,1076,10.0
1,1.6877,1076,0.05
1,1.4297,1076,0.05
1,1.7479,1076,0.05
1,1.4107,1076,0.05
1,0.7937,1076,0.05
1,1.3399,1076,0.05
1,2.3746,1076,0.05
1,0.9887,1076,0.05
0,0.9731,1076,0.05
1,0.7292,1076,0.05
1,1.1057,1076,0.05
0,0.9318,1076,0.05
0,0.7444,1076,0.05
0,1.2558,1076,0.05
1,0.7954,1076,0.05
1,2.0793,1076,10.0
0,1.8031,1076,10.0
1,1.3434,1076,10.0
1,2.0115,1076,10.0
0,2.1491,1076,10.0
1,0.7759,1076,10.0
0,3.0955,1076,10.0
1,0.9123,1076,10.0
1,0.9825,1076,10.0
0,1.8985,1076,10.0
1,0.8414,1076,10.0
1,2.118,1076,10.0
1,1.0983,1076,10.0
1,0.8951,1076,10.0
1,2.343,1076,10.0
1,2.6053,1076,10.0
0,1.2347,1077,10.0
1,1.0965,1077,10.0
0,1.9323,1077,10.0
1,3.3952,1077,10.0
1,1.728,1077,10.0
1,1.8882,1077,10.0
1,2.6095,1077,10.0
1,1.0567,1077,10.0
0,1.9465,1077,0.05
1,2.0044,1077,0.05
0,1.7225,1077,0.05
1,1.5709,1077,0.05
1,3.3727,1077,0.05
1,1.4297,1077,0.05
0,2.1537,1077,0.05
0,1.9257,1077,0.05
0,2.5459,1077,10.0
1,0.9592,1077,10.0
1,1.6108,1077,10.0
1,3.204,1077,10.0
1,2.4795,1077,10.0
1,4.1998,1077,10.0
1,1.4391,1077,10.0
0,3.1612,1077,10.0
0,1.9152,1077,0.05
1,2.3926,1077,0.05
0,3.5753,1077,0.05
1,1.3732,1077,0.05
1,1.8824,1077,0.05
0,4.3686,1077,0.05
1,1.1647,1077,0.05
1,1.1441,1077,0.05
1,3.215,1077,10.0
1,3.4304,1077,10.0
1,2.1452,1077,10.0
0,1.4685,1077,10.0
0,2.4554,1077,10.0
1,2.0267,1077,10.0
1,1.2842,1077,10.0
0,1.8878,1077,10.0
0,4.0507,1077,0.05
1,1.3827,1077,0.05
0,1.3535,1077,0.05
1,2.9969,1077,0.05
0,4.6041,1077,0.05
0,4.623,1077,0.05
1,1.2547,1077,0.05
1,2.1735,1077,0.05
1,0.9766,1077,0.05
1,2.0044,1077,0.05
1,1.8349,1077,0.05
1,1.4034,1077,0.05
1,4.3736,1077,0.05
0,4.3778,1077,0.05
0,2.991,1077,0.05
0,2.6231,1077,0.05
1,1.1441,1077,10.0
1,1.0419,1077,10.0
1,2.5157,1077,10.0
1,2.7637,1077,10.0
0,1.4177,1077,10.0
1,2.3439,1077,10.0
1,3.1583,1077,10.0
0,1.6767,1077,10.0
1,1.6767,1077,0.05
1,4.4951,1077,0.05
1,1.5125,1077,0.05
0,2.4035,1077,0.05
0,1.8364,1077,0.05
0,3.0273,1077,0.05
1,2.5337,1077,0.05
1,1.6738,1077,0.05
0,4.5761,1077,10.0
1,2.5153,1077,10.0
0,2.9221,1077,10.0
1,1.6787,1077,10.0
1,2.0286,1077,10.0
1,1.9282,1077,10.0
0,2.2819,1077,10.0
0,2.4091,1077,10.0
0,1.9059,1077,0.05
1,1.4986,1077,0.05
1,1.0768,1077,0.05
1,2.7673,1077,0.05
1,4.447,1077,0.05
1,1.7174,1077,0.05
0,2.7915,1077,0.05
1,4.0731,1077,0.05
0,2.1292,1077,10.0
1,1.2235,1077,10.0
0,2.9601,1077,10.0
1,2.5591,1077,10.0
1,4.5703,1077,10.0
1,1.2206,1077,10.0
1,1.308,1078,10.0
1,1.458,1078,10.0
1,1.751,1078,10.0
1,3.527,1078,10.0
0,2.3,1078,10.0
1,2.022,1078,10.0
1,0.899,1078,10.0
0,3.048,1078,10.0
1,1.528,1078,0.05
1,3.222,1078,0.05
1,2.767,1078,0.05
0,1.429,1078,0.05
1,5.231,1078,0.05
1,1.887,1078,0.05
1,1.162,1078,0.05
1,1.417,1078,0.05
1,1.145,1078,0.05
1,1.527,1078,0.05
1,1.846,1078,0.05
1,1.582,1078,10.0
1,2.594,1078,10.0
1,1.516,1078,10.0
1,2.666,1078,10.0
1,1.626,1078,10.0
0,2.453,1078,10.0
1,2.676,1078,10.0
1,3.851,1078,10.0
1,1.259,1078,0.05
1,1.444,1078,0.05
1,2.368,1078,0.05
1,2.164,1078,0.05
1,1.939,1078,0.05
0,3.378,1078,0.05
1,1.948,1078,10.0
1,1.097,1078,10.0
1,1.085,1078,10.0
1,1.213,1078,10.0
1,3.899,1078,10.0
1,4.312,1078,10.0
0,3.167,1078,0.05
0,3.961,1078,0.05
1,1.289,1078,0.05
1,1.363,1078,0.05
1,1.852,1078,0.05
1,3.23,1078,10.0
0,2.535,1078,10.0
1,0.937,1078,10.0
1,4.2,1078,10.0
1,1.182,1078,0.05
1,1.43,1078,0.05
1,1.119,1078,0.05
1,0.887,1078,0.05
1,1.386,1078,0.05
1,1.97,1078,0.05
1,0.839,1078,0.05
1,1.872,1078,10.0
1,1.948,1078,10.0
1,1.39,1078,10.0
1,0.98,1078,10.0
1,1.843,1078,10.0
1,1.084,1078,10.0
1,1.349,1078,10.0
1,0.806,1078,0.05
0,2.65,1078,0.05
1,0.785,1078,0.05
0,0.925,1078,0.05
1,2.302,1078,0.05
1,1.213,1078,0.05
1,3.321,1078,0.05
1,2.206,1078,0.05
1,2.765,1078,10.0
1,0.982,1078,10.0
1,1.622,1078,10.0
0,2.184,1078,10.0
1,1.435,1078,10.0
0,2.284,1078,10.0
1,0.7997,1079,10.0
0,1.1981,1079,10.0
1,0.6102,1079,10.0
1,0.8473,1079,10.0
1,1.2795,1079,10.0
0,1.3821,1079,10.0
1,0.7524,1079,10.0
1,2.3626,1079,10.0
0,1.8951,1079,0.05
0,1.9978,1079,0.05
1,2.0289,1079,0.05
0,0.9019,1079,0.05
0,2.8271,1079,0.05
1,2.931,1079,0.05
1,3.1518,1079,0.05
1,1.7158,1079,0.05
1,2.164,1079,10.0
0,3.1833,1079,10.0
1,1.1812,1079,10.0
1,1.0694,1079,10.0
1,0.8183,1079,10.0
1,1.3332,1079,10.0
1,1.0014,1079,10.0
0,2.7364,1079,0.05
1,0.9647,1079,0.05
1,0.9528,1079,0.05
0,1.0017,1079,0.05
1,1.352,1079,0.05
1,1.1852,1079,0.05
1,1.085,1079,0.05
0,1.3524,1079,0.05
1,1.5792,1079,10.0
0,0.9777,1079,10.0
0,2.1181,1079,10.0
1,1.3355,1079,10.0
0,1.7694,1079,10.0
1,1.2,1079,10.0
0,1.9528,1079,10.0
1,1.5033,1079,10.0
1,1.7849,1079,10.0
1,1.485,1079,10.0
1,2.048,1079,10.0
1,2.2872,1079,10.0
1,2.4443,1079,10.0
1,1.3033,1079,10.0
1,1.7653,1079,10.0
0,1.9599,1079,10.0
1,2.1205,1079,0.05
1,1.5849,1079,0.05
1,2.3536,1079,0.05
0,1.7503,1079,0.05
1,1.7386,1079,0.05
1,1.0005,1079,0.05
1,1.1176,1079,0.05
1,1.719,1079,0.05
1,1.3825,1079,0.05
1,1.7202,1079,0.05
1,0.9848,1079,0.05
1,0.9863,1079,0.05
1,1.6314,1079,0.05
1,1.4824,1079,0.05
1,1.703,1079,0.05
1,1.3014,1079,10.0
1,1.8025,1079,10.0
0,1.4192,1079,10.0
1,0.9507,1079,10.0
1,0.6496,1079,10.0
1,1.5298,1079,10.0
1,2.603,1079,10.0
1,1.536,1079,10.0
0,2.1421,1079,10.0
0,1.2486,1079,10.0
1,1.7035,1079,10.0
1,1.3176,1079,10.0
0,1.9703,1079,10.0
0,1.6197,1079,10.0
1,1.4862,1079,10.0
1,1.1688,1079,10.0
0,2.3343,1079,0.05
1,2.6205,1079,0.05
1,1.5319,1079,0.05
1,1.2845,1079,0.05
0,1.4326,1079,0.05
1,1.4848,1079,0.05
1,0.9677,1079,0.05
1,0.9851,1079,0.05
1,0.8511,1079,0.05
0,2.7729,1079,0.05
1,1.1217,1079,0.05
1,1.191,1079,0.05
1,0.842,1079,0.05
1,2.0226,1079,0.05
1,1.1685,1079,0.05
1,1.6401,1080,10.0
1,5.5876,1080,10.0
1,5.4204,1080,10.0
1,1.5538,1080,10.0
1,1.9149,1080,10.0
1,1.9373,1080,10.0
1,2.0972,1080,10.0
1,1.8942,1080,10.0
0,1.3176,1080,10.0
1,1.0323,1080,10.0
1,1.2826,1080,10.0
1,2.5067,1080,10.0
1,5.0151,1080,10.0
1,1.4662,1080,0.05
1,2.1511,1080,0.05
0,3.6519,1080,0.05
1,2.2044,1080,0.05
1,2.2455,1080,0.05
1,1.6525,1080,0.05
0,4.2839,1080,10.0
1,1.2443,1080,10.0
1,1.3734,1080,10.0
0,1.3433,1080,10.0
1,2.209,1080,10.0
1,4.279,1080,10.0
1,0.9104,1080,10.0
1,3.5206,1080,10.0
1,2.3145,1080,10.0
1,3.2624,1080,10.0
0,6.0226,1080,10.0
1,2.224,1080,10.0
1,4.0493,1080,10.0
1,2.6067,1080,10.0
1,2.7075,1080,10.0
1,5.2695,1080,0.05
1,2.4247,1080,0.05
1,2.4779,1080,0.05
1,2.589,1080,0.05
1,4.512,1080,0.05
1,2.0062,1080,0.05
0,4.8365,1080,0.05
0,3.0853,1080,0.05
0,3.2843,1080,0.05
1,1.0287,1080,0.05
1,3.272,1080,0.05
1,2.0727,1080,0.05
1,4.9632,1080,0.05
0,1.4538,1080,0.05
1,3.208,1080,0.05
0,2.2235,1080,10.0
1,3.5189,1080,10.0
1,1.3351,1080,10.0
0,5.7326,1080,10.0
1,1.9228,1080,10.0
1,1.0244,1080,10.0
0,4.3873,1080,10.0
1,2.1041,1080,10.0
1,1.1725,1080,0.05
1,2.0766,1080,0.05
0,2.9027,1080,0.05
1,1.9652,1080,0.05
1,1.9224,1080,0.05
1,1.7228,1080,0.05
1,1.6409,1080,0.05
1,3.2693,1080,10.0
1,2.4725,1080,10.0
1,2.035,1080,10.0
0,1.7282,1080,10.0
1,2.1413,1080,10.0
1,1.1044,1080,10.0
0,2.1374,1080,10.0
1,1.8224,1080,0.05
1,0.7951,1080,0.05
0,3.2594,1080,0.05
1,3.5188,1080,0.05
0,0.9589,1080,0.05
1,2.1391,1080,0.05
1,1.1419,1080,0.05
1,2.7063,1080,0.05
1,4.73,1081,0.05
1,5.172,1081,0.05
0,4.836,1081,0.05
1,1.163,1081,0.05
1,5.38,1081,0.05
1,3.038,1081,0.05
1,2.841,1081,0.05
1,3.433,1081,0.05
1,1.439,1081,0.05
1,3.786,1081,0.05
1,5.494,1081,0.05
1,1.584,1081,0.05
1,3.73,1081,0.05
0,5.048,1081,0.05
1,3.935,1081,0.05
1,3.783,1081,0.05
1,3.345,1081,10.0
1,3.098,1081,10.0
1,4.197,1081,10.0
1,3.346,1081,10.0
1,3.485,1081,10.0
1,1.928,1081,10.0
1,1.959,1081,10.0
1,4.011,1081,10.0
1,1.392,1081,10.0
1,5.688,1081,10.0
1,1.862,1081,10.0
1,1.146,1081,10.0
1,2.408,1081,10.0
1,2.696,1081,10.0
1,2.405,1081,0.05
1,1.605,1081,0.05
0,1.85,1081,0.05
1,1.064,1081,0.05
0,3.21,1081,0.05
0,6.013,1081,0.05
1,2.598,1081,0.05
1,5.19,1081,0.05
1,2.088,1081,0.05
1,3.991,1081,0.05
1,1.395,1081,0.05
1,4.254,1081,0.05
1,2.464,1081,0.05
0,3.879,1081,0.05
1,3.545,1081,0.05
1,2.066,1081,0.05
1,2.613,1081,10.0
1,4.215,1081,10.0
0,4.851,1081,10.0
1,2.293,1081,10.0
1,2.129,1081,0.05
1,1.326,1081,0.05
1,0.94,1081,0.05
1,3.004,1081,0.05
1,2.238,1081,0.05
0,3.331,1081,0.05
1,2.153,1081,0.05
1,2.56,1081,0.05
1,1.995,1081,0.05
1,0.822,1081,0.05
1,3.335,1081,0.05
1,1.298,1081,0.05
0,1.502,1081,0.05
1,1.737,1081,0.05
1,1.066,1081,0.05
1,1.233,1081,0.05
1,3.143,1081,10.0
1,0.854,1081,10.0
1,0.895,1081,10.0
0,1.129,1081,10.0
0,4.747,1081,10.0
0,2.037,1081,10.0
1,0.881,1081,10.0
0,2.284,1081,10.0
1,1.94,1081,10.0
1,1.358,1081,10.0
1,0.844,1081,10.0
0,5.579,1081,10.0
1,1.552,1081,10.0
1,1.413,1081,10.0
1,1.096,1081,10.0
1,1.603,1081,10.0
0,2.7471,1083,0.05
0,3.3953,1083,0.05
1,1.7279,1083,0.05
1,3.824,1083,0.05
1,4.7508,1083,0.05
1,3.3933,1083,0.05
1,4.1721,1083,0.05
1,4.3535,1083,0.05
1,3.3533,1083,10.0
0,3.9503,1083,10.0
0,6.3789,1083,10.0
0,1.5183,1083,10.0
0,3.843,1083,10.0
1,7.2046,1083,10.0
1,6.8052,1083,10.0
1,5.4218,1083,10.0
1,2.8865,1083,10.0
0,1.6782,1083,10.0
1,3.2095,1083,10.0
0,6.9134,1083,10.0
1,1.3062,1083,10.0
1,3.5137,1083,10.0
1,2.7777,1083,10.0
1,5.6452,1083,10.0
1,3.7854,1083,10.0
1,5.8991,1083,10.0
1,4.8374,1083,0.05
1,5.3073,1083,0.05
0,4.2889,1083,0.05
1,4.5693,1083,0.05
1,3.4335,1083,0.05
1,2.569,1083,0.05
1,2.7888,1083,0.05
1,7.2023,1083,0.05
1,3.7149,1083,10.0
0,7.0002,1083,10.0
1,2.1716,1083,10.0
1,2.461,1083,10.0
0,5.6976,1083,10.0
1,2.5587,1083,10.0
1,2.6867,1083,10.0
1,3.6532,1083,10.0
0,3.7696,1083,0.05
1,1.767,1083,0.05
0,3.6873,1083,0.05
1,4.5493,1083,0.05
0,7.6454,1083,0.05
0,6.4196,1083,0.05
1,3.2677,1083,0.05
0,4.6018,1083,0.05
1,2.1611,1083,0.05
0,3.743,1083,0.05
1,3.5551,1083,0.05
1,2.0842,1083,0.05
1,4.6107,1083,0.05
0,2.6964,1083,0.05
1,2.7586,1083,0.05
1,7.1358,1083,0.05
1,2.6266,1083,0.05
1,5.0693,1083,0.05
1,2.3724,1083,0.05
0,3.5079,1083,0.05
1,3.7036,1083,0.05
0,3.3306,1083,0.05
1,3.4439,1083,0.05
1,2.5063,1083,0.05
1,6.5239,1083,10.0
1,0.984,1083,10.0
1,4.7594,1083,10.0
1,5.3763,1083,10.0
1,3.7307,1083,10.0
0,1.1437,1083,10.0
1,2.5898,1083,10.0
1,2.1804,1083,10.0
1,1.7746,1083,10.0
1,4.2882,1083,10.0
1,1.0134,1083,10.0
0,2.4772,1083,10.0
1,0.9438,1083,10.0
1,3.1042,1083,10.0
1,4.1756,1083,10.0
1,5.172,1083,10.0
1,1.4972,1084,10.0
1,1.9533,1084,10.0
1,1.1994,1084,10.0
1,1.7845,1084,10.0
1,1.5474,1084,10.0
1,1.2888,1084,0.05
1,1.8139,1084,0.05
1,1.4553,1084,0.05
1,1.9472,1084,0.05
1,1.1188,1084,0.05
1,0.9515,1084,0.05
0,1.3487,1084,0.05
0,0.7679,1084,0.05
1,1.9373,1084,10.0
1,0.7517,1084,10.0
0,1.5354,1084,10.0
1,1.1816,1084,10.0
1,1.0842,1084,10.0
0,2.0454,1084,10.0
0,1.7875,1084,10.0
0,0.9801,1084,10.0
0,1.2661,1084,0.05
1,0.8714,1084,0.05
1,1.0351,1084,0.05
1,0.8288,1084,0.05
1,1.0471,1084,0.05
0,1.1387,1084,0.05
1,0.8067,1084,0.05
0,0.5476,1084,0.05
1,0.7652,1084,0.05
1,0.8809,1084,0.05
1,0.8866,1084,0.05
1,0.8626,1084,0.05
0,1.4342,1084,0.05
0,1.0024,1084,0.05
1,0.9626,1084,10.0
1,0.9129,1084,10.0
1,0.8021,1084,10.0
0,1.0456,1084,10.0
0,1.1783,1084,10.0
0,0.8525,1084,10.0
0,0.3536,1084,10.0
1,0.8164,1084,10.0
0,1.464,1084,10.0
1,1.1969,1084,10.0
1,0.6214,1084,10.0
0,1.2992,1084,10.0
1,0.7679,1084,10.0
1,0.9848,1084,10.0
1,1.0347,1084,10.0
0,1.517,1084,0.05
1,0.466,1084,0.05
1,1.0542,1084,0.05
0,0.5993,1084,0.05
0,0.7192,1084,0.05
1,1.5644,1084,0.05
0,0.8643,1084,0.05
1,0.5662,1084,0.05
1,1.6157,1084,10.0
1,1.4976,1084,10.0
0,1.4637,1084,10.0
1,1.0132,1084,10.0
0,0.7316,1084,10.0
1,0.913,1084,10.0
0,1.2844,1084,10.0
1,1.144,1084,10.0
1,0.7343,1084,0.05
1,1.5471,1084,0.05
0,1.0019,1084,0.05
1,0.8384,1084,0.05
1,1.031,1084,0.05
1,1.0002,1084,0.05
1,0.9467,1084,0.05
1,1.1475,1084,0.05
1,0.9127,1084,10.0
1,0.8638,1084,10.0
1,0.863,1084,10.0
0,1.0165,1084,10.0
1,1.4653,1084,10.0
0,1.2382,1084,10.0
1,0.9154,1084,10.0
0,1.2965,1084,10.0
1,0.8307,1084,0.05
0,0.7508,1084,0.05
1,0.9654,1084,0.05
0,0.8995,1084,0.05
0,0.8813,1084,0.05
1,0.7473,1084,0.05
1,0.8207,1084,0.05
1,1.1481,1084,0.05
0,1.874,1085,0.05
0,2.1802,1085,0.05
0,1.3662,1085,0.05
1,1.7854,1085,0.05
0,3.3496,1085,0.05
1,1.9199,1085,0.05
1,1.9687,1085,0.05
1,2.1997,1085,0.05
0,2.6491,1085,10.0
1,1.4559,1085,10.0
1,1.528,1085,10.0
1,1.3876,1085,10.0
1,2.7062,1085,10.0
1,4.2325,1085,10.0
1,1.5056,1085,10.0
0,2.8588,1085,10.0
1,1.722,1085,10.0
0,3.205,1085,10.0
1,1.3876,1085,10.0
1,1.4001,1085,10.0
1,3.535,1085,10.0
0,1.9225,1085,10.0
0,3.4343,1085,10.0
0,2.3678,1085,0.05
1,1.674,1085,0.05
1,2.4836,1085,0.05
1,1.2373,1085,0.05
1,1.5503,1085,0.05
1,1.9222,1085,0.05
0,3.3506,1085,0.05
1,1.6259,1085,0.05
1,1.7064,1085,10.0
1,1.59,1085,10.0
1,1.7805,1085,10.0
1,2.0246,1085,10.0
1,4.136,1085,10.0
1,1.5784,1085,10.0
0,2.4213,1085,10.0
0,2.4298,1085,10.0
1,1.852,1085,0.05
1,2.1023,1085,0.05
0,2.4874,1085,0.05
1,1.7905,1085,0.05
1,2.2229,1085,0.05
0,2.1408,1085,0.05
1,2.2332,1085,0.05
1,1.6241,1085,10.0
1,1.8935,1085,10.0
1,2.5822,1085,10.0
1,1.6995,1085,10.0
1,4.2196,1085,10.0
0,2.0381,1085,10.0
1,1.5885,1085,10.0
1,2.5691,1085,10.0
1,2.9399,1085,0.05
1,2.3137,1085,0.05
1,2.9514,1085,0.05
1,1.7024,1085,0.05
1,3.033,1085,0.05
0,3.8556,1085,0.05
1,1.7876,1085,0.05
1,3.4731,1085,0.05
0,3.6523,1085,10.0
0,3.3864,1085,10.0
1,2.8208,1085,10.0
1,1.3251,1085,10.0
1,3.203,1085,10.0
1,2.9175,1085,10.0
0,1.7337,1085,10.0
1,1.4195,1085,10.0
1,2.3522,1085,0.05
1,1.3758,1085,0.05
1,1.631,1085,0.05
1,1.0954,1085,0.05
1,1.4308,1085,0.05
1,3.7453,1085,0.05
1,1.2518,1085,0.05
1,1.9276,1085,0.05
1,3.413,1085,0.05
1,1.9999,1085,0.05
0,4.1157,1085,0.05
1,2.9497,1085,0.05
1,1.6386,1085,0.05
0,2.1751,1085,0.05
1,1.5381,1085,0.05
1,3.2727,1085,10.0
1,2.3908,1085,10.0
0,1.4456,1085,10.0
0,1.9066,1085,10.0
1,2.1538,1085,10.0
1,3.302,1085,10.0
1,1.4329,1085,10.0
1,2.0209,1085,10.0
1,1.8234,1086,0.05
1,2.8069,1086,0.05
1,2.0594,1086,0.05
1,2.7691,1086,0.05
0,4.3875,1086,0.05
1,2.5365,1086,0.05
0,3.7627,1086,0.05
1,2.2738,1086,10.0
0,3.4592,1086,10.0
0,3.6441,1086,10.0
0,2.8783,1086,10.0
1,2.0773,1086,10.0
1,3.858,1086,10.0
1,2.7907,1086,10.0
1,3.5423,1086,0.05
0,3.257,1086,0.05
0,2.4971,1086,0.05
1,2.2629,1086,0.05
0,2.3759,1086,0.05
1,2.9612,1086,0.05
1,2.8246,1086,0.05
0,3.6548,1086,0.05
0,2.7064,1086,10.0
1,4.1772,1086,10.0
1,1.9746,1086,10.0
1,2.4553,1086,10.0
1,1.9209,1086,10.0
0,2.6087,1086,10.0
0,1.833,1086,10.0
1,2.3368,1086,10.0
1,3.1652,1086,0.05
0,2.9708,1086,0.05
0,2.2732,1086,0.05
1,2.7365,1086,0.05
1,3.4074,1086,0.05
0,4.9246,1086,0.05
0,2.9852,1086,0.05
1,3.2221,1086,0.05
1,3.7493,1086,10.0
0,2.5454,1086,10.0
1,1.8589,1086,10.0
1,2.1363,1086,10.0
1,2.6728,1086,10.0
0,3.8111,1086,10.0
1,1.7008,1086,10.0
0,2.1082,1086,10.0
0,2.1298,1086,0.05
1,1.791,1086,0.05
0,1.4266,1086,0.05
1,2.4527,1086,0.05
0,1.7041,1086,0.05
1,1.3588,1086,0.05
1,1.6741,1086,0.05
0,1.5467,1086,0.05
1,1.6422,1086,10.0
0,1.6676,1086,10.0
1,2.0912,1086,10.0
0,1.8882,1086,10.0
0,1.9582,1086,10.0
0,2.0676,1086,10.0
1,1.7402,1086,10.0
1,1.4809,1086,10.0
0,2.5004,1086,0.05
1,2.6427,1086,0.05
1,2.3356,1086,0.05
1,3.0987,1086,0.05
0,2.8183,1086,0.05
0,2.0539,1086,0.05
1,2.1312,1086,0.05
0,1.7559,1086,0.05
1,1.5849,1086,10.0
1,1.4764,1086,10.0
0,1.7577,1086,10.0
0,2.8411,1086,10.0
1,1.5314,1086,10.0
1,2.5251,1086,10.0
0,1.9177,1086,10.0
1,4.6968,1086,0.05
0,4.6935,1086,0.05
1,1.6578,1086,0.05
1,1.459,1086,0.05
0,1.7941,1086,0.05
1,1.588,1086,0.05
0,1.4036,1086,0.05
1,3.6224,1086,10.0
0,1.6182,1086,10.0
1,3.6642,1086,10.0
1,2.0461,1086,10.0
0,1.5118,1086,10.0
0,2.1816,1086,10.0
1,1.6042,1086,10.0
0,1.467,1086,10.0
0,1.732,1088,10.0
0,1.5267,1088,10.0
1,0.8447,1088,10.0
1,1.2028,1088,10.0
0,1.3265,1088,10.0
1,1.2784,1088,10.0
1,1.4953,1088,10.0
0,1.6625,1088,10.0
1,1.4502,1088,0.05
1,1.5476,1088,0.05
0,1.9187,1088,0.05
1,1.1101,1088,0.05
1,1.8519,1088,0.05
0,1.7895,1088,0.05
1,0.829,1088,0.05
1,1.1414,1088,10.0
1,2.004,1088,10.0
1,0.8197,1088,10.0
1,1.1959,1088,10.0
1,1.2896,1088,10.0
0,1.0836,1088,10.0
1,1.7127,1088,10.0
0,1.327,1088,10.0
1,1.0401,1088,0.05
1,1.0305,1088,0.05
1,2.1796,1088,0.05
0,2.0361,1088,0.05
0,0.8296,1088,0.05
1,1.1784,1088,0.05
0,1.9366,1088,0.05
1,0.8382,1088,0.05
0,1.1418,1088,10.0
1,1.2439,1088,10.0
1,2.208,1088,10.0
0,1.1722,1088,10.0
1,0.9039,1088,10.0
0,2.0795,1088,10.0
1,1.2274,1088,10.0
1,1.4963,1088,0.05
1,1.8354,1088,0.05
1,1.4926,1088,0.05
1,1.8071,1088,0.05
1,1.1652,1088,0.05
1,1.4389,1088,0.05
1,1.2469,1088,0.05
0,1.2051,1088,0.05
1,1.4177,1088,0.05
0,2.2119,1088,0.05
1,1.4392,1088,0.05
1,1.1858,1088,0.05
1,1.6643,1088,0.05
1,0.8937,1088,0.05
1,1.5665,1088,0.05
0,1.6738,1088,10.0
1,0.962,1088,10.0
1,1.1476,1088,10.0
1,1.1872,1088,10.0
1,1.4572,1088,10.0
0,1.4193,1088,10.0
0,0.8966,1088,10.0
1,1.4593,1088,10.0
1,0.687,1088,0.05
0,1.7891,1088,0.05
1,1.8404,1088,0.05
1,1.4414,1088,0.05
1,1.2273,1088,0.05
1,1.9852,1088,0.05
1,1.2872,1088,0.05
1,0.7828,1088,0.05
1,1.3543,1088,10.0
1,0.8557,1088,10.0
1,1.105,1088,10.0
1,1.9627,1088,10.0
1,0.8242,1088,10.0
0,1.1902,1088,10.0
1,1.6443,1088,10.0
1,1.073,1088,10.0
0,1.4697,1088,0.05
0,1.1787,1088,0.05
1,1.3887,1088,0.05
1,1.8176,1088,0.05
1,0.9169,1088,0.05
0,1.4119,1088,0.05
1,0.6984,1088,0.05
1,0.9393,1088,0.05
1,0.6704,1088,10.0
0,0.9078,1088,10.0
1,1.2103,1088,10.0
0,1.0517,1088,10.0
0,0.7747,1088,10.0
1,0.9964,1088,10.0
1,6.1747,1089,0.05
1,4.3474,1089,0.05
1,5.4728,1089,0.05
1,2.7139,1089,0.05
1,8.035,1089,0.05
1,1.1676,1089,0.05
1,7.9888,1089,0.05
1,7.3468,1089,0.05
1,7.1187,1089,0.05
1,2.1211,1089,0.05
1,7.4763,1089,0.05
1,7.7385,1089,0.05
1,1.6256,1089,0.05
1,2.1294,1089,0.05
0,6.6061,1089,0.05
1,8.5698,1089,0.05
0,8.6297,1089,10.0
1,12.7339,1089,10.0
1,1.6862,1089,10.0
1,1.247,1089,10.0
1,1.4057,1089,10.0
1,1.1028,1089,10.0
1,5.5325,1089,10.0
1,1.6867,1089,10.0
1,2.1131,1089,10.0
1,8.5865,1089,10.0
1,4.2534,1089,10.0
0,3.8199,1089,10.0
1,1.4405,1089,10.0
1,2.4982,1089,10.0
1,7.9188,1089,10.0
1,6.7986,1089,10.0
1,3.1971,1089,0.05
1,12.0961,1089,0.05
1,14.2632,1089,0.05
1,13.4144,1089,0.05
1,3.3997,1089,0.05
0,13.9847,1089,0.05
1,12.4154,1089,0.05
1,4.9266,1089,0.05
1,5.0501,1089,0.05
1,1.65,1089,0.05
0,2.4638,1089,0.05
1,5.6143,1089,0.05
1,4.8965,1089,0.05
1,4.8822,1089,0.05
1,5.1159,1089,0.05
1,10.4915,1089,10.0
1,3.6186,1089,10.0
1,1.8235,1089,10.0
1,2.8256,1089,10.0
1,10.6724,1089,10.0
0,2.1505,1089,10.0
1,5.6698,1089,10.0
0,12.8547,1089,10.0
1,4.9908,1089,10.0
1,3.9466,1089,10.0
0,9.1362,1089,10.0
1,2.8025,1089,10.0
1,4.9053,1089,10.0
1,8.6123,1089,10.0
1,8.2967,1089,10.0
1,9.7467,1089,10.0
1,1.7145,1089,0.05
0,2.4652,1089,0.05
1,4.4326,1089,0.05
1,1.9666,1089,0.05
0,9.5011,1089,0.05
0,2.9482,1089,0.05
1,7.8322,1089,0.05
1,1.6836,1089,0.05
0,4.4488,1089,0.05
0,14.5983,1089,0.05
1,4.1143,1089,0.05
1,1.5188,1090,10.0
1,1.209,1090,10.0
1,1.6345,1090,10.0
0,1.8721,1090,10.0
1,1.9513,1090,10.0
1,0.8805,1090,10.0
0,1.2894,1090,10.0
0,1.782,1090,10.0
1,1.4435,1090,0.05
0,2.6145,1090,0.05
1,1.2159,1090,0.05
1,1.2505,1090,0.05
1,2.0715,1090,0.05
0,1.0983,1090,0.05
1,1.1192,1090,0.05
0,1.2517,1090,0.05
1,1.2626,1090,0.05
1,2.3773,1090,0.05
1,1.1358,1090,0.05
1,1.1483,1090,0.05
0,1.2829,1090,0.05
1,2.2972,1090,10.0
1,2.1961,1090,10.0
1,1.4265,1090,10.0
0,0.8567,1090,10.0
0,1.8714,1090,10.0
1,0.9474,1090,10.0
0,1.6473,1090,10.0
0,2.2835,1090,10.0
0,2.2085,1090,0.05
0,2.7851,1090,0.05
1,1.3122,1090,0.05
0,3.6009,1090,0.05
0,2.5164,1090,0.05
1,1.0431,1090,0.05
1,0.9712,1090,0.05
1,1.0267,1090,0.05
1,2.8023,1090,0.05
1,2.0418,1090,0.05
0,1.7988,1090,0.05
1,2.5379,1090,0.05
1,1.373,1090,0.05
1,2.1245,1090,0.05
1,1.6777,1090,0.05
1,2.0523,1090,0.05
1,3.7365,1090,10.0
1,4.3787,1090,10.0
0,1.8787,1090,10.0
1,1.946,1090,10.0
1,0.9846,1090,10.0
1,1.2188,1090,10.0
1,1.436,1090,10.0
0,2.3578,1090,10.0
0,2.5576,1090,10.0
1,2.4755,1090,10.0
0,2.6349,1090,10.0
1,2.9855,1090,10.0
1,0.9968,1090,10.0
1,1.4399,1090,10.0
1,1.251,1090,10.0
1,1.2103,1090,10.0
0,2.2835,1090,10.0
0,1.8771,1090,10.0
0,1.7003,1090,10.0
1,1.0751,1090,10.0
0,1.2876,1090,10.0
1,1.0512,1090,10.0
1,2.1614,1090,10.0
0,1.8282,1090,10.0
1,2.5126,1090,10.0
1,4.1651,1090,10.0
0,1.5507,1090,0.05
1,2.9854,1090,0.05
1,1.5225,1090,0.05
1,2.0499,1090,0.05
0,2.21,1090,0.05
0,1.8742,1090,0.05
1,2.0482,1090,0.05
1,2.539,1090,0.05
0,1.8345,1090,0.05
1,5.6771,1091,0.05
1,2.6438,1091,0.05
1,3.611,1091,0.05
0,4.8861,1091,0.05
1,5.631,1091,0.05
1,4.0089,1091,10.0
1,2.4655,1091,10.0
1,6.3478,1091,10.0
1,2.5903,1091,10.0
1,1.9592,1091,10.0
1,4.8418,1091,0.05
1,4.1259,1091,0.05
1,2.5022,1091,0.05
1,2.5816,1091,0.05
1,2.7665,1091,0.05
0,2.2299,1091,0.05
0,2.794,1091,10.0
1,3.1338,1091,10.0
1,3.8487,1091,10.0
1,2.0319,1091,10.0
1,6.5505,1091,10.0
0,4.3033,1091,10.0
1,3.2318,1091,10.0
1,3.1136,1091,10.0
1,3.658,1091,10.0
1,2.0314,1091,10.0
0,2.4657,1091,10.0
1,4.585,1091,10.0
1,2.8534,1091,10.0
0,1.8354,1091,10.0
1,2.5634,1091,10.0
1,2.2899,1091,10.0
0,1.5477,1091,10.0
0,2.7539,1091,10.0
1,1.1173,1091,0.05
0,1.2453,1091,0.05
0,2.0621,1091,0.05
1,0.9395,1091,0.05
1,2.2022,1091,0.05
0,1.0829,1091,0.05
0,1.1664,1091,0.05
1,2.171,1091,0.05
1,2.7408,1091,0.05
0,1.6704,1091,0.05
1,1.9667,1091,0.05
0,1.1782,1091,0.05
0,1.3322,1091,0.05
1,1.8352,1091,0.05
0,3.0738,1091,0.05
1,1.968,1091,0.05
0,1.3636,1091,10.0
0,1.8522,1091,10.0
1,2.4381,1091,10.0
0,1.151,1091,10.0
0,1.7893,1091,10.0
1,2.7074,1091,10.0
1,3.2892,1091,10.0
1,3.3222,1091,10.0
1,1.3556,1091,0.05
1,2.5555,1091,0.05
1,2.8014,1091,0.05
0,1.2539,1091,0.05
1,2.3527,1091,0.05
0,2.544,1091,0.05
0,0.9101,1091,0.05
0,1.1253,1091,0.05
1,6.5384,1091,0.05
0,1.94,1091,0.05
0,1.5608,1091,0.05
0,3.7454,1091,0.05
0,1.5462,1091,0.05
1,1.2289,1091,0.05
1,1.679,1091,0.05
0,2.1443,1091,10.0
1,1.7066,1091,10.0
1,3.8923,1091,10.0
0,1.2644,1091,10.0
0,2.5561,1093,0.05
1,3.6725,1093,0.05
1,1.529,1093,0.05
1,2.0212,1093,0.05
1,1.2643,1093,0.05
0,3.4365,1093,0.05
0,4.8056,1093,0.05
0,2.1225,1093,10.0
1,2.1624,1093,10.0
1,4.1653,1093,10.0
1,2.179,1093,10.0
1,2.6982,1093,10.0
1,3.8315,1093,10.0
1,1.8619,1093,10.0
1,1.6964,1093,10.0
1,2.0233,1093,10.0
1,1.2154,1093,10.0
1,1.1156,1093,10.0
1,4.8984,1093,10.0
1,2.1629,1093,10.0
1,1.1789,1093,10.0
1,1.4442,1093,10.0
1,1.497,1093,10.0
1,2.144,1093,0.05
0,1.123,1093,0.05
1,1.9415,1093,0.05
1,1.1041,1093,0.05
1,1.9902,1093,0.05
1,1.2307,1093,0.05
1,2.7808,1093,0.05
1,1.4079,1093,0.05
1,3.2502,1093,10.0
0,2.3378,1093,10.0
1,2.542,1093,10.0
1,1.4291,1093,10.0
1,1.6154,1093,10.0
1,1.9187,1093,10.0
1,3.147,1093,10.0
1,2.2409,1093,0.05
0,3.1718,1093,0.05
1,1.6607,1093,0.05
1,3.0598,1093,0.05
1,2.2618,1093,0.05
1,1.6335,1093,0.05
1,2.3174,1093,0.05
1,2.3061,1093,0.05
1,2.8058,1093,0.05
0,2.5289,1093,0.05
1,2.7748,1093,0.05
1,2.3426,1093,0.05
1,1.5231,1093,0.05
1,3.1799,1093,10.0
0,3.608,1093,10.0
1,2.8492,1093,10.0
0,1.6593,1093,10.0
1,1.8486,1093,10.0
1,1.281,1093,10.0
0,2.4984,1093,10.0
1,1.789,1093,10.0
0,3.4619,1093,10.0
1,3.4753,1093,10.0
1,2.0928,1093,10.0
1,1.4613,1093,10.0
1,2.2764,1093,10.0
0,2.2382,1093,10.0
1,1.2196,1093,10.0
1,1.5313,1093,0.05
1,1.8262,1093,0.05
0,2.4073,1093,0.05
1,1.8961,1093,0.05
1,3.0281,1094,10.0
0,4.2337,1094,10.0
0,4.8969,1094,10.0
1,3.6531,1094,10.0
1,3.7112,1094,10.0
1,3.2596,1094,10.0
1,2.8378,1094,10.0
1,2.3336,1094,10.0
0,4.3006,1094,10.0
0,1.71,1094,10.0
1,3.5278,1094,10.0
1,5.0683,1094,10.0
1,3.7442,1094,10.0
1,1.3726,1094,10.0
1,4.1603,1094,0.05
0,3.5585,1094,0.05
1,4.57,1094,0.05
1,1.7907,1094,0.05
1,1.9011,1094,0.05
1,1.9915,1094,0.05
1,1.4371,1094,0.05
0,1.2182,1094,0.05
1,1.402,1094,0.05
1,0.8689,1094,0.05
1,2.0233,1094,0.05
0,2.4038,1094,0.05
1,1.0891,1094,0.05
1,4.4198,1094,0.05
0,4.3955,1094,0.05
1,4.3199,1094,0.05
0,2.3377,1094,0.05
1,1.6422,1094,0.05
1,1.276,1094,0.05
0,2.087,1094,10.0
1,1.9751,1094,10.0
1,5.0674,1094,10.0
1,2.5169,1094,10.0
1,1.0836,1094,10.0
1,3.0396,1094,10.0
1,2.9562,1094,10.0
1,5.9197,1094,10.0
1,2.209,1094,0.05
1,4.9562,1094,0.05
0,3.1617,1094,0.05
1,1.7663,1094,0.05
1,1.5443,1094,0.05
1,1.3472,1094,0.05
0,2.111,1094,0.05
1,0.9677,1094,10.0
1,2.3984,1094,10.0
1,1.7465,1094,10.0
0,4.3864,1094,10.0
0,5.1948,1094,10.0
1,2.4488,1094,10.0
1,1.6563,1094,10.0
1,0.8735,1094,10.0
0,1.3989,1094,10.0
0,3.5512,1094,10.0
0,1.4025,1094,10.0
1,1.241,1094,10.0
1,1.1081,1094,10.0
1,2.8545,1094,10.0
1,2.4147,1094,10.0
1,1.7068,1094,10.0
1,2.4208,1094,0.05
1,1.5813,1094,0.05
1,1.3438,1094,0.05
1,0.8962,1094,0.05
1,2.2625,1094,0.05
1,1.1769,1094,0.05
1,3.5443,1094,0.05
1,0.9679,1094,0.05
1,1.0764,1094,10.0
1,0.9626,1094,10.0
1,2.8511,1094,10.0
1,0.9907,1094,10.0
1,2.527,1094,10.0
1,1.4649,1094,10.0
1,1.9678,1094,10.0
1,1.5082,1094,10.0
1,0.8661,1094,0.05
1,2.693,1094,0.05
1,1.4664,1094,0.05
1,1.4963,1094,0.05
1,1.8668,1094,0.05
1,1.5335,1094,0.05
1,1.5465,1094,0.05
1,1.8173,1094,0.05
1,1.2265,1095,0.05
1,1.1959,1095,0.05
1,1.5982,1095,0.05
1,3.9848,1095,0.05
1,2.4402,1095,0.05
1,3.8212,1095,0.05
0,3.2965,1095,0.05
1,1.4443,1095,0.05
1,3.5451,1095,0.05
1,1.7442,1095,0.05
0,1.9404,1095,0.05
1,2.8004,1095,0.05
1,1.1851,1095,0.05
1,1.6866,1095,10.0
1,1.875,1095,10.0
1,1.4855,1095,10.0
1,1.8902,1095,10.0
1,2.1723,1095,10.0
1,2.7971,1095,10.0
1,1.3347,1095,10.0
0,1.5615,1095,10.0
1,2.3402,1095,10.0
0,4.2182,1095,10.0
0,3.64,1095,10.0
0,2.1833,1095,10.0
1,2.3071,1095,10.0
1,3.0236,1095,10.0
1,1.4051,1095,10.0
1,1.6963,1095,10.0
1,1.3613,1095,10.0
1,1.9426,1095,10.0
1,2.5445,1095,10.0
1,1.6293,1095,10.0
1,1.9275,1095,10.0
1,1.9223,1095,10.0
0,3.6915,1095,10.0
0,3.4049,1095,0.05
1,1.2977,1095,0.05
1,2.7046,1095,0.05
1,1.2501,1095,0.05
1,1.2253,1095,0.05
1,3.7342,1095,0.05
1,2.3557,1095,0.05
0,2.922,1095,0.05
0,1.4397,1095,0.05
1,1.8434,1095,0.05
0,2.9014,1095,0.05
1,2.1576,1095,0.05
1,1.9407,1095,0.05
1,2.8502,1095,0.05
1,3.2401,1095,0.05
1,2.7566,1095,0.05
1,1.5283,1095,10.0
1,2.4056,1095,10.0
1,4.2344,1095,10.0
1,3.232,1095,0.05
1,2.5563,1095,0.05
1,1.5418,1095,0.05
0,4.6486,1095,0.05
1,2.4589,1095,0.05
1,2.3448,1095,0.05
1,1.3821,1095,0.05
1,1.6054,1095,0.05
1,1.6441,1095,10.0
1,0.9344,1095,10.0
1,2.982,1095,10.0
1,1.4905,1095,10.0
1,2.2422,1095,10.0
0,2.6056,1095,10.0
1,2.7264,1095,10.0
1,2.9394,1095,10.0
0,1.8586,1095,0.05
1,1.5386,1095,0.05
0,3.0832,1095,0.05
1,1.7399,1095,0.05
1,1.3132,1095,0.05
1,3.7116,1095,0.05
1,1.7656,1095,0.05
1,2.2897,1095,0.05
1,1.87,1095,10.0
0,2.0884,1095,10.0
1,1.6178,1095,10.0
1,1.396,1095,10.0
0,0.8992,1095,10.0
0,1.5351,1095,10.0
1,2.4839,1095,10.0
0,1.4539,1095,10.0
1,1.7366,1096,10.0
1,2.1717,1096,10.0
1,2.1229,1096,10.0
1,2.9731,1096,10.0
1,1.5503,1096,10.0
1,1.7714,1096,10.0
1,2.4034,1096,10.0
1,1.7192,1096,0.05
0,1.7666,1096,0.05
1,3.4299,1096,0.05
1,2.1851,1096,0.05
1,1.8005,1096,0.05
0,1.8466,1096,0.05
1,1.7504,1096,0.05
1,1.519,1096,0.05
1,1.3999,1096,0.05
0,3.47,1096,0.05
0,3.3183,1096,0.05
0,1.166,1096,0.05
1,1.4904,1096,0.05
1,2.7611,1096,0.05
1,1.6748,1096,0.05
1,1.2054,1096,0.05
0,0.8958,1096,10.0
1,3.0541,1096,10.0
1,1.4948,1096,10.0
1,2.0541,1096,10.0
1,1.5626,1096,10.0
1,1.777,1096,10.0
1,1.9164,1096,0.05
0,2.9104,1096,0.05
1,2.2396,1096,0.05
0,2.0078,1096,0.05
0,1.6399,1096,0.05
1,1.6043,1096,0.05
1,1.3642,1096,0.05
1,2.1044,1096,0.05
1,1.3554,1096,10.0
1,2.7055,1096,10.0
1,1.5204,1096,10.0
1,1.6521,1096,10.0
1,2.3091,1096,10.0
1,1.259,1096,10.0
1,1.7043,1096,10.0
1,2.9665,1096,0.05
1,0.7711,1096,0.05
0,2.7843,1096,0.05
1,2.2828,1096,0.05
1,1.8198,1096,0.05
1,0.7651,1096,10.0
1,1.3498,1096,10.0
1,2.6502,1096,10.0
1,2.1204,1096,10.0
1,1.9159,1096,10.0
1,2.1339,1096,10.0
1,1.3246,1096,10.0
1,2.021,1096,10.0
1,1.4263,1096,10.0
0,2.2857,1096,10.0
1,1.7328,1096,10.0
1,1.0516,1096,10.0
1,1.7478,1096,10.0
0,1.6645,1096,10.0
1,0.8021,1096,10.0
1,1.3513,1096,10.0
0,1.1173,1096,10.0
0,1.3339,1096,10.0
1,1.1662,1096,10.0
1,1.9997,1096,10.0
1,1.9891,1096,10.0
1,0.868,1096,10.0
1,1.0781,1096,10.0
1,1.271,1096,0.05
1,1.0606,1096,0.05
1,1.7122,1096,0.05
1,1.0013,1096,0.05
0,1.0613,1096,0.05
1,1.7539,1096,0.05
1,1.2833,1096,0.05
1,1.417,1096,0.05
0,1.5648,1096,0.05
1,1.1171,1096,0.05
0,1.2807,1096,0.05
0,1.9177,1096,0.05
1,1.1008,1096,0.05
1,1.6683,1096,0.05
1,2.5371,1096,0.05
0,1.6997,1096,0.05
1,2.3797,1097,10.0
0,1.8216,1097,10.0
0,3.561,1097,10.0
0,3.1296,1097,10.0
0,1.2804,1097,10.0
1,1.858,1097,10.0
0,2.4955,1097,10.0
1,2.4773,1097,10.0
1,2.3754,1097,0.05
1,1.8466,1097,0.05
1,1.5016,1097,0.05
1,1.9495,1097,0.05
1,2.3064,1097,0.05
1,1.0589,1097,0.05
1,1.1436,1097,0.05
1,1.0513,1097,0.05
0,1.8676,1097,0.05
1,2.6442,1097,0.05
1,1.1841,1097,0.05
1,2.7924,1097,0.05
1,0.9274,1097,0.05
0,1.7048,1097,0.05
1,2.4434,1097,0.05
1,2.0768,1097,0.05
1,1.7595,1097,0.05
0,2.1678,1097,0.05
1,1.7626,1097,0.05
1,1.2379,1097,0.05
0,1.1535,1097,0.05
1,1.9194,1097,0.05
1,3.1063,1097,0.05
0,1.2929,1097,0.05
1,2.1551,1097,0.05
1,1.9702,1097,0.05
0,3.1676,1097,10.0
1,1.694,1097,10.0
1,1.9448,1097,10.0
1,1.8249,1097,10.0
0,2.6425,1097,10.0
1,2.5009,1097,10.0
0,1.9918,1097,10.0
1,1.1251,1097,10.0
1,1.3405,1097,0.05
1,1.2183,1097,0.05
1,2.0256,1097,0.05
1,0.9699,1097,0.05
1,1.5835,1097,0.05
1,0.9265,1097,0.05
0,1.5969,1097,0.05
1,0.7816,1097,0.05
1,1.352,1097,10.0
0,1.3874,1097,10.0
1,1.5082,1097,10.0
0,1.4487,1097,10.0
0,1.2636,1097,10.0
1,2.1043,1097,10.0
1,0.8071,1097,10.0
1,1.6898,1097,10.0
1,0.9481,1097,0.05
0,1.4231,1097,0.05
1,1.1148,1097,0.05
0,1.5012,1097,0.05
1,1.0785,1097,0.05
0,2.0015,1097,0.05
1,1.954,1097,0.05
1,1.1576,1097,0.05
0,0.9656,1098,0.05
0,0.9699,1098,0.05
1,0.8786,1098,0.05
1,1.3407,1098,0.05
1,1.1093,1098,0.05
0,1.4373,1098,0.05
1,1.3913,1098,0.05
1,1.3159,1098,0.05
1,1.6255,1098,0.05
1,0.7889,1098,0.05
1,1.3394,1098,0.05
0,1.337,1098,0.05
1,1.3842,1098,0.05
1,1.6932,1098,0.05
1,0.996,1098,0.05
1,1.4742,1098,0.05
0,1.1738,1098,0.05
1,1.3551,1098,0.05
1,1.5034,1098,0.05
1,1.8254,1098,0.05
1,0.9069,1098,10.0
1,1.8612,1098,10.0
0,1.6464,1098,10.0
0,1.646,1098,10.0
0,1.9611,1098,10.0
0,0.742,1098,10.0
0,0.7761,1098,10.0
1,1.3222,1098,10.0
1,1.758,1098,10.0
0,0.9197,1098,10.0
1,0.8729,1098,10.0
0,1.8569,1098,10.0
1,0.897,1098,10.0
1,1.4562,1098,10.0
1,1.6915,1098,10.0
1,1.4065,1098,10.0
0,0.9072,1098,0.05
1,0.9555,1098,0.05
1,0.8398,1098,0.05
0,1.1382,1098,0.05
1,0.7219,1098,0.05
1,0.8237,1098,0.05
1,1.0542,1098,0.05
0,0.7943,1098,0.05
1,0.6247,1098,0.05
1,0.8897,1098,0.05
1,0.7726,1098,0.05
1,1.3572,1098,0.05
1,1.1745,1098,0.05
0,0.9217,1098,0.05
0,1.3767,1098,0.05
1,0.9637,1098,0.05
0,0.7886,1098,0.05
1,0.8925,1098,0.05
1,0.9384,1098,0.05
1,0.9472,1098,0.05
1,0.7253,1098,0.05
1,1.3103,1098,0.05
1,0.8257,1098,0.05
1,1.4808,1098,0.05
1,1.4416,1098,10.0
1,1.2938,1098,10.0
1,0.739,1098,10.0
1,1.4301,1098,10.0
1,0.9995,1098,10.0
1,1.9441,1098,10.0
1,0.9374,1098,10.0
1,0.9201,1098,10.0
1,1.3572,1098,10.0
1,1.0944,1098,10.0
1,0.8449,1098,10.0
1,1.376,1098,10.0
1,0.9987,1098,10.0
1,1.1506,1098,10.0
1,1.141,1098,10.0
1,1.009,1098,10.0
0,8.139,1099,10.0
0,3.039,1099,10.0
0,6.1269,1099,10.0
1,3.0456,1099,10.0
0,4.1202,1099,10.0
1,3.044,1099,10.0
1,3.0375,1099,10.0
1,3.0603,1099,10.0
1,6.1029,1099,0.05
0,4.3715,1099,0.05
1,7.1288,1099,0.05
1,5.101,1099,0.05
1,6.1122,1099,0.05
1,6.1128,1099,0.05
1,5.119,1099,0.05
1,8.1596,1099,10.0
0,5.0151,1099,10.0
1,7.1302,1099,10.0
1,5.1129,1099,10.0
1,4.0937,1099,10.0
1,4.1178,1099,10.0
1,4.0768,1099,10.0
1,4.1129,1099,10.0
1,4.0961,1099,0.05
0,3.0356,1099,0.05
1,4.0754,1099,0.05
1,4.0838,1099,0.05
0,4.0876,1099,0.05
1,5.0837,1099,0.05
1,5.0823,1099,0.05
0,4.0985,1099,0.05
1,6.0993,1099,10.0
1,4.1103,1099,10.0
0,5.1082,1099,10.0
1,5.1183,1099,10.0
1,5.1127,1099,10.0
1,6.1299,1099,10.0
1,5.114,1099,10.0
1,8.1802,1099,10.0
1,7.1393,1099,10.0
1,7.1126,1099,10.0
0,4.9497,1099,10.0
1,5.0944,1099,10.0
1,4.0909,1099,10.0
1,4.0875,1099,10.0
1,5.092,1099,10.0
1,9.1492,1099,10.0
1,3.0524,1099,0.05
1,9.1602,1099,0.05
1,5.1003,1099,0.05
1,5.1248,1099,0.05
0,7.1322,1099,0.05
1,6.1401,1099,0.05
1,4.7703,1099,0.05
1,4.1185,1099,0.05
0,7.1187,1099,0.05
1,6.1287,1099,0.05
1,5.1125,1099,0.05
1,8.1267,1099,0.05
1,4.1028,1099,0.05
1,4.1083,1099,0.05
1,7.1451,1099,10.0
1,4.0799,1099,10.0
1,5.117,1099,10.0
0,9.1924,1099,10.0
1,4.5608,1099,10.0
1,6.1177,1099,10.0
1,8.1456,1099,10.0
1,9.1852,1099,0.05
1,4.4053,1099,0.05
1,4.6027,1099,0.05
1,6.1329,1099,0.05
0,9.1659,1099,0.05
1,6.1429,1099,0.05
1,5.118,1099,0.05
1,4.3925,1099,10.0
1,7.1018,1099,10.0
1,5.0052,1099,10.0
1,6.128,1099,10.0
0,9.1332,1099,10.0
1,9.1215,1099,10.0
1,6.1181,1099,10.0
1,4.5687,1099,0.05
1,4.0828,1099,0.05
0,5.1073,1099,0.05
1,9.1746,1099,0.05
1,4.0944,1099,0.05
1,1.3243,1101,0.05
0,0.7342,1101,0.05
0,0.7759,1101,0.05
0,0.6249,1101,0.05
1,0.8904,1101,0.05
1,0.9496,1101,0.05
1,0.7468,1101,0.05
1,0.9848,1101,0.05
1,0.7634,1101,10.0
0,1.2097,1101,10.0
1,1.6585,1101,10.0
1,1.6946,1101,10.0
1,1.9154,1101,10.0
1,0.9807,1101,10.0
1,1.169,1101,10.0
0,1.2072,1101,10.0
1,1.2449,1101,10.0
1,0.9451,1101,10.0
1,0.9826,1101,10.0
1,1.2264,1101,10.0
0,1.3429,1101,0.05
1,0.7323,1101,0.05
1,0.8136,1101,0.05
1,1.3916,1101,0.05
1,1.0609,1101,0.05
0,0.8757,1101,0.05
1,1.18,1101,0.05
1,2.0352,1101,10.0
1,1.1224,1101,10.0
0,1.6911,1101,10.0
1,2.0319,1101,10.0
1,1.0089,1101,10.0
0,2.3305,1101,10.0
1,1.5269,1101,0.05
1,1.1387,1101,0.05
1,1.491,1101,0.05
0,2.9059,1101,0.05
1,1.4294,1101,0.05
0,2.0856,1101,0.05
1,0.83,1101,0.05
1,0.7798,1101,0.05
0,2.4659,1101,0.05
1,0.8801,1101,0.05
1,0.898,1101,0.05
1,1.0294,1101,10.0
0,0.9929,1101,10.0
1,0.9057,1101,10.0
1,0.7618,1101,10.0
0,2.5402,1101,10.0
0,2.3359,1101,10.0
1,2.3807,1101,10.0
1,1.2448,1101,10.0
1,1.2565,1101,10.0
1,2.3411,1101,10.0
1,0.977,1101,10.0
1,0.9027,1101,0.05
0,1.0163,1101,0.05
1,0.8976,1101,0.05
0,2.0652,1101,0.05
1,0.9545,1101,0.05
1,0.8358,1101,0.05
0,1.5039,1101,0.05
0,1.8696,1101,0.05
0,1.0739,1101,10.0
0,1.2602,1101,10.0
1,0.8786,1101,10.0
1,1.1583,1101,10.0
1,1.0444,1101,10.0
0,1.8179,1101,0.05
1,1.0961,1101,0.05
1,0.7743,1101,0.05
1,0.7731,1101,0.05
1,1.111,1101,0.05
0,8.0951,1102,0.05
1,3.8354,1102,0.05
1,6.6486,1102,0.05
1,2.3686,1102,0.05
1,2.0831,1102,0.05
1,4.7341,1102,0.05
0,2.7088,1102,0.05
1,1.6861,1102,0.05
1,2.1681,1102,10.0
1,4.2167,1102,10.0
1,6.6871,1102,10.0
1,1.797,1102,10.0
1,2.5035,1102,10.0
1,6.6768,1102,10.0
1,1.5394,1102,10.0
1,5.0623,1102,10.0
0,2.7581,1102,10.0
0,5.6444,1102,10.0
1,3.4902,1102,10.0
1,4.2788,1102,10.0
1,2.6391,1102,10.0
1,5.1902,1102,10.0
1,4.8789,1102,10.0
1,4.1108,1102,10.0
1,3.3233,1102,10.0
1,2.5891,1102,10.0
1,3.5442,1102,10.0
0,6.8986,1102,10.0
1,2.9606,1102,0.05
1,1.3104,1102,0.05
1,5.2688,1102,0.05
1,2.567,1102,0.05
1,3.9271,1102,0.05
1,1.7128,1102,0.05
0,4.507,1102,0.05
1,8.1447,1102,0.05
0,2.012,1102,0.05
1,1.5469,1102,0.05
1,2.0684,1102,0.05
1,3.6601,1102,0.05
1,3.1491,1102,0.05
0,4.495,1102,0.05
1,4.6655,1102,0.05
1,2.1834,1102,0.05
0,4.8146,1102,0.05
0,4.2273,1102,0.05
1,5.4621,1102,0.05
1,1.4479,1102,0.05
1,3.2202,1102,0.05
1,2.0831,1102,0.05
1,2.5983,1102,0.05
1,3.0936,1102,0.05
1,2.1015,1102,0.05
1,2.0494,1102,0.05
0,3.9533,1102,0.05
1,1.5879,1102,0.05
1,3.9474,1102,0.05
1,1.1964,1102,0.05
0,4.3617,1102,0.05
1,1.3993,1102,0.05
1,5.716,1102,10.0
0,6.1063,1102,10.0
0,1.4088,1102,10.0
0,2.7026,1102,10.0
1,1.4058,1102,10.0
0,1.6765,1102,10.0
1,2.3629,1102,10.0
1,2.7289,1102,10.0
1,3.0438,1102,10.0
1,2.0279,1102,10.0
1,1.1929,1102,10.0
0,2.7773,1102,10.0
1,1.5938,1102,10.0
1,1.6428,1102,10.0
1,4.0922,1102,10.0
1,1.3385,1102,10.0
1,1.795,1103,0.05
1,3.209,1103,0.05
1,3.084,1103,0.05
1,6.763,1103,0.05
1,2.882,1103,0.05
0,5.608,1103,0.05
0,4.296,1103,0.05
0,3.755,1103,0.05
1,4.472,1103,0.05
0,3.363,1103,0.05
1,2.312,1103,0.05
1,1.843,1103,0.05
1,1.886,1103,10.0
1,4.272,1103,10.0
1,2.244,1103,10.0
1,4.244,1103,10.0
1,1.921,1103,10.0
1,2.418,1103,10.0
1,2.348,1103,10.0
1,1.355,1103,0.05
1,1.496,1103,0.05
1,1.915,1103,0.05
1,2.564,1103,0.05
0,2.172,1103,0.05
0,4.708,1103,0.05
1,7.653,1103,0.05
1,2.543,1103,0.05
0,4.601,1103,0.05
0,1.547,1103,0.05
1,1.619,1103,0.05
1,3.437,1103,0.05
1,2.62,1103,0.05
1,2.121,1103,0.05
1,4.28,1103,0.05
1,3.933,1103,10.0
1,7.202,1103,10.0
1,2.42,1103,10.0
1,1.886,1103,10.0
1,1.825,1103,10.0
1,3.353,1103,10.0
0,6.7,1103,10.0
1,4.529,1103,10.0
1,1.519,1103,10.0
1,3.562,1103,10.0
1,2.063,1103,0.05
1,0.975,1103,0.05
1,0.892,1103,0.05
0,1.972,1103,0.05
1,0.887,1103,0.05
1,1.619,1103,0.05
1,2.229,1103,0.05
1,1.302,1103,0.05
1,3.051,1103,10.0
1,6.122,1103,10.0
0,6.366,1103,10.0
1,1.326,1103,10.0
0,1.102,1103,10.0
1,4.433,1103,10.0
1,0.972,1103,10.0
1,2.837,1103,10.0
1,3.567,1103,0.05
0,1.9,1103,0.05
1,6.02,1103,0.05
1,2.223,1103,0.05
1,4.499,1103,0.05
1,1.234,1103,0.05
1,2.607,1103,0.05
1,1.299,1103,0.05
1,2.7333,1104,10.0
1,1.9335,1104,10.0
1,2.4597,1104,10.0
1,3.8067,1104,10.0
0,3.6471,1104,10.0
1,3.2117,1104,10.0
0,3.5511,1104,10.0
1,3.7453,1104,10.0
1,1.8479,1104,10.0
0,3.5064,1104,10.0
1,2.5481,1104,10.0
1,2.4794,1104,10.0
1,2.4826,1104,10.0
1,2.7647,1104,10.0
1,1.2054,1104,10.0
0,1.313,1104,10.0
1,3.7387,1104,0.05
1,1.4838,1104,0.05
1,1.4368,1104,0.05
1,1.9208,1104,0.05
1,6.4025,1104,0.05
1,1.2007,1104,0.05
1,2.184,1104,0.05
0,3.2173,1104,0.05
0,1.2258,1104,0.05
1,1.0875,1104,0.05
1,1.6754,1104,0.05
1,2.3483,1104,0.05
1,3.7642,1104,0.05
1,2.1477,1104,0.05
0,3.673,1104,0.05
1,1.2685,1104,0.05
1,6.1633,1104,0.05
1,4.0478,1104,0.05
1,1.5833,1104,0.05
1,1.5694,1104,0.05
1,3.0133,1104,0.05
0,6.0104,1104,0.05
1,3.2142,1104,0.05
1,6.6842,1104,0.05
1,1.9803,1104,10.0
0,3.8475,1104,10.0
1,2.2471,1104,10.0
0,4.5974,1104,10.0
0,2.6473,1104,10.0
0,2.1295,1104,10.0
1,3.1176,1104,10.0
1,3.2982,1104,10.0
0,5.3639,1104,10.0
1,2.2932,1104,10.0
1,6.1182,1104,10.0
0,6.422,1104,10.0
1,1.7322,1104,10.0
1,6.4277,1104,10.0
1,2.8449,1104,10.0
0,6.5657,1104,10.0
1,3.3265,1104,0.05
1,1.7649,1104,0.05
1,2.7423,1104,10.0
0,6.1576,1104,10.0
1,2.3157,1104,10.0
1,2.8467,1104,10.0
1,5.8273,1104,10.0
1,4.7633,1104,10.0
1,5.4957,1104,10.0
1,1.7486,1104,10.0
1,2.1328,1104,10.0
0,1.9658,1104,10.0
1,4.05,1104,10.0
1,2.9539,1104,10.0
1,2.8644,1104,10.0
1,5.0836,1104,0.05
1,1.775,1105,0.05
0,1.617,1105,0.05
1,1.176,1105,0.05
1,1.496,1105,0.05
1,1.009,1105,0.05
1,0.851,1105,0.05
1,0.797,1105,0.05
0,0.817,1105,0.05
0,1.997,1105,10.0
1,1.666,1105,10.0
0,0.761,1105,10.0
0,0.696,1105,10.0
1,2.332,1105,10.0
1,1.478,1105,10.0
1,1.098,1105,10.0
1,1.175,1105,10.0
1,1.306,1105,10.0
1,1.377,1105,10.0
0,1.335,1105,10.0
1,1.118,1105,10.0
1,2.531,1105,10.0
0,2.317,1105,10.0
1,1.229,1105,10.0
1,1.349,1105,10.0
1,1.942,1105,0.05
1,1.086,1105,0.05
1,1.299,1105,0.05
1,1.103,1105,0.05
1,1.064,1105,0.05
0,0.985,1105,0.05
1,1.432,1105,0.05
0,1.285,1105,0.05
0,1.684,1105,0.05
1,1.618,1105,0.05
1,1.262,1105,0.05
1,1.109,1105,0.05
1,1.31,1105,0.05
0,0.944,1105,0.05
1,1.762,1105,0.05
0,1.718,1105,0.05
1,1.786,1105,0.05
0,1.132,1105,0.05
0,1.167,1105,0.05
1,1.18,1105,0.05
0,1.754,1105,0.05
1,1.352,1105,0.05
1,1.41,1105,0.05
0,1.617,1105,0.05
1,2.511,1105,10.0
1,0.928,1105,10.0
0,1.163,1105,10.0
0,1.997,1105,10.0
0,1.53,1105,10.0
1,1.078,1105,10.0
1,1.276,1105,10.0
0,1.193,1105,10.0
1,1.428,1105,10.0
1,1.131,1105,10.0
1,1.531,1105,10.0
0,1.31,1105,10.0
1,2.41,1105,10.0
1,1.263,1105,10.0
0,2.014,1105,10.0
1,2.173,1105,10.0
1,1.151,1105,10.0
0,1.717,1105,10.0
1,1.397,1105,10.0
0,2.236,1105,10.0
1,1.11,1105,10.0
0,1.541,1105,0.05
1,1.018,1105,0.05
0,1.365,1105,0.05
0,1.797,1105,0.05
1,1.196,1105,0.05
1,2.077,1105,0.05
0,1.531,1105,0.05
1,1.442,1105,0.05
1,1.041,1105,0.05
0,2.129,1105,0.05
0,1.529,1105,0.05
1,2.363,1105,0.05
1,2.484,1105,0.05
1,1.018,1105,0.05
1,1.774,1105,10.0
0,2.25,1105,10.0
1,2.53,1105,10.0
1,1.131,1105,10.0
0,1.0186,1106,10.0
1,1.3395,1106,10.0
1,1.7853,1106,10.0
0,1.9879,1106,10.0
1,1.9243,1106,10.0
1,1.1032,1106,10.0
0,2.0274,1106,0.05
1,1.1681,1106,0.05
1,0.8083,1106,0.05
1,1.213,1106,0.05
1,1.3612,1106,0.05
1,1.6243,1106,0.05
1,0.9878,1106,0.05
0,2.0426,1106,0.05
0,2.0172,1106,0.05
1,1.3924,1106,0.05
0,0.9752,1106,0.05
0,0.9259,1106,0.05
1,1.0345,1106,0.05
0,1.6824,1106,10.0
1,0.9273,1106,10.0
1,0.9024,1106,10.0
1,2.0479,1106,10.0
1,0.8068,1106,10.0
0,1.5928,1106,10.0
0,0.9563,1106,10.0
1,1.4953,1106,10.0
0,1.8752,1106,10.0
1,1.726,1106,10.0
1,1.8538,1106,10.0
1,1.7467,1106,10.0
1,1.7972,1106,10.0
1,2.1446,1106,10.0
0,1.7156,1106,10.0
1,1.126,1106,10.0
0,1.5601,1106,0.05
0,2.5724,1106,0.05
1,1.7091,1106,0.05
1,1.1985,1106,0.05
1,0.9342,1106,0.05
1,1.3093,1106,0.05
1,0.8636,1106,0.05
1,0.9087,1106,0.05
1,1.1474,1106,0.05
1,1.1284,1106,0.05
0,1.9312,1106,0.05
1,0.8475,1106,0.05
1,1.3153,1106,0.05
1,1.0976,1106,0.05
0,0.9734,1106,0.05
1,1.247,1106,0.05
1,1.5344,1106,0.05
1,2.1738,1106,10.0
1,0.7733,1106,10.0
1,0.8669,1106,10.0
0,0.9158,1106,10.0
1,1.4261,1106,10.0
0,1.1079,1106,10.0
1,0.8025,1106,10.0
0,1.064,1106,10.0
0,1.0714,1106,0.05
1,0.8976,1106,0.05
1,0.7681,1106,0.05
1,0.8674,1106,0.05
0,0.7485,1106,0.05
0,0.6965,1106,0.05
0,0.919,1106,0.05
1,0.6483,1106,0.05
1,1.2523,1106,10.0
1,1.1093,1106,10.0
1,0.9976,1106,10.0
1,2.2453,1106,10.0
1,0.9985,1106,10.0
0,2.3446,1106,10.0
1,0.999,1106,10.0
0,1.7242,1106,10.0
1,2.4355,1107,0.05
1,4.1726,1107,0.05
0,4.0729,1107,0.05
1,2.585,1107,0.05
1,1.4628,1107,0.05
1,2.3854,1107,0.05
1,1.8697,1107,0.05
0,2.1351,1107,0.05
1,2.5546,1107,10.0
1,3.9089,1107,10.0
0,2.0055,1107,10.0
1,2.0976,1107,10.0
0,2.5801,1107,10.0
0,2.2362,1107,10.0
1,2.2866,1107,10.0
1,2.2892,1107,0.05
0,4.2675,1107,0.05
1,1.5008,1107,0.05
1,3.3723,1107,0.05
1,2.6748,1107,0.05
0,4.6637,1107,0.05
0,4.7574,1107,0.05
1,2.9862,1107,0.05
1,4.576,1107,10.0
1,1.4161,1107,10.0
1,2.0311,1107,10.0
1,1.6531,1107,10.0
1,2.0857,1107,10.0
1,1.5056,1107,10.0
1,2.856,1107,10.0
0,2.9707,1107,10.0
1,2.7512,1107,0.05
1,2.5716,1107,0.05
1,1.6966,1107,0.05
0,4.2596,1107,0.05
1,1.755,1107,0.05
1,4.0351,1107,0.05
0,1.4046,1107,0.05
1,4.8085,1107,0.05
0,1.606,1107,0.05
1,1.6774,1107,0.05
1,2.7129,1107,0.05
1,1.3989,1107,0.05
0,2.6408,1107,0.05
1,1.255,1107,0.05
0,1.7366,1107,0.05
0,5.6989,1107,10.0
1,1.8555,1107,10.0
1,1.4705,1107,10.0
1,2.8348,1107,10.0
0,3.2249,1107,10.0
1,2.3402,1107,10.0
1,5.3362,1107,10.0
0,1.3729,1107,10.0
1,6.2168,1107,10.0
0,2.7953,1107,10.0
1,3.1578,1107,10.0
1,1.5169,1107,10.0
1,3.5275,1107,0.05
1,1.5431,1107,0.05
1,1.9714,1107,0.05
1,2.4516,1107,0.05
1,3.2521,1107,0.05
0,2.71,1107,0.05
0,2.8503,1107,0.05
0,2.4048,1107,0.05
1,3.6036,1107,10.0
1,1.8912,1107,10.0
1,2.0267,1107,10.0
1,4.1745,1107,10.0
0,4.7211,1107,10.0
1,5.3851,1107,10.0
1,1.6026,1107,10.0
1,1.8264,1107,10.0
1,2.2377,1107,10.0
0,1.9546,1107,10.0
1,1.9464,1107,10.0
1,1.7441,1107,10.0
0,1.5048,1107,10.0
0,1.3229,1107,10.0
1,3.4684,1107,10.0
1,1.6526,1107,0.05
1,4.1956,1107,0.05
1,5.7743,1107,0.05
1,1.9394,1107,0.05
1,1.109,1107,0.05
0,2.3355,1107,0.05
1,4.3821,1108,10.0
1,3.3003,1108,10.0
0,3.7684,1108,10.0
1,2.4838,1108,10.0
0,4.2176,1108,10.0
1,2.151,1108,10.0
0,5.5006,1108,10.0
1,2.9131,1108,0.05
1,2.2844,1108,0.05
1,2.3462,1108,0.05
1,4.9661,1108,0.05
1,3.6671,1108,0.05
1,2.1503,1108,0.05
0,4.1621,1108,0.05
1,2.3995,1108,0.05
1,1.7315,1108,0.05
1,3.2505,1108,0.05
0,2.4354,1108,0.05
1,3.2847,1108,0.05
1,5.2169,1108,0.05
1,2.0683,1108,10.0
1,2.551,1108,10.0
1,2.6184,1108,10.0
1,2.2852,1108,10.0
1,3.2834,1108,10.0
0,2.3637,1108,10.0
1,5.1855,1108,0.05
1,2.6508,1108,0.05
1,2.2824,1108,0.05
1,2.4831,1108,0.05
1,2.3804,1108,10.0
1,4.8485,1108,10.0
1,2.2008,1108,10.0
1,3.4506,1108,10.0
1,5.2351,1108,10.0
1,3.5348,1108,10.0
1,2.1343,1108,10.0
1,1.9804,1108,10.0
1,2.7172,1108,10.0
1,3.5831,1108,10.0
0,5.6177,1108,10.0
0,1.7671,1108,10.0
1,1.8335,1108,10.0
1,2.0666,1108,10.0
0,2.1666,1108,10.0
1,2.1993,1108,10.0
1,3.733,1108,10.0
1,1.7835,1108,0.05
1,2.566,1108,0.05
1,1.3844,1108,0.05
0,2.5175,1108,0.05
1,2.3506,1108,0.05
0,3.0517,1108,0.05
1,2.6843,1108,0.05
1,1.535,1108,10.0
1,1.4165,1108,10.0
1,0.9687,1108,10.0
1,1.4672,1108,10.0
1,3.0193,1108,10.0
0,3.9334,1108,10.0
1,1.4146,1108,10.0
1,5.8327,1108,10.0
1,1.1159,1108,0.05
1,1.5499,1108,0.05
1,1.8841,1108,0.05
1,2.5689,1108,0.05
1,2.3679,1108,0.05
1,1.3332,1108,0.05
1,1.9693,1108,0.05
0,4.1176,1108,0.05
1,2.035,1109,10.0
0,2.67,1109,10.0
1,1.473,1109,10.0
0,3.68,1109,10.0
1,2.052,1109,10.0
1,1.982,1109,10.0
0,1.756,1109,10.0
1,4.546,1109,10.0
1,2.021,1109,0.05
0,4.123,1109,0.05
1,1.799,1109,0.05
1,3.011,1109,0.05
1,2.388,1109,0.05
1,2.559,1109,0.05
1,2.609,1109,0.05
0,2.196,1109,0.05
1,2.843,1109,0.05
1,3.606,1109,0.05
0,3.169,1109,0.05
1,1.886,1109,0.05
1,4.525,1109,0.05
1,5.615,1109,0.05
0,4.998,1109,0.05
1,1.623,1109,0.05
1,1.729,1109,10.0
1,6.147,1109,10.0
1,6.031,1109,10.0
1,3.334,1109,10.0
1,5.933,1109,10.0
0,1.558,1109,10.0
1,2.175,1109,10.0
1,3.936,1109,0.05
1,2.635,1109,0.05
1,1.498,1109,0.05
1,7.896,1109,0.05
1,2.123,1109,0.05
1,2.031,1109,0.05
1,3.489,1109,0.05
1,2.764,1109,0.05
0,4.374,1109,0.05
1,2.35,1109,0.05
1,1.142,1109,0.05
1,3.314,1109,0.05
1,2.106,1109,0.05
1,2.475,1109,0.05
0,3.931,1109,0.05
1,4.273,1109,0.05
1,1.209,1109,10.0
1,3.526,1109,10.0
1,6.122,1109,10.0
1,3.893,1109,10.0
0,5.954,1109,10.0
1,4.706,1109,10.0
1,7.308,1109,10.0
0,4.082,1109,10.0
0,2.805,1109,10.0
0,7.067,1109,10.0
1,3.805,1109,10.0
1,1.827,1109,10.0
0,5.33,1109,10.0
1,2.16,1109,10.0
1,3.833,1109,10.0
1,2.294,1109,10.0
1,6.019,1109,10.0
1,2.464,1109,10.0
0,5.229,1109,10.0
1,4.404,1109,10.0
1,4.756,1109,10.0
1,1.546,1109,10.0
1,2.886,1109,0.05
1,2.703,1109,0.05
0,2.351,1109,0.05
1,4.711,1109,0.05
1,2.604,1109,0.05
1,2.633,1109,0.05
1,4.156,1109,0.05
1,1.804,1109,0.05
0,1.223,1109,0.05
1,1.971,1109,0.05
0,4.121,1109,0.05
1,3.83,1109,0.05
0,5.52,1109,0.05
1,2.056,1109,0.05
1,4.35,1109,0.05
1,3.645,1109,0.05
1,3.015,1109,10.0
1,3.627,1109,10.0
1,6.103,1109,10.0
0,5.455,1109,10.0
1,5.954,1109,10.0
1,3.653,1109,10.0
0,3.134,1109,10.0
0,3.071,1109,10.0
1,2.1641,1111,0.05
1,2.2568,1111,0.05
1,1.2595,1111,0.05
0,2.636,1111,0.05
1,1.6379,1111,0.05
1,2.1062,1111,0.05
1,2.5566,1111,0.05
1,4.5468,1111,0.05
1,1.4381,1111,0.05
1,1.3972,1111,0.05
1,2.3111,1111,0.05
0,2.8391,1111,0.05
1,4.6243,1111,10.0
1,1.6132,1111,10.0
1,1.096,1111,10.0
1,1.6779,1111,10.0
1,4.1052,1111,10.0
0,1.8208,1111,10.0
1,1.9939,1111,10.0
0,2.4699,1111,10.0
1,1.32,1111,10.0
1,1.2793,1111,10.0
1,1.7822,1111,10.0
1,1.6099,1111,10.0
1,2.2232,1111,10.0
1,1.4112,1111,10.0
1,3.8129,1111,10.0
0,3.0863,1111,10.0
0,1.5883,1111,10.0
1,1.1213,1111,10.0
0,3.6888,1111,10.0
0,1.5207,1111,10.0
1,3.0327,1111,10.0
0,0.8215,1111,0.05
1,1.7206,1111,0.05
0,2.7732,1111,0.05
1,1.8717,1111,0.05
1,1.9259,1111,0.05
0,1.8942,1111,0.05
1,1.133,1111,0.05
1,0.8681,1111,0.05
1,0.9452,1111,0.05
1,1.5139,1111,0.05
0,1.0641,1111,0.05
1,0.7391,1111,0.05
0,0.8855,1111,0.05
1,1.2748,1111,0.05
1,1.1929,1111,10.0
0,1.2807,1111,10.0
1,1.3406,1111,10.0
1,0.8292,1111,10.0
1,0.8624,1111,10.0
0,1.1116,1111,10.0
0,0.8773,1111,10.0
1,1.1239,1111,10.0
1,0.7395,1111,10.0
0,0.7484,1111,10.0
1,0.7372,1111,10.0
0,0.6275,1111,10.0
1,0.965,1111,10.0
1,0.6957,1111,10.0
0,0.7247,1111,10.0
0,0.6013,1111,10.0
1,0.8503,1111,0.05
1,0.8027,1111,0.05
1,0.9102,1111,0.05
0,0.7208,1111,0.05
0,0.9096,1111,0.05
1,0.7249,1111,0.05
0,0.9093,1111,0.05
0,0.7574,1111,0.05
0,1.1096,1112,0.05
1,1.1798,1112,0.05
1,1.9654,1112,0.05
1,1.6729,1112,0.05
0,2.9489,1112,0.05
0,1.0899,1112,0.05
0,5.0298,1112,0.05
1,1.0939,1112,0.05
0,1.5107,1112,0.05
0,1.5188,1112,0.05
1,1.4922,1112,0.05
1,1.6341,1112,0.05
1,1.8559,1112,0.05
1,1.3774,1112,0.05
1,0.9267,1112,0.05
1,1.9563,1112,10.0
1,1.1735,1112,10.0
1,3.1603,1112,10.0
1,1.3777,1112,0.05
0,0.809,1112,0.05
0,0.7894,1112,0.05
1,2.1779,1112,0.05
0,2.2257,1112,0.05
0,1.2449,1112,0.05
1,1.0896,1112,0.05
1,3.2351,1112,10.0
1,12.8341,1112,10.0
1,1.2264,1112,0.05
1,2.2301,1112,0.05
1,2.1176,1112,0.05
1,1.1454,1112,0.05
1,2.3394,1112,0.05
0,0.899,1112,0.05
1,1.1019,1112,0.05
0,1.8249,1112,0.05
0,0.7393,1112,0.05
0,1.0145,1112,0.05
1,1.1396,1112,0.05
1,1.4646,1112,0.05
1,1.0169,1112,0.05
1,0.9934,1112,0.05
1,0.8676,1112,0.05
0,0.8621,1112,0.05
1,1.022,1112,0.05
1,0.7106,1112,0.05
1,0.9318,1112,0.05
0,1.0979,1112,0.05
0,0.8819,1112,0.05
0,0.9696,1112,0.05
1,0.9515,1112,0.05
1,3.4534,1112,10.0
0,1.6136,1113,0.05
0,2.4888,1113,0.05
1,1.1775,1113,0.05
1,2.6764,1113,0.05
1,1.538,1113,0.05
0,1.9275,1113,0.05
1,1.2443,1113,0.05
1,2.0343,1113,0.05
1,1.618,1113,0.05
1,1.5529,1113,0.05
1,1.8791,1113,0.05
1,1.2432,1113,0.05
1,1.3027,1113,0.05
1,3.0166,1113,0.05
0,1.2288,1113,0.05
1,1.4755,1113,0.05
1,1.8069,1113,10.0
1,1.8063,1113,10.0
0,1.4955,1113,10.0
1,1.6575,1113,10.0
1,1.5889,1113,10.0
0,1.5139,1113,10.0
1,2.1323,1113,10.0
1,1.5338,1113,10.0
1,1.2604,1113,10.0
1,1.7834,1113,10.0
1,2.5472,1113,10.0
1,1.962,1113,10.0
1,2.7061,1113,10.0
0,1.2733,1113,10.0
0,1.5219,1113,10.0
1,2.5656,1113,10.0
0,2.8941,1113,10.0
1,2.2829,1113,10.0
0,2.5379,1113,10.0
1,1.8494,1113,10.0
1,2.1632,1113,10.0
1,2.9916,1113,0.05
1,1.7669,1113,0.05
1,1.7741,1113,0.05
1,2.357,1113,0.05
0,1.41,1113,0.05
1,1.2658,1113,0.05
1,1.0808,1113,0.05
1,1.0087,1113,0.05
1,1.6709,1113,0.05
1,1.5612,1113,0.05
0,2.0964,1113,0.05
1,2.1696,1113,0.05
1,1.4656,1113,0.05
1,1.9596,1113,0.05
1,2.3079,1113,0.05
1,2.9886,1113,0.05
1,1.8822,1113,0.05
1,2.4229,1113,0.05
1,1.5536,1113,0.05
1,2.0713,1113,0.05
1,1.9486,1113,10.0
1,1.8005,1113,10.0
1,2.2461,1113,10.0
1,1.6341,1113,10.0
1,2.7833,1113,10.0
1,1.9247,1113,10.0
1,2.1383,1113,10.0
1,1.6563,1113,10.0
1,1.4512,1113,0.05
0,2.087,1113,0.05
1,1.2488,1113,0.05
1,1.8611,1113,0.05
1,1.3883,1113,0.05
1,1.4409,1113,0.05
1,1.4942,1113,0.05
0,1.7855,1113,0.05
0,1.3936,1113,10.0
1,1.2938,1113,10.0
1,1.3294,1113,10.0
1,1.5069,1113,10.0
1,1.3452,1113,10.0
0,2.321,1113,10.0
1,2.1093,1113,10.0
